country_code,indicator,year,value
ZMB,WHOSIS_000001,2008,55.35570144
BOL,WHOSIS_000001,2017,72.44784311
KEN,WHOSIS_000001,2003,54.91168271
SWE,WHOSIS_000001,2007,80.77300072
CHE,WHOSIS_000001,2018,83.28963498
MYS,WHOSIS_000001,2020,76.78965822
MOZ,WHOSIS_000001,2008,53.06339796
LKA,WHOSIS_000001,2017,76.91196371
HTI,WHOSIS_000001,2001,57.13290254
BRA,WHOSIS_000001,2013,74.42169527
PNG,WHOSIS_000001,2003,63.55882521
SUR,WHOSIS_000001,2003,70.50252643
MDG,WHOSIS_000001,2004,60.11149963
SEAR,WHOSIS_000001,2021,68.36682977
ZWE,WHOSIS_000001,2015,57.4934476
OMN,WHOSIS_000001,2018,74.96470035
FJI,WHOSIS_000001,2004,67.12182465
TON,WHOSIS_000001,2003,71.25830559
MMR,WHOSIS_000001,2008,56.90830711
MLI,WHOSIS_000001,2004,55.6927022
IRN,WHOSIS_000001,2003,73.34953209
JAM,WHOSIS_000001,2004,73.7183442
MRT,WHOSIS_000001,2016,69.65770027
HUN,WHOSIS_000001,2006,73.37194198
AUT,WHOSIS_000001,2003,78.62740132
SOM,WHOSIS_000001,2000,49.28203144
BHS,WHOSIS_000001,2002,71.58107452
FJI,WHOSIS_000001,2011,67.39745191
HTI,WHOSIS_000001,2020,63.41051389
BFA,WHOSIS_000001,2020,62.92621842
TZA,WHOSIS_000001,2004,55.69111865
GNQ,WHOSIS_000001,2013,60.96850359
LBY,WHOSIS_000001,2006,74.61102298
VUT,WHOSIS_000001,2010,66.08385743
BIH,WHOSIS_000001,2020,75.70792926
ZAF,WHOSIS_000001,2015,63.26267522
DOM,WHOSIS_000001,2008,73.27970118
EST,WHOSIS_000001,2000,70.96926531
COD,WHOSIS_000001,2007,55.97784827
JAM,WHOSIS_000001,2017,72.33086714
BRA,WHOSIS_000001,2016,74.56188231
MRT,WHOSIS_000001,2002,64.15779119
WB_HI,WHOSIS_000001,2006,78.9430904
GEO,WHOSIS_000001,2009,71.32156688
SGP,WHOSIS_000001,2004,80.33727579
LBN,WHOSIS_000001,2019,79.28679608
SAU,WHOSIS_000001,2018,76.81092084
CZE,WHOSIS_000001,2015,78.48257933
ZMB,WHOSIS_000001,2013,59.35535185
EST,WHOSIS_000001,2011,76.28720152
MDA,WHOSIS_000001,2014,71.10984715
LBR,WHOSIS_000001,2017,62.62958569
GNB,WHOSIS_000001,2005,52.21818539
YEM,WHOSIS_000001,2010,67.95702862
BLZ,WHOSIS_000001,2010,73.60567774
MOZ,WHOSIS_000001,2007,52.58518387
COD,WHOSIS_000001,2020,62.03594732
TUN,WHOSIS_000001,2010,76.21500138
STP,WHOSIS_000001,2002,64.65366231
MAR,WHOSIS_000001,2001,70.45857649
DJI,WHOSIS_000001,2019,65.43875202
NGA,WHOSIS_000001,2008,58.74901559
EGY,WHOSIS_000001,2020,70.12068297
FRA,WHOSIS_000001,2003,79.09102734
BGR,WHOSIS_000001,2011,74.07018001
BLZ,WHOSIS_000001,2016,74.39638983
LUX,WHOSIS_000001,2002,78.80641336
CRI,WHOSIS_000001,2013,80.59788537
MDG,WHOSIS_000001,2011,62.75965875
BOL,WHOSIS_000001,2002,67.18430642
MMR,WHOSIS_000001,2016,67.8624826
PRT,WHOSIS_000001,2002,77.14647451
BRA,WHOSIS_000001,2002,72.03662703
NOR,WHOSIS_000001,2011,80.96925391
ARE,WHOSIS_000001,2021,78.30645695
COM,WHOSIS_000001,2007,64.77430676
SEN,WHOSIS_000001,2007,63.89029063
GNB,WHOSIS_000001,2008,54.20231863
LAO,WHOSIS_000001,2020,68.74340275
GNB,WHOSIS_000001,2017,58.3521892
NPL,WHOSIS_000001,2008,69.03486842
LTU,WHOSIS_000001,2020,74.89538008
SYR,WHOSIS_000001,2016,60.12484476
SYR,WHOSIS_000001,2017,59.23626681
BDI,WHOSIS_000001,2010,59.59915923
YEM,WHOSIS_000001,2020,66.51267259
THA,WHOSIS_000001,2021,75.29014364
ECU,WHOSIS_000001,2014,76.8969622
FIN,WHOSIS_000001,2017,81.32143707
GLOBAL,WHOSIS_000001,2019,73.12337447
CAN,WHOSIS_000001,2004,79.85004413
KIR,WHOSIS_000001,2015,61.68537375
CIV,WHOSIS_000001,2018,62.90790762
LTU,WHOSIS_000001,2018,75.75173506
CZE,WHOSIS_000001,2009,77.27519564
SSD,WHOSIS_000001,2017,58.88284459
WB_UMI,WHOSIS_000001,2011,73.48016867
FJI,WHOSIS_000001,2003,66.62544107
WB_HI,WHOSIS_000001,2005,78.55484133
YEM,WHOSIS_000001,2012,68.26819831
IDN,WHOSIS_000001,2003,67.84714276
CIV,WHOSIS_000001,2020,63.31088991
JOR,WHOSIS_000001,2021,75.64973596
HTI,WHOSIS_000001,2013,61.91874198
PAN,WHOSIS_000001,2011,77.51683567
TKM,WHOSIS_000001,2018,69.07787312
CYP,WHOSIS_000001,2019,82.17744701
USA,WHOSIS_000001,2001,76.75000279
BLR,WHOSIS_000001,2004,68.80163482
SYC,WHOSIS_000001,2001,72.22760033
SWE,WHOSIS_000001,2005,80.4243719
EST,WHOSIS_000001,2010,75.84300326
ETH,WHOSIS_000001,2017,68.0726745
NIC,WHOSIS_000001,2000,76.18011127
LUX,WHOSIS_000001,2019,82.80168339
TJK,WHOSIS_000001,2011,70.42452045
NAM,WHOSIS_000001,2008,58.62203403
PSE,WHOSIS_000001,2016,74.99064876
TGO,WHOSIS_000001,2012,60.30947123
MDV,WHOSIS_000001,2012,75.84622735
CUB,WHOSIS_000001,2000,76.74758667
LCA,WHOSIS_000001,2000,73.2192679
TUN,WHOSIS_000001,2002,74.75755844
LKA,WHOSIS_000001,2000,71.51130083
COG,WHOSIS_000001,2016,62.56582962
GEO,WHOSIS_000001,2001,71.59125705
GNB,WHOSIS_000001,2011,55.96327117
LTU,WHOSIS_000001,2001,71.51538807
ERI,WHOSIS_000001,2011,60.90743675
TJK,WHOSIS_000001,2001,66.35716048
BRB,WHOSIS_000001,2017,76.33626177
DJI,WHOSIS_000001,2014,63.51525954
JOR,WHOSIS_000001,2019,79.7854181
GTM,WHOSIS_000001,2004,69.65899192
LVA,WHOSIS_000001,2012,73.86536335
BRB,WHOSIS_000001,2000,74.60503157
PRI,WHOSIS_000001,2018,80.71857467
PAN,WHOSIS_000001,2000,76.15178489
SUR,WHOSIS_000001,2021,69.78412349
GLOBAL,WHOSIS_000001,2004,67.95251087
WB_LI,WHOSIS_000001,2002,55.01066748
COG,WHOSIS_000001,2015,62.05475682
CZE,WHOSIS_000001,2011,77.78639074
SLV,WHOSIS_000001,2005,73.40349475
MDA,WHOSIS_000001,2006,66.7168869
KGZ,WHOSIS_000001,2016,72.67043609
UGA,WHOSIS_000001,2020,66.29850916
KIR,WHOSIS_000001,2019,62.13784891
MWI,WHOSIS_000001,2015,61.82512095
HRV,WHOSIS_000001,2004,75.62048664
AGO,WHOSIS_000001,2004,52.3558271
SVN,WHOSIS_000001,2015,80.46318817
CPV,WHOSIS_000001,2008,73.93039416
TTO,WHOSIS_000001,2006,72.20904818
CIV,WHOSIS_000001,2000,51.16878476
GRC,WHOSIS_000001,2012,80.23315335
POL,WHOSIS_000001,2000,73.69538073
EST,WHOSIS_000001,2015,77.63428878
NIC,WHOSIS_000001,2018,78.45090354
WB_LI,WHOSIS_000001,2015,62.58328954
CAF,WHOSIS_000001,2008,48.29879732
URY,WHOSIS_000001,2002,75.11068373
NER,WHOSIS_000001,2008,57.32288169
GHA,WHOSIS_000001,2014,63.96496972
LBN,WHOSIS_000001,2010,77.96731586
LBR,WHOSIS_000001,2005,57.55945739
TJK,WHOSIS_000001,2021,71.814877
ROU,WHOSIS_000001,2015,74.90936922
NPL,WHOSIS_000001,2014,70.19243321
VNM,WHOSIS_000001,2013,72.83984641
MNE,WHOSIS_000001,2012,76.17609575
ROU,WHOSIS_000001,2009,73.44267621
CAF,WHOSIS_000001,2019,52.93260744
BGR,WHOSIS_000001,2002,72.11466914
TUN,WHOSIS_000001,2009,76.07616117
SDN,WHOSIS_000001,2017,69.04016145
EGY,WHOSIS_000001,2006,69.56785371
PRI,WHOSIS_000001,2005,77.60317033
LAO,WHOSIS_000001,2014,66.43037564
LBY,WHOSIS_000001,2005,74.01467345
SWZ,WHOSIS_000001,2014,50.93411451
ZWE,WHOSIS_000001,2010,51.41783245
AGO,WHOSIS_000001,2005,53.34585395
BDI,WHOSIS_000001,2006,54.95514765
BFA,WHOSIS_000001,2006,55.97968949
TJK,WHOSIS_000001,2015,72.37216019
AUS,WHOSIS_000001,2018,83.02313357
GTM,WHOSIS_000001,2009,70.84468993
GLOBAL,WHOSIS_000001,2020,72.45043871
AUS,WHOSIS_000001,2015,82.287472
AUS,WHOSIS_000001,2008,81.32192176
EMR,WHOSIS_000001,2001,65.64591089
RWA,WHOSIS_000001,2013,66.2811484
PER,WHOSIS_000001,2003,76.35423675
IRQ,WHOSIS_000001,2015,71.00605468
CHE,WHOSIS_000001,2012,82.39224777
EMR,WHOSIS_000001,2007,67.21417049
SEN,WHOSIS_000001,2003,60.79093407
KGZ,WHOSIS_000001,2011,69.54394591
BLR,WHOSIS_000001,2016,73.8924593
HTI,WHOSIS_000001,2004,57.54298421
GAB,WHOSIS_000001,2014,63.76784225
WB_LI,WHOSIS_000001,2005,57.38958544
STP,WHOSIS_000001,2011,69.19904607
VNM,WHOSIS_000001,2021,73.7965773
LBY,WHOSIS_000001,2021,72.17844009
JOR,WHOSIS_000001,2017,79.14251842
ARE,WHOSIS_000001,2016,80.78348374
NOR,WHOSIS_000001,2001,78.74570455
GUY,WHOSIS_000001,2002,64.62860972
SOM,WHOSIS_000001,2020,55.12925544
AZE,WHOSIS_000001,2004,67.38631087
NAM,WHOSIS_000001,2010,60.12459181
LTU,WHOSIS_000001,2015,74.36612877
CYP,WHOSIS_000001,2012,81.61972744
FSM,WHOSIS_000001,2005,64.2139938
PER,WHOSIS_000001,2021,71.66727055
STP,WHOSIS_000001,2016,70.89699364
TZA,WHOSIS_000001,2011,62.26370092
ZAF,WHOSIS_000001,2001,55.86714584
SYC,WHOSIS_000001,2016,73.07491735
GRD,WHOSIS_000001,2018,72.78877041
DOM,WHOSIS_000001,2001,73.59849431
DEU,WHOSIS_000001,2021,80.49140555
SRB,WHOSIS_000001,2001,72.28188573
AUT,WHOSIS_000001,2010,80.39157197
PRY,WHOSIS_000001,2013,75.03958612
VCT,WHOSIS_000001,2011,73.21012386
USA,WHOSIS_000001,2019,78.73923827
TJK,WHOSIS_000001,2016,72.72427435
POL,WHOSIS_000001,2013,76.86531254
QAT,WHOSIS_000001,2003,70.55987989
ZAF,WHOSIS_000001,2013,62.08498269
MEX,WHOSIS_000001,2013,75.92944746
GHA,WHOSIS_000001,2018,65.51554359
PER,WHOSIS_000001,2014,80.00001335
CHE,WHOSIS_000001,2015,82.58994495
LAO,WHOSIS_000001,2011,65.03889894
AUT,WHOSIS_000001,2005,79.32619587
GUY,WHOSIS_000001,2013,66.2421095
CUB,WHOSIS_000001,2017,77.65330792
CHN,WHOSIS_000001,2014,76.19910536
LVA,WHOSIS_000001,2021,73.20251724
LUX,WHOSIS_000001,2016,82.55544194
PRK,WHOSIS_000001,2014,71.13791927
SVK,WHOSIS_000001,2004,74.14711692
IDN,WHOSIS_000001,2015,70.53899644
CUB,WHOSIS_000001,2004,77.44558258
PRY,WHOSIS_000001,2009,74.78626703
PAK,WHOSIS_000001,2012,64.82124843
BLZ,WHOSIS_000001,2007,73.05180238
PRK,WHOSIS_000001,2011,70.26241873
AFR,WHOSIS_000001,2002,53.8387504
MWI,WHOSIS_000001,2014,61.34710538
LAO,WHOSIS_000001,2007,62.60763355
USA,WHOSIS_000001,2015,78.61058161
CUB,WHOSIS_000001,2011,78.52888871
JAM,WHOSIS_000001,2021,70.1439437
LUX,WHOSIS_000001,2004,79.25868688
BGD,WHOSIS_000001,2001,65.95954098
ROU,WHOSIS_000001,2013,75.00346495
EST,WHOSIS_000001,2019,78.89055582
MEX,WHOSIS_000001,2006,75.33649525
GNQ,WHOSIS_000001,2006,57.74387549
MWI,WHOSIS_000001,2019,63.22930485
KOR,WHOSIS_000001,2008,79.90917941
BLR,WHOSIS_000001,2019,74.8186819
GIN,WHOSIS_000001,2009,57.8555884
UGA,WHOSIS_000001,2018,65.71888649
NLD,WHOSIS_000001,2016,81.34048104
IDN,WHOSIS_000001,2008,68.84079087
DOM,WHOSIS_000001,2006,72.80245873
CIV,WHOSIS_000001,2014,60.06789432
EMR,WHOSIS_000001,2021,68.48743553
ERI,WHOSIS_000001,2018,63.47224104
POL,WHOSIS_000001,2014,77.47281866
PRY,WHOSIS_000001,2006,74.82171264
DNK,WHOSIS_000001,2011,79.68812406
AUS,WHOSIS_000001,2000,79.69831946
PHL,WHOSIS_000001,2001,69.62976888
PRY,WHOSIS_000001,2017,75.34684774
CZE,WHOSIS_000001,2018,78.89195159
TZA,WHOSIS_000001,2005,56.55203228
GNQ,WHOSIS_000001,2017,61.20572328
PRT,WHOSIS_000001,2018,81.06316039
IRQ,WHOSIS_000001,2011,71.39863224
HRV,WHOSIS_000001,2006,76.02870627
CUB,WHOSIS_000001,2021,73.67333077
LVA,WHOSIS_000001,2003,70.55494078
GBR,WHOSIS_000001,2017,80.92411386
TON,WHOSIS_000001,2002,71.2515614
IDN,WHOSIS_000001,2006,68.40129097
ESP,WHOSIS_000001,2017,82.67579627
URY,WHOSIS_000001,2015,77.09925201
BRA,WHOSIS_000001,2003,72.30491342
FJI,WHOSIS_000001,2006,67.08069927
TON,WHOSIS_000001,2016,72.56032607
GLOBAL,WHOSIS_000001,2015,72.18568947
ATG,WHOSIS_000001,2016,75.54812509
WB_HI,WHOSIS_000001,2002,77.91958141
SUR,WHOSIS_000001,2000,70.55904903
UZB,WHOSIS_000001,2009,66.2800996
ECU,WHOSIS_000001,2017,77.31252311
NZL,WHOSIS_000001,2003,79.05551434
ALB,WHOSIS_000001,2013,77.77410839
ZWE,WHOSIS_000001,2021,58.48102238
RUS,WHOSIS_000001,2011,69.77052933
HTI,WHOSIS_000001,2005,58.63996581
BEN,WHOSIS_000001,2020,64.40363479
BFA,WHOSIS_000001,2005,55.19811279
KGZ,WHOSIS_000001,2000,65.93470005
WB_LI,WHOSIS_000001,2001,54.40413809
TCD,WHOSIS_000001,2011,56.17787256
SEAR,WHOSIS_000001,2007,66.92530001
TON,WHOSIS_000001,2021,72.72088222
HRV,WHOSIS_000001,2003,74.86052687
LTU,WHOSIS_000001,2003,71.84648999
PAK,WHOSIS_000001,2009,63.92267166
GRD,WHOSIS_000001,2008,70.92544169
DZA,WHOSIS_000001,2014,75.93393131
GNB,WHOSIS_000001,2003,51.43513822
MNE,WHOSIS_000001,2004,73.73506539
AMR,WHOSIS_000001,2001,74.30398059
VEN,WHOSIS_000001,2006,74.69093059
FSM,WHOSIS_000001,2003,64.10175678
CUB,WHOSIS_000001,2014,78.1433227
TON,WHOSIS_000001,2005,71.97193468
UKR,WHOSIS_000001,2018,72.71826067
MRT,WHOSIS_000001,2010,68.45329118
LKA,WHOSIS_000001,2015,76.44590803
VNM,WHOSIS_000001,2019,73.71007094
TUR,WHOSIS_000001,2019,77.61966184
SAU,WHOSIS_000001,2005,71.81634573
CYP,WHOSIS_000001,2018,82.05668584
TUN,WHOSIS_000001,2015,76.78627015
ECU,WHOSIS_000001,2006,73.97387898
ARM,WHOSIS_000001,2005,72.0754129
FIN,WHOSIS_000001,2003,78.41020069
TJK,WHOSIS_000001,2006,68.48925177
GHA,WHOSIS_000001,2001,59.15248936
CRI,WHOSIS_000001,2005,79.72199388
MDA,WHOSIS_000001,2017,72.85856435
PRY,WHOSIS_000001,2020,75.24817035
ZMB,WHOSIS_000001,2003,47.10240747
MEX,WHOSIS_000001,2015,75.93967708
SVK,WHOSIS_000001,2007,74.470327
CMR,WHOSIS_000001,2016,59.79056297
KOR,WHOSIS_000001,2007,79.37954426
COM,WHOSIS_000001,2020,68.30703432
COL,WHOSIS_000001,2005,74.43998835
CZE,WHOSIS_000001,2006,76.60775206
COD,WHOSIS_000001,2013,58.89523659
URY,WHOSIS_000001,2008,76.39345878
PRI,WHOSIS_000001,2000,76.24708096
ARM,WHOSIS_000001,2018,75.62030513
MWI,WHOSIS_000001,2011,58.10856356
CUB,WHOSIS_000001,2009,78.01983317
LVA,WHOSIS_000001,2002,70.10625692
IND,WHOSIS_000001,2020,70.1869093
CIV,WHOSIS_000001,2001,51.50148868
SVK,WHOSIS_000001,2013,76.47557345
URY,WHOSIS_000001,2016,76.84527198
WB_HI,WHOSIS_000001,2010,79.83143411
COG,WHOSIS_000001,2019,62.75844008
KEN,WHOSIS_000001,2001,54.33283599
LBN,WHOSIS_000001,2009,77.79033646
MUS,WHOSIS_000001,2008,72.86571029
PRI,WHOSIS_000001,2006,78.05684106
COG,WHOSIS_000001,2021,63.17262301
ARE,WHOSIS_000001,2000,78.11838329
KGZ,WHOSIS_000001,2005,67.04293061
MDV,WHOSIS_000001,2018,78.67792046
ESP,WHOSIS_000001,2000,79.09037288
NGA,WHOSIS_000001,2011,60.1981229
ITA,WHOSIS_000001,2015,82.20433624
MAR,WHOSIS_000001,2015,73.26259745
MDA,WHOSIS_000001,2000,65.65922366
SEN,WHOSIS_000001,2001,59.28989485
GEO,WHOSIS_000001,2016,72.63239027
IRQ,WHOSIS_000001,2018,73.06286041
MLT,WHOSIS_000001,2003,78.67686
EST,WHOSIS_000001,2009,75.04425699
SEN,WHOSIS_000001,2021,67.79198263
LCA,WHOSIS_000001,2017,76.138896
SLB,WHOSIS_000001,2007,63.76837921
WB_LMI,WHOSIS_000001,2019,69.57356781
LKA,WHOSIS_000001,2009,72.41934945
ALB,WHOSIS_000001,2016,77.87870915
SLV,WHOSIS_000001,2010,74.56329622
AFR,WHOSIS_000001,2017,63.36220568
IRN,WHOSIS_000001,2021,74.71077692
SSD,WHOSIS_000001,2003,54.40318481
TLS,WHOSIS_000001,2009,66.64368547
SWZ,WHOSIS_000001,2002,43.63857902
GNQ,WHOSIS_000001,2007,58.62674902
CAN,WHOSIS_000001,2009,80.88259979
ISR,WHOSIS_000001,2007,80.12300616
NLD,WHOSIS_000001,2013,81.11693502
IND,WHOSIS_000001,2009,67.04997477
ATG,WHOSIS_000001,2008,75.05552794
TLS,WHOSIS_000001,2019,68.49880356
GMB,WHOSIS_000001,2011,62.84614338
HTI,WHOSIS_000001,2015,62.5149437
AZE,WHOSIS_000001,2015,73.62700051
AFG,WHOSIS_000001,2012,59.92210578
HUN,WHOSIS_000001,2008,74.0004346
MKD,WHOSIS_000001,2005,73.73592756
PRI,WHOSIS_000001,2021,79.90294803
BGD,WHOSIS_000001,2006,68.09324389
CPV,WHOSIS_000001,2018,73.8583216
AZE,WHOSIS_000001,2003,66.74212235
JOR,WHOSIS_000001,2018,79.63154866
WPR,WHOSIS_000001,2018,77.3741563
WSM,WHOSIS_000001,2018,70.09269594
NER,WHOSIS_000001,2019,60.57303502
TUR,WHOSIS_000001,2001,74.03517034
PHL,WHOSIS_000001,2009,69.39723001
TON,WHOSIS_000001,2009,70.18279546
CMR,WHOSIS_000001,2010,56.78466995
GRD,WHOSIS_000001,2001,71.53484581
MKD,WHOSIS_000001,2017,75.98451895
PER,WHOSIS_000001,2009,78.11832326
LBN,WHOSIS_000001,2016,78.81840788
SVN,WHOSIS_000001,2013,80.1367942
KIR,WHOSIS_000001,2010,61.36040242
BLR,WHOSIS_000001,2005,68.69743153
DNK,WHOSIS_000001,2009,78.87762743
BHS,WHOSIS_000001,2014,72.64786335
BWA,WHOSIS_000001,2017,64.01180659
KIR,WHOSIS_000001,2004,60.91263256
TZA,WHOSIS_000001,2009,61.03787589
KIR,WHOSIS_000001,2021,60.87345633
NER,WHOSIS_000001,2010,58.29155093
MDV,WHOSIS_000001,2015,77.25297582
KWT,WHOSIS_000001,2015,81.44722022
PAK,WHOSIS_000001,2021,65.99092295
BGD,WHOSIS_000001,2021,73.10251672
MMR,WHOSIS_000001,2014,67.0395851
CPV,WHOSIS_000001,2021,73.16097765
FSM,WHOSIS_000001,2010,64.77779493
CMR,WHOSIS_000001,2014,58.43615921
STP,WHOSIS_000001,2014,70.26367532
CAN,WHOSIS_000001,2008,80.56313756
SYC,WHOSIS_000001,2021,74.01196664
DJI,WHOSIS_000001,2012,62.75529104
SYC,WHOSIS_000001,2019,73.12375678
DJI,WHOSIS_000001,2016,64.3388502
SLV,WHOSIS_000001,2014,73.8558025
SEAR,WHOSIS_000001,2003,65.44284512
USA,WHOSIS_000001,2012,78.77111574
COM,WHOSIS_000001,2005,64.27700657
TUR,WHOSIS_000001,2007,76.70654932
KIR,WHOSIS_000001,2016,61.75804085
MNE,WHOSIS_000001,2013,76.3576393
SSD,WHOSIS_000001,2002,53.71928707
NAM,WHOSIS_000001,2021,60.35994599
SRB,WHOSIS_000001,2004,72.65350507
BWA,WHOSIS_000001,2019,64.91884565
LUX,WHOSIS_000001,2010,81.17521457
GUY,WHOSIS_000001,2021,66.0777533
ESP,WHOSIS_000001,2012,81.9595375
LAO,WHOSIS_000001,2005,61.3511366
MAR,WHOSIS_000001,2002,70.73932756
QAT,WHOSIS_000001,2013,75.79521614
SWZ,WHOSIS_000001,2016,53.13250876
BHR,WHOSIS_000001,2001,70.36971635
LBN,WHOSIS_000001,2012,78.05803939
MLT,WHOSIS_000001,2007,79.64226641
ECU,WHOSIS_000001,2005,73.75770165
TUR,WHOSIS_000001,2020,76.17525576
VUT,WHOSIS_000001,2017,66.98064455
MDV,WHOSIS_000001,2014,76.80961188
PRY,WHOSIS_000001,2019,75.07903551
ALB,WHOSIS_000001,2007,74.53678554
NER,WHOSIS_000001,2021,59.97070525
JAM,WHOSIS_000001,2020,72.64037778
MDA,WHOSIS_000001,2003,66.19700504
VEN,WHOSIS_000001,2020,72.40374475
SEN,WHOSIS_000001,2000,58.6097114
SYC,WHOSIS_000001,2020,77.26435364
KHM,WHOSIS_000001,2000,59.10171682
SLB,WHOSIS_000001,2018,65.55013712
AGO,WHOSIS_000001,2017,62.03682911
TTO,WHOSIS_000001,2002,71.08783441
RUS,WHOSIS_000001,2013,70.69584464
SEAR,WHOSIS_000001,2001,64.52874216
JOR,WHOSIS_000001,2010,76.68909265
COM,WHOSIS_000001,2013,66.72653391
TZA,WHOSIS_000001,2012,63.07821297
VUT,WHOSIS_000001,2019,67.13030878
MNG,WHOSIS_000001,2007,66.37749458
BFA,WHOSIS_000001,2009,58.06655977
TLS,WHOSIS_000001,2011,67.28464088
DNK,WHOSIS_000001,2005,78.13130379
NGA,WHOSIS_000001,2006,57.55220397
BWA,WHOSIS_000001,2004,50.64076648
GIN,WHOSIS_000001,2016,59.83918056
VUT,WHOSIS_000001,2004,65.14603809
CZE,WHOSIS_000001,2004,75.78544673
GUY,WHOSIS_000001,2008,65.75519494
USA,WHOSIS_000001,2010,78.6069239
MNE,WHOSIS_000001,2014,76.62030337
NPL,WHOSIS_000001,2016,70.59248
PAK,WHOSIS_000001,2017,66.3818317
EMR,WHOSIS_000001,2012,68.39586296
SOM,WHOSIS_000001,2002,49.39676377
VCT,WHOSIS_000001,2005,72.5595686
CRI,WHOSIS_000001,2021,78.63053412
PHL,WHOSIS_000001,2014,69.80391436
USA,WHOSIS_000001,2007,77.94056193
MYS,WHOSIS_000001,2019,74.68410362
CUB,WHOSIS_000001,2007,78.10025005
NER,WHOSIS_000001,2002,51.88652859
MMR,WHOSIS_000001,2000,59.37966802
BEN,WHOSIS_000001,2018,63.73859672
DOM,WHOSIS_000001,2012,73.71953299
TKM,WHOSIS_000001,2013,69.11794049
KOR,WHOSIS_000001,2004,77.92814417
SLE,WHOSIS_000001,2000,49.78648969
FJI,WHOSIS_000001,2013,67.62910016
CUB,WHOSIS_000001,2016,78.14353782
SVN,WHOSIS_000001,2017,80.7898907
KOR,WHOSIS_000001,2017,83.09217588
CHL,WHOSIS_000001,2009,79.00490643
SGP,WHOSIS_000001,2020,83.99653626
ISL,WHOSIS_000001,2006,81.03602001
EMR,WHOSIS_000001,2017,69.50810208
ARG,WHOSIS_000001,2017,76.64354126
SEN,WHOSIS_000001,2019,68.76445374
EGY,WHOSIS_000001,2019,71.58973358
PER,WHOSIS_000001,2016,80.1644759
SEAR,WHOSIS_000001,2018,71.0517579
HND,WHOSIS_000001,2011,70.68279372
DJI,WHOSIS_000001,2003,59.65312998
UZB,WHOSIS_000001,2014,68.81484391
CAN,WHOSIS_000001,2010,81.14359407
BTN,WHOSIS_000001,2010,71.72710313
SYR,WHOSIS_000001,2010,73.76180647
TGO,WHOSIS_000001,2006,57.51444622
BHS,WHOSIS_000001,2006,72.66353382
ATG,WHOSIS_000001,2021,76.91527032
BTN,WHOSIS_000001,2001,67.18030943
EST,WHOSIS_000001,2003,71.87885357
FJI,WHOSIS_000001,2000,65.82507716
PNG,WHOSIS_000001,2013,65.47647701
SLV,WHOSIS_000001,2015,72.73292352
WB_UMI,WHOSIS_000001,2017,75.28837476
MLT,WHOSIS_000001,2015,81.67976101
GNB,WHOSIS_000001,2016,58.02773484
BWA,WHOSIS_000001,2011,58.41247242
GLOBAL,WHOSIS_000001,2011,70.93277488
BRA,WHOSIS_000001,2014,74.63621389
MDA,WHOSIS_000001,2002,66.13288732
PAN,WHOSIS_000001,2009,77.16899668
WB_LMI,WHOSIS_000001,2009,66.22674258
ALB,WHOSIS_000001,2005,74.20683098
WB_LI,WHOSIS_000001,2016,62.96122947
KWT,WHOSIS_000001,2004,78.50276726
TON,WHOSIS_000001,2006,72.01750935
NZL,WHOSIS_000001,2002,78.65902491
CRI,WHOSIS_000001,2002,78.85732142
DJI,WHOSIS_000001,2006,60.21901234
MKD,WHOSIS_000001,2011,74.96127325
POL,WHOSIS_000001,2010,76.23355347
MRT,WHOSIS_000001,2018,69.9973737
CMR,WHOSIS_000001,2009,56.2682285
BIH,WHOSIS_000001,2019,77.09808482
ROU,WHOSIS_000001,2018,75.12257592
CUB,WHOSIS_000001,2006,78.02512407
KEN,WHOSIS_000001,2013,63.11575218
BEN,WHOSIS_000001,2016,63.0021663
SWE,WHOSIS_000001,2012,81.46624768
CHN,WHOSIS_000001,2008,73.99659977
NZL,WHOSIS_000001,2009,80.56243651
BLR,WHOSIS_000001,2003,68.37573872
ROU,WHOSIS_000001,2004,71.76511513
ZWE,WHOSIS_000001,2005,45.7065362
MDA,WHOSIS_000001,2001,66.20689138
ETH,WHOSIS_000001,2014,66.55987824
FRA,WHOSIS_000001,2018,82.37708106
DOM,WHOSIS_000001,2018,73.52093617
TCD,WHOSIS_000001,2012,56.60362018
MDV,WHOSIS_000001,2005,72.865727
BEN,WHOSIS_000001,2002,58.09380517
IRL,WHOSIS_000001,2008,79.58286978
PRT,WHOSIS_000001,2013,80.52727852
ZAF,WHOSIS_000001,2020,64.30356494
LBN,WHOSIS_000001,2015,78.43741249
BDI,WHOSIS_000001,2014,62.32268744
ISR,WHOSIS_000001,2011,81.64888794
SOM,WHOSIS_000001,2010,49.52620758
GRC,WHOSIS_000001,2021,79.59785025
AFR,WHOSIS_000001,2021,63.55243899
SRB,WHOSIS_000001,2012,74.84163486
IND,WHOSIS_000001,2004,65.06317912
ECU,WHOSIS_000001,2003,73.9172371
ISR,WHOSIS_000001,2013,81.92176085
VNM,WHOSIS_000001,2002,72.06004934
PRT,WHOSIS_000001,2020,80.81837464
AFR,WHOSIS_000001,2009,58.84133306
PHL,WHOSIS_000001,2003,69.52481782
PRI,WHOSIS_000001,2015,80.5149692
AMR,WHOSIS_000001,2011,76.46212795
ARM,WHOSIS_000001,2004,72.03083518
NER,WHOSIS_000001,2011,58.60580875
DZA,WHOSIS_000001,2001,72.77159448
KAZ,WHOSIS_000001,2002,65.03142074
LCA,WHOSIS_000001,2012,76.39869599
NER,WHOSIS_000001,2018,60.43807872
HUN,WHOSIS_000001,2017,75.90176306
SLE,WHOSIS_000001,2002,51.28114602
BHS,WHOSIS_000001,2008,72.97662842
MDV,WHOSIS_000001,2007,73.714686
KGZ,WHOSIS_000001,2013,70.72932374
SDN,WHOSIS_000001,2010,66.94489813
PHL,WHOSIS_000001,2018,69.67627942
SYR,WHOSIS_000001,2009,73.73835464
PAK,WHOSIS_000001,2015,65.69975806
HRV,WHOSIS_000001,2012,77.35911283
SLV,WHOSIS_000001,2002,73.27326528
NLD,WHOSIS_000001,2014,81.45622695
BTN,WHOSIS_000001,2014,72.91360226
CHN,WHOSIS_000001,2003,71.68827313
SWZ,WHOSIS_000001,2001,44.97441053
CZE,WHOSIS_000001,2002,75.36384265
EMR,WHOSIS_000001,2006,66.88891361
DEU,WHOSIS_000001,2002,78.46153264
SLB,WHOSIS_000001,2014,64.95591891
GNB,WHOSIS_000001,2013,56.92169618
NGA,WHOSIS_000001,2002,54.96389545
NZL,WHOSIS_000001,2000,78.57519182
TUN,WHOSIS_000001,2020,77.12175333
TON,WHOSIS_000001,2000,70.95399808
SVK,WHOSIS_000001,2005,74.09775351
WPR,WHOSIS_000001,2003,72.71503181
GHA,WHOSIS_000001,2008,61.08557755
BEN,WHOSIS_000001,2009,60.99409615
ESP,WHOSIS_000001,2001,79.39483865
CIV,WHOSIS_000001,2019,63.48479652
CIV,WHOSIS_000001,2007,55.73160801
LTU,WHOSIS_000001,2008,71.62596428
CHL,WHOSIS_000001,2008,79.19803048
MMR,WHOSIS_000001,2021,67.84580637
GRC,WHOSIS_000001,2009,80.02249419
WB_UMI,WHOSIS_000001,2020,74.89743849
HND,WHOSIS_000001,2019,71.43843431
TON,WHOSIS_000001,2020,73.18678447
ZMB,WHOSIS_000001,2006,51.7626963
MDG,WHOSIS_000001,2016,63.46510267
ARM,WHOSIS_000001,2000,71.62172824
ZWE,WHOSIS_000001,2003,45.01274563
ALB,WHOSIS_000001,2018,77.93851855
IND,WHOSIS_000001,2012,68.2280584
BDI,WHOSIS_000001,2007,56.45412415
SYR,WHOSIS_000001,2013,64.68588767
EGY,WHOSIS_000001,2018,71.35791195
BRB,WHOSIS_000001,2007,75.24398474
ZMB,WHOSIS_000001,2017,61.28533224
LBY,WHOSIS_000001,2017,73.15169822
WSM,WHOSIS_000001,2001,69.77577511
EGY,WHOSIS_000001,2011,70.08390953
FIN,WHOSIS_000001,2008,79.5834765
BHS,WHOSIS_000001,2017,73.21936648
LBR,WHOSIS_000001,2008,59.75630294
BFA,WHOSIS_000001,2008,57.43072999
NIC,WHOSIS_000001,2006,76.73424987
BHR,WHOSIS_000001,2014,75.64496177
AZE,WHOSIS_000001,2020,71.43112767
BEN,WHOSIS_000001,2011,61.56618181
NLD,WHOSIS_000001,2006,79.71293798
BEN,WHOSIS_000001,2001,57.74456271
CHE,WHOSIS_000001,2000,79.71469969
FRA,WHOSIS_000001,2007,80.79627532
GTM,WHOSIS_000001,2021,68.69573697
HRV,WHOSIS_000001,2020,77.86469683
JPN,WHOSIS_000001,2015,83.99957263
SVK,WHOSIS_000001,2002,73.72313973
VCT,WHOSIS_000001,2006,72.92616303
WB_UMI,WHOSIS_000001,2004,70.37973198
LBR,WHOSIS_000001,2001,53.93145331
WSM,WHOSIS_000001,2019,69.99170791
IRQ,WHOSIS_000001,2005,68.68305138
SGP,WHOSIS_000001,2003,79.61117466
WB_UMI,WHOSIS_000001,2001,70.02443002
NGA,WHOSIS_000001,2013,61.04119261
ALB,WHOSIS_000001,2006,74.22366059
COD,WHOSIS_000001,2019,61.83901232
ERI,WHOSIS_000001,2000,54.93355711
HRV,WHOSIS_000001,2007,75.91802017
SLB,WHOSIS_000001,2002,63.47177399
NAM,WHOSIS_000001,2009,59.50436576
FRA,WHOSIS_000001,2020,81.87409035
PER,WHOSIS_000001,2018,78.99013811
MEX,WHOSIS_000001,2012,75.6445679
BRB,WHOSIS_000001,2012,76.23035481
WB_LMI,WHOSIS_000001,2000,62.60002727
HTI,WHOSIS_000001,2011,61.10474412
WPR,WHOSIS_000001,2002,72.52305924
IRQ,WHOSIS_000001,2016,71.1253103
FRA,WHOSIS_000001,2006,80.52598237
MKD,WHOSIS_000001,2003,73.22933201
AZE,WHOSIS_000001,2006,67.63797731
ECU,WHOSIS_000001,2015,77.15293465
BWA,WHOSIS_000001,2007,55.77024629
GAB,WHOSIS_000001,2004,58.70865642
VEN,WHOSIS_000001,2010,74.662242
ALB,WHOSIS_000001,2014,78.01445206
AUT,WHOSIS_000001,2018,81.42361625
POL,WHOSIS_000001,2007,75.17671647
ISR,WHOSIS_000001,2000,78.54383666
BEN,WHOSIS_000001,2017,63.34863103
ARM,WHOSIS_000001,2010,73.01384261
GRC,WHOSIS_000001,2018,81.05191982
TUR,WHOSIS_000001,2006,76.53841522
WSM,WHOSIS_000001,2011,70.50058194
COM,WHOSIS_000001,2021,67.4970386
ARE,WHOSIS_000001,2013,80.56393138
THA,WHOSIS_000001,2001,71.72869386
FRA,WHOSIS_000001,2001,79.01103311
BLZ,WHOSIS_000001,2006,72.62147619
RUS,WHOSIS_000001,2018,72.66311936
LUX,WHOSIS_000001,2011,81.39260196
BRA,WHOSIS_000001,2020,74.11393563
LTU,WHOSIS_000001,2019,76.24761609
EGY,WHOSIS_000001,2005,69.52274009
THA,WHOSIS_000001,2002,71.71439141
YEM,WHOSIS_000001,2003,64.67397283
BGD,WHOSIS_000001,2000,65.36178128
ISR,WHOSIS_000001,2021,81.74464677
MDV,WHOSIS_000001,2016,77.72035574
UGA,WHOSIS_000001,2010,59.96020545
ZWE,WHOSIS_000001,2011,53.27755042
GTM,WHOSIS_000001,2000,68.30883271
SLE,WHOSIS_000001,2005,52.10902537
GRD,WHOSIS_000001,2006,70.91199156
BTN,WHOSIS_000001,2003,68.38453582
SSD,WHOSIS_000001,2014,59.09264997
NPL,WHOSIS_000001,2013,69.97888467
LCA,WHOSIS_000001,2004,73.99518133
BEL,WHOSIS_000001,2017,81.1512532
SEAR,WHOSIS_000001,2016,70.51674285
GNQ,WHOSIS_000001,2011,59.83129965
MLI,WHOSIS_000001,2001,53.62181973
LKA,WHOSIS_000001,2011,74.95837466
FSM,WHOSIS_000001,2012,65.02895443
DJI,WHOSIS_000001,2001,59.48459433
FRA,WHOSIS_000001,2013,81.81996075
IRL,WHOSIS_000001,2006,79.06563288
VUT,WHOSIS_000001,2001,64.97955845
CYP,WHOSIS_000001,2014,81.84705653
NAM,WHOSIS_000001,2018,62.82854728
GAB,WHOSIS_000001,2012,62.66758728
WB_LI,WHOSIS_000001,2004,56.58061879
CYP,WHOSIS_000001,2013,81.84969587
ATG,WHOSIS_000001,2015,75.61540401
CMR,WHOSIS_000001,2001,52.89875064
SVN,WHOSIS_000001,2005,77.44125575
BGD,WHOSIS_000001,2011,71.08337441
DNK,WHOSIS_000001,2001,77.04219494
ETH,WHOSIS_000001,2001,52.82154779
FJI,WHOSIS_000001,2014,67.72103011
GNQ,WHOSIS_000001,2010,60.00998447
VUT,WHOSIS_000001,2006,65.37131308
ETH,WHOSIS_000001,2003,54.78484585
BTN,WHOSIS_000001,2016,73.28424565
PRK,WHOSIS_000001,2017,71.92237066
NIC,WHOSIS_000001,2003,75.81400954
GUY,WHOSIS_000001,2014,66.55197342
MWI,WHOSIS_000001,2007,52.54577058
BRN,WHOSIS_000001,2016,76.41822612
HTI,WHOSIS_000001,2002,57.58049169
NIC,WHOSIS_000001,2016,77.92580193
MKD,WHOSIS_000001,2014,75.25754035
BLR,WHOSIS_000001,2013,72.59208184
ISR,WHOSIS_000001,2010,81.53399975
BGR,WHOSIS_000001,2007,72.92323217
RUS,WHOSIS_000001,2003,64.72303979
OMN,WHOSIS_000001,2010,73.02000136
ARG,WHOSIS_000001,2020,76.22884718
QAT,WHOSIS_000001,2021,76.7101384
ROU,WHOSIS_000001,2000,71.14174922
HTI,WHOSIS_000001,2012,61.52991507
ARM,WHOSIS_000001,2009,72.73278531
LAO,WHOSIS_000001,2018,68.05389772
GIN,WHOSIS_000001,2001,54.67176541
CAF,WHOSIS_000001,2017,51.26742466
COM,WHOSIS_000001,2010,65.96560133
DOM,WHOSIS_000001,2021,73.32102758
SVN,WHOSIS_000001,2003,76.34395429
IRN,WHOSIS_000001,2015,77.27827213
YEM,WHOSIS_000001,2000,63.08164608
ISL,WHOSIS_000001,2017,82.27340584
MWI,WHOSIS_000001,2008,54.26093144
GNB,WHOSIS_000001,2009,54.71780339
RWA,WHOSIS_000001,2011,65.04603076
SVK,WHOSIS_000001,2017,77.09456027
LBR,WHOSIS_000001,2015,60.37754989
IRN,WHOSIS_000001,2019,77.78361908
WSM,WHOSIS_000001,2004,70.17537437
ITA,WHOSIS_000001,2020,81.93997914
MDA,WHOSIS_000001,2005,65.99301769
MEX,WHOSIS_000001,2005,74.92683948
ISR,WHOSIS_000001,2005,79.7067797
HRV,WHOSIS_000001,2000,74.75166907
TLS,WHOSIS_000001,2017,68.23558592
TTO,WHOSIS_000001,2015,74.35412517
CPV,WHOSIS_000001,2017,74.91155361
SOM,WHOSIS_000001,2011,43.81163424
VCT,WHOSIS_000001,2021,72.55709418
UKR,WHOSIS_000001,2005,67.10598289
AGO,WHOSIS_000001,2006,54.27926946
TJK,WHOSIS_000001,2007,68.67357175
FSM,WHOSIS_000001,2014,65.26774587
EMR,WHOSIS_000001,2009,67.91200906
TON,WHOSIS_000001,2018,72.84423109
NPL,WHOSIS_000001,2004,67.69735163
CMR,WHOSIS_000001,2020,62.18085382
BRA,WHOSIS_000001,2017,74.98912241
LSO,WHOSIS_000001,2007,43.88764108
GNQ,WHOSIS_000001,2019,61.38714512
BEL,WHOSIS_000001,2007,79.56569667
CAN,WHOSIS_000001,2005,79.95094625
TZA,WHOSIS_000001,2007,59.37881257
OMN,WHOSIS_000001,2000,71.65888476
HTI,WHOSIS_000001,2017,63.2460029
NPL,WHOSIS_000001,2000,65.36598722
NAM,WHOSIS_000001,2001,52.37399446
PAK,WHOSIS_000001,2000,61.40857442
NPL,WHOSIS_000001,2017,70.84484004
ETH,WHOSIS_000001,2008,61.00289968
SYR,WHOSIS_000001,2008,73.54815311
EST,WHOSIS_000001,2017,78.2161445
THA,WHOSIS_000001,2013,76.54383011
RWA,WHOSIS_000001,2020,68.26351399
CPV,WHOSIS_000001,2015,74.82831017
SOM,WHOSIS_000001,2019,55.21397342
WB_LI,WHOSIS_000001,2010,60.71751447
DNK,WHOSIS_000001,2014,80.51401409
URY,WHOSIS_000001,2003,74.80937399
GTM,WHOSIS_000001,2017,72.69594645
OMN,WHOSIS_000001,2021,72.47676726
HTI,WHOSIS_000001,2009,60.74938385
MKD,WHOSIS_000001,2018,76.46395817
ARM,WHOSIS_000001,2011,73.30611739
PNG,WHOSIS_000001,2019,66.67377821
WB_LI,WHOSIS_000001,2007,58.89891622
CIV,WHOSIS_000001,2021,63.5174083
ZAF,WHOSIS_000001,2011,59.100348
NAM,WHOSIS_000001,2003,51.39447349
AGO,WHOSIS_000001,2008,56.22016209
BOL,WHOSIS_000001,2000,66.09385895
NAM,WHOSIS_000001,2015,61.8615054
NIC,WHOSIS_000001,2015,78.26048387
MYS,WHOSIS_000001,2012,74.61637828
IRN,WHOSIS_000001,2005,74.88504507
JOR,WHOSIS_000001,2006,73.85308999
COD,WHOSIS_000001,2014,59.46084106
TKM,WHOSIS_000001,2012,69.3130409
CAN,WHOSIS_000001,2020,81.29950989
JPN,WHOSIS_000001,2007,82.7592849
ISL,WHOSIS_000001,2009,81.49587558
CHN,WHOSIS_000001,2007,73.8389379
MDG,WHOSIS_000001,2006,61.19063264
BFA,WHOSIS_000001,2019,62.61228276
TTO,WHOSIS_000001,2014,74.31626767
DEU,WHOSIS_000001,2020,80.79637728
CHN,WHOSIS_000001,2020,77.48113543
ARG,WHOSIS_000001,2013,76.20888199
FJI,WHOSIS_000001,2018,67.86709271
MLI,WHOSIS_000001,2018,61.31661022
TON,WHOSIS_000001,2007,72.00901963
BRA,WHOSIS_000001,2005,73.14791265
SYC,WHOSIS_000001,2006,72.35760551
EGY,WHOSIS_000001,2003,68.78353005
BIH,WHOSIS_000001,2009,76.7825838
PAK,WHOSIS_000001,2019,67.02931501
BGD,WHOSIS_000001,2002,66.35390682
MNG,WHOSIS_000001,2012,67.84058521
YEM,WHOSIS_000001,2013,68.75410162
MLT,WHOSIS_000001,2006,79.36712993
PRT,WHOSIS_000001,2009,79.40582714
MNE,WHOSIS_000001,2005,73.98743557
LTU,WHOSIS_000001,2000,71.99825868
CYP,WHOSIS_000001,2003,79.11243929
BLZ,WHOSIS_000001,2014,74.2195742
ZWE,WHOSIS_000001,2009,49.66000005
LBR,WHOSIS_000001,2002,53.66640831
PRK,WHOSIS_000001,2007,69.69220494
LTU,WHOSIS_000001,2017,75.48786469
WSM,WHOSIS_000001,2015,70.01944065
ERI,WHOSIS_000001,2019,63.76432633
TJK,WHOSIS_000001,2000,65.64695846
KHM,WHOSIS_000001,2017,69.12694998
UGA,WHOSIS_000001,2015,64.2155816
AZE,WHOSIS_000001,2008,68.71279885
SWZ,WHOSIS_000001,2018,54.73682091
AFG,WHOSIS_000001,2013,60.43497705
AFR,WHOSIS_000001,2014,61.97191179
WB_LI,WHOSIS_000001,2012,61.39453419
BFA,WHOSIS_000001,2003,53.57987835
GMB,WHOSIS_000001,2005,60.52311247
CHE,WHOSIS_000001,2001,80.10038738
ITA,WHOSIS_000001,2005,80.51057716
AFR,WHOSIS_000001,2008,58.09440209
TJK,WHOSIS_000001,2019,73.80997068
CAF,WHOSIS_000001,2003,45.20505974
SEN,WHOSIS_000001,2008,64.57897818
LAO,WHOSIS_000001,2016,67.33210713
MNG,WHOSIS_000001,2021,70.09795294
ATG,WHOSIS_000001,2007,74.95910853
ATG,WHOSIS_000001,2017,75.565575
GIN,WHOSIS_000001,2021,61.26251027
TUR,WHOSIS_000001,2008,76.65466357
SOM,WHOSIS_000001,2005,49.79233436
VEN,WHOSIS_000001,2017,72.98365736
SLE,WHOSIS_000001,2013,57.05432525
LBR,WHOSIS_000001,2016,62.21305435
BGD,WHOSIS_000001,2017,73.37868377
EST,WHOSIS_000001,2014,77.0967995
CHL,WHOSIS_000001,2003,77.44592963
GNQ,WHOSIS_000001,2018,61.42093734
BHS,WHOSIS_000001,2011,72.74543627
MNG,WHOSIS_000001,2010,67.10227644
USA,WHOSIS_000001,2011,78.65364022
CHE,WHOSIS_000001,2007,81.59797301
IND,WHOSIS_000001,2000,63.19893734
LAO,WHOSIS_000001,2000,58.27571315
SLB,WHOSIS_000001,2015,65.15166823
EUR,WHOSIS_000001,2004,73.32032577
USA,WHOSIS_000001,2021,76.37368104
NLD,WHOSIS_000001,2008,80.25577925
AZE,WHOSIS_000001,2002,66.7152002
GTM,WHOSIS_000001,2012,71.91726662
MWI,WHOSIS_000001,2003,47.14250921
TKM,WHOSIS_000001,2019,69.14190532
EUR,WHOSIS_000001,2019,78.09893217
NZL,WHOSIS_000001,2001,78.46853865
CAF,WHOSIS_000001,2012,49.82204247
BHS,WHOSIS_000001,2001,71.11367814
ITA,WHOSIS_000001,2002,79.95596277
RUS,WHOSIS_000001,2016,71.6156235
LBR,WHOSIS_000001,2014,58.11259758
QAT,WHOSIS_000001,2005,71.03950228
KWT,WHOSIS_000001,2006,78.57389835
HRV,WHOSIS_000001,2005,75.47609796
IDN,WHOSIS_000001,2012,69.79466506
SWE,WHOSIS_000001,2013,81.64075183
PAK,WHOSIS_000001,2013,65.10777782
ETH,WHOSIS_000001,2009,62.16370614
GRC,WHOSIS_000001,2003,79.0919372
MEX,WHOSIS_000001,2004,75.04316184
SVN,WHOSIS_000001,2016,80.81692358
SRB,WHOSIS_000001,2011,74.54862943
FJI,WHOSIS_000001,2016,67.7499939
DEU,WHOSIS_000001,2012,80.59346041
PAN,WHOSIS_000001,2008,76.98278869
MDG,WHOSIS_000001,2015,63.35879155
SGP,WHOSIS_000001,2014,82.60495523
FIN,WHOSIS_000001,2011,80.2843093
CHL,WHOSIS_000001,2001,76.75737429
PRT,WHOSIS_000001,2019,81.36750616
SWE,WHOSIS_000001,2003,80.00643909
AGO,WHOSIS_000001,2021,62.13113467
CZE,WHOSIS_000001,2016,78.93030378
CHN,WHOSIS_000001,2005,72.44256077
LCA,WHOSIS_000001,2006,74.71126509
JOR,WHOSIS_000001,2008,75.81217115
CPV,WHOSIS_000001,2016,74.86326568
SSD,WHOSIS_000001,2018,58.86129412
TKM,WHOSIS_000001,2004,65.61545494
EMR,WHOSIS_000001,2002,65.88711487
HTI,WHOSIS_000001,2018,63.47163817
KHM,WHOSIS_000001,2008,65.7502876
MRT,WHOSIS_000001,2004,65.40083987
BTN,WHOSIS_000001,2006,69.95563044
SAU,WHOSIS_000001,2012,77.02520885
WB_HI,WHOSIS_000001,2007,79.13737329
BGD,WHOSIS_000001,2007,68.42856138
UZB,WHOSIS_000001,2016,69.95773109
MNE,WHOSIS_000001,2002,73.54605523
UZB,WHOSIS_000001,2003,62.74285785
NPL,WHOSIS_000001,2001,66.16930825
ZWE,WHOSIS_000001,2014,56.95717402
LBY,WHOSIS_000001,2007,74.50020642
GRC,WHOSIS_000001,2000,78.42147917
DZA,WHOSIS_000001,2005,74.07853584
PAK,WHOSIS_000001,2004,62.44387744
URY,WHOSIS_000001,2021,74.98295244
KOR,WHOSIS_000001,2019,83.68842093
ZAF,WHOSIS_000001,2018,65.31532246
BRA,WHOSIS_000001,2008,73.71397618
MDA,WHOSIS_000001,2013,71.32497048
SEAR,WHOSIS_000001,2020,70.72011705
GMB,WHOSIS_000001,2004,60.16114704
WPR,WHOSIS_000001,2007,74.54521674
SYR,WHOSIS_000001,2002,72.00814832
MDV,WHOSIS_000001,2011,75.10252928
TZA,WHOSIS_000001,2010,61.6819464
CRI,WHOSIS_000001,2012,80.42316166
JOR,WHOSIS_000001,2014,77.96984738
ITA,WHOSIS_000001,2001,79.67653939
BOL,WHOSIS_000001,2021,65.41062535
DNK,WHOSIS_000001,2015,80.59412958
WSM,WHOSIS_000001,2008,70.48283276
CAF,WHOSIS_000001,2004,45.61618547
KIR,WHOSIS_000001,2017,61.81777917
STP,WHOSIS_000001,2001,63.93324972
SUR,WHOSIS_000001,2013,73.14787483
CHN,WHOSIS_000001,2021,77.61619672
QAT,WHOSIS_000001,2008,72.36968987
EST,WHOSIS_000001,2005,72.88570642
NGA,WHOSIS_000001,2012,60.64324912
PSE,WHOSIS_000001,2005,70.5600974
THA,WHOSIS_000001,2019,76.92495279
VEN,WHOSIS_000001,2015,73.93795547
MNE,WHOSIS_000001,2000,73.43360465
BLZ,WHOSIS_000001,2020,74.69437572
WSM,WHOSIS_000001,2009,68.73125976
BGR,WHOSIS_000001,2008,73.24591413
DEU,WHOSIS_000001,2016,80.68537775
CPV,WHOSIS_000001,2001,71.98653007
WPR,WHOSIS_000001,2014,76.5927032
PRY,WHOSIS_000001,2010,74.73073675
QAT,WHOSIS_000001,2006,71.48490844
ARE,WHOSIS_000001,2006,80.09096187
SDN,WHOSIS_000001,2008,66.10814996
HUN,WHOSIS_000001,2020,75.76307465
PNG,WHOSIS_000001,2000,63.35685153
EUR,WHOSIS_000001,2010,75.62937104
MAR,WHOSIS_000001,2007,71.60883866
GRD,WHOSIS_000001,2005,70.64904308
SRB,WHOSIS_000001,2013,75.22896744
PER,WHOSIS_000001,2017,79.35847297
NZL,WHOSIS_000001,2007,80.04299252
FJI,WHOSIS_000001,2001,66.34541639
TUN,WHOSIS_000001,2017,77.03145853
PRI,WHOSIS_000001,2019,80.50288098
GLOBAL,WHOSIS_000001,2002,67.35830321
LKA,WHOSIS_000001,2004,69.11941478
COD,WHOSIS_000001,2002,53.2535703
KEN,WHOSIS_000001,2009,60.49062126
JAM,WHOSIS_000001,2015,72.28943851
BFA,WHOSIS_000001,2016,61.35518157
CYP,WHOSIS_000001,2015,81.80149333
LBN,WHOSIS_000001,2001,76.1562609
SVN,WHOSIS_000001,2004,77.10892927
SSD,WHOSIS_000001,2000,51.90046634
ARG,WHOSIS_000001,2007,75.05610078
BDI,WHOSIS_000001,2000,44.3609182
DEU,WHOSIS_000001,2008,79.87792037
IRN,WHOSIS_000001,2000,73.48542569
CHL,WHOSIS_000001,2000,76.79721978
CAF,WHOSIS_000001,2005,46.14092523
UGA,WHOSIS_000001,2001,49.78388659
BLZ,WHOSIS_000001,2018,74.57665716
HUN,WHOSIS_000001,2018,76.08502162
WSM,WHOSIS_000001,2013,70.24040584
LCA,WHOSIS_000001,2014,76.28411905
KGZ,WHOSIS_000001,2021,72.18500345
ROU,WHOSIS_000001,2002,70.90278508
MUS,WHOSIS_000001,2011,73.5157206
KHM,WHOSIS_000001,2016,68.91001703
PRI,WHOSIS_000001,2014,79.89363862
FSM,WHOSIS_000001,2004,64.15853132
CHN,WHOSIS_000001,2012,75.48068539
GEO,WHOSIS_000001,2019,73.85275108
NOR,WHOSIS_000001,2009,80.74746239
MMR,WHOSIS_000001,2013,66.44771624
SRB,WHOSIS_000001,2002,72.31660412
PHL,WHOSIS_000001,2012,69.54178119
BWA,WHOSIS_000001,2014,61.38291822
MEX,WHOSIS_000001,2017,75.87022362
AUS,WHOSIS_000001,2021,83.10183853
WB_LMI,WHOSIS_000001,2005,64.51534212
ETH,WHOSIS_000001,2012,65.13407348
GEO,WHOSIS_000001,2010,71.81805259
IRQ,WHOSIS_000001,2012,71.6393156
TON,WHOSIS_000001,2014,72.38182372
ROU,WHOSIS_000001,2014,74.86061311
EST,WHOSIS_000001,2016,77.71059498
DEU,WHOSIS_000001,2006,79.60448013
ZAF,WHOSIS_000001,2007,52.90958642
SWZ,WHOSIS_000001,2013,49.97813792
BHS,WHOSIS_000001,2004,72.14409998
PAN,WHOSIS_000001,2018,78.651343
AGO,WHOSIS_000001,2007,55.35489997
MLT,WHOSIS_000001,2002,78.4088864
BLR,WHOSIS_000001,2015,73.73950531
THA,WHOSIS_000001,2004,72.04096222
SOM,WHOSIS_000001,2001,49.32648692
EST,WHOSIS_000001,2006,73.02632317
VNM,WHOSIS_000001,2012,72.74028809
BTN,WHOSIS_000001,2021,74.87642848
CHE,WHOSIS_000001,2020,82.73602492
GTM,WHOSIS_000001,2019,72.70697215
TUR,WHOSIS_000001,2003,75.30413279
DOM,WHOSIS_000001,2009,73.54510674
SEN,WHOSIS_000001,2010,65.56526204
MOZ,WHOSIS_000001,2013,54.24267779
DJI,WHOSIS_000001,2021,64.87227149
AFR,WHOSIS_000001,2019,64.16988115
FRA,WHOSIS_000001,2021,81.92274175
ROU,WHOSIS_000001,2017,75.11122981
JPN,WHOSIS_000001,2017,84.25809871
FIN,WHOSIS_000001,2014,80.86537331
MLI,WHOSIS_000001,2009,58.27710615
NIC,WHOSIS_000001,2011,76.94363065
SUR,WHOSIS_000001,2008,72.20581026
SEAR,WHOSIS_000001,2017,70.7727814
BIH,WHOSIS_000001,2003,76.3852253
LSO,WHOSIS_000001,2012,49.02029182
AGO,WHOSIS_000001,2015,61.59307464
CHN,WHOSIS_000001,2006,73.28900157
SWE,WHOSIS_000001,2014,81.92750078
DZA,WHOSIS_000001,2010,75.28662824
KWT,WHOSIS_000001,2013,81.73672815
LVA,WHOSIS_000001,2018,75.05473366
COD,WHOSIS_000001,2010,57.39937072
FSM,WHOSIS_000001,2017,65.6570782
UKR,WHOSIS_000001,2011,70.93317751
MKD,WHOSIS_000001,2008,74.31760094
LBR,WHOSIS_000001,2019,63.44171284
SUR,WHOSIS_000001,2015,72.9788443
ALB,WHOSIS_000001,2010,76.21290189
WSM,WHOSIS_000001,2006,70.43219518
LSO,WHOSIS_000001,2018,51.60129602
KWT,WHOSIS_000001,2007,79.05909554
BHR,WHOSIS_000001,2013,75.02710867
COD,WHOSIS_000001,2000,52.64392739
PHL,WHOSIS_000001,2006,69.22944541
CUB,WHOSIS_000001,2002,77.74907347
BFA,WHOSIS_000001,2002,52.90685822
LSO,WHOSIS_000001,2002,47.82881329
HND,WHOSIS_000001,2016,71.09197895
NIC,WHOSIS_000001,2019,78.87404349
MWI,WHOSIS_000001,2009,55.72789905
JOR,WHOSIS_000001,2007,74.97453582
CIV,WHOSIS_000001,2010,57.33114203
HTI,WHOSIS_000001,2008,60.2556984
IRL,WHOSIS_000001,2014,81.05218065
PRT,WHOSIS_000001,2005,77.99178078
COD,WHOSIS_000001,2021,61.62552641
MUS,WHOSIS_000001,2016,74.15809377
BLZ,WHOSIS_000001,2005,72.3988756
GNB,WHOSIS_000001,2000,50.19859342
STP,WHOSIS_000001,2003,65.23040933
YEM,WHOSIS_000001,2016,67.6890605
BOL,WHOSIS_000001,2012,71.0361986
MNE,WHOSIS_000001,2008,75.02700903
WSM,WHOSIS_000001,2003,70.05898224
BGD,WHOSIS_000001,2003,66.7835174
AUS,WHOSIS_000001,2014,82.36885018
CPV,WHOSIS_000001,2009,73.98241137
GRD,WHOSIS_000001,2021,72.77322454
PSE,WHOSIS_000001,2019,75.83098235
DEU,WHOSIS_000001,2009,79.99437865
TKM,WHOSIS_000001,2008,66.98536912
KAZ,WHOSIS_000001,2015,71.97923102
JOR,WHOSIS_000001,2004,73.56285182
NLD,WHOSIS_000001,2017,81.52798471
BRB,WHOSIS_000001,2013,76.24143589
YEM,WHOSIS_000001,2019,66.89863946
EST,WHOSIS_000001,2007,73.12739174
KOR,WHOSIS_000001,2002,76.94317285
SEAR,WHOSIS_000001,2004,65.59142283
ZMB,WHOSIS_000001,2012,58.68526361
MDV,WHOSIS_000001,2021,75.39664085
HTI,WHOSIS_000001,2014,62.25423095
VUT,WHOSIS_000001,2012,66.43172159
NPL,WHOSIS_000001,2019,71.36142995
MUS,WHOSIS_000001,2007,72.6045072
GUY,WHOSIS_000001,2011,66.13531761
ESP,WHOSIS_000001,2011,81.81256597
ERI,WHOSIS_000001,2005,58.13577563
YEM,WHOSIS_000001,2004,65.2063964
ZWE,WHOSIS_000001,2008,48.32688541
BRB,WHOSIS_000001,2006,75.05596421
LAO,WHOSIS_000001,2019,68.35701918
GLOBAL,WHOSIS_000001,2005,68.38661135
GEO,WHOSIS_000001,2012,72.18519482
CPV,WHOSIS_000001,2003,72.33302782
AFR,WHOSIS_000001,2001,53.46919051
JPN,WHOSIS_000001,2019,84.46675304
SDN,WHOSIS_000001,2014,68.08985985
BIH,WHOSIS_000001,2006,76.79616301
UKR,WHOSIS_000001,2020,72.49786713
STP,WHOSIS_000001,2012,69.53766595
COG,WHOSIS_000001,2008,59.22236239
GHA,WHOSIS_000001,2002,59.31647181
COL,WHOSIS_000001,2010,75.96054748
HRV,WHOSIS_000001,2009,76.44559714
ATG,WHOSIS_000001,2009,75.51285045
LKA,WHOSIS_000001,2010,74.13617419
BHS,WHOSIS_000001,2019,70.73776422
ROU,WHOSIS_000001,2012,74.34204624
KOR,WHOSIS_000001,2020,83.79726372
COM,WHOSIS_000001,2019,68.10062174
MLI,WHOSIS_000001,2006,56.77509358
ARM,WHOSIS_000001,2021,72.98458202
SSD,WHOSIS_000001,2008,57.67870573
QAT,WHOSIS_000001,2020,77.27588364
GLOBAL,WHOSIS_000001,2007,69.42465871
BEL,WHOSIS_000001,2010,79.84805119
MRT,WHOSIS_000001,2012,69.09222123
BRN,WHOSIS_000001,2001,75.6811134
CMR,WHOSIS_000001,2004,53.56554781
QAT,WHOSIS_000001,2010,73.45657467
ROU,WHOSIS_000001,2011,74.44084112
ERI,WHOSIS_000001,2006,58.75833395
TUR,WHOSIS_000001,2010,76.50699578
ARM,WHOSIS_000001,2001,71.79061149
PHL,WHOSIS_000001,2002,69.42147225
DEU,WHOSIS_000001,2010,80.18047005
ISR,WHOSIS_000001,2019,82.57325579
MAR,WHOSIS_000001,2006,71.42901619
QAT,WHOSIS_000001,2018,78.6332828
SOM,WHOSIS_000001,2012,50.10797443
KEN,WHOSIS_000001,2020,66.79345007
PAN,WHOSIS_000001,2005,76.45196957
SLB,WHOSIS_000001,2009,64.16468031
SSD,WHOSIS_000001,2019,58.99663561
DZA,WHOSIS_000001,2020,74.02004217
CHL,WHOSIS_000001,2007,78.48498969
SVK,WHOSIS_000001,2006,74.36445517
LVA,WHOSIS_000001,2011,73.67057625
MDA,WHOSIS_000001,2007,67.22688687
NZL,WHOSIS_000001,2011,80.74980096
NIC,WHOSIS_000001,2009,76.56414767
SDN,WHOSIS_000001,2018,69.24813878
LCA,WHOSIS_000001,2001,73.33798376
SDN,WHOSIS_000001,2004,63.6815858
MNG,WHOSIS_000001,2019,70.7501793
KAZ,WHOSIS_000001,2000,64.35326131
AMR,WHOSIS_000001,2003,74.69714507
GMB,WHOSIS_000001,2020,64.7871582
MOZ,WHOSIS_000001,2016,56.63490108
MKD,WHOSIS_000001,2001,73.26733128
MDA,WHOSIS_000001,2016,71.84582325
VUT,WHOSIS_000001,2016,66.91782394
MLT,WHOSIS_000001,2008,79.93204914
ARM,WHOSIS_000001,2002,71.58333169
LBR,WHOSIS_000001,2021,63.45730846
UZB,WHOSIS_000001,2020,71.36099727
IDN,WHOSIS_000001,2002,67.65122104
KGZ,WHOSIS_000001,2019,73.58598166
SYR,WHOSIS_000001,2012,64.99959827
AFG,WHOSIS_000001,2014,60.42859204
BTN,WHOSIS_000001,2012,72.45535288
PHL,WHOSIS_000001,2021,66.40834182
ROU,WHOSIS_000001,2008,73.30477662
HUN,WHOSIS_000001,2002,72.48544621
VCT,WHOSIS_000001,2008,73.51667142
BRA,WHOSIS_000001,2018,75.31944699
SEAR,WHOSIS_000001,2014,69.73314803
IRN,WHOSIS_000001,2014,77.29855084
GNQ,WHOSIS_000001,2001,54.84349385
SDN,WHOSIS_000001,2021,67.58515204
IDN,WHOSIS_000001,2017,71.00063238
ISL,WHOSIS_000001,2000,79.6920726
BFA,WHOSIS_000001,2004,54.3424593
HTI,WHOSIS_000001,2010,39.95809831
NOR,WHOSIS_000001,2004,79.81803393
BHS,WHOSIS_000001,2012,72.84562635
UKR,WHOSIS_000001,2012,71.09437239
GEO,WHOSIS_000001,2008,71.71817156
HUN,WHOSIS_000001,2013,75.59159743
SOM,WHOSIS_000001,2007,49.97697257
TGO,WHOSIS_000001,2017,62.55310805
CHL,WHOSIS_000001,2011,79.55204941
CAF,WHOSIS_000001,2014,49.17728884
BFA,WHOSIS_000001,2010,58.61217661
FJI,WHOSIS_000001,2015,67.8018416
PRY,WHOSIS_000001,2004,74.56424274
SDN,WHOSIS_000001,2007,65.760154
QAT,WHOSIS_000001,2016,78.22428304
SGP,WHOSIS_000001,2000,78.52088806
VUT,WHOSIS_000001,2018,67.04714117
MEX,WHOSIS_000001,2009,75.14215277
AFR,WHOSIS_000001,2018,63.77580177
PER,WHOSIS_000001,2020,72.7753962
MRT,WHOSIS_000001,2000,62.9207429
HTI,WHOSIS_000001,2006,59.24644609
ARM,WHOSIS_000001,2013,74.18785118
RUS,WHOSIS_000001,2007,67.42224647
ZMB,WHOSIS_000001,2010,57.42656833
TLS,WHOSIS_000001,2004,65.10952919
MUS,WHOSIS_000001,2003,71.8438719
AZE,WHOSIS_000001,2009,69.37470529
GMB,WHOSIS_000001,2018,64.60661374
RWA,WHOSIS_000001,2006,59.15292023
NGA,WHOSIS_000001,2018,62.68563037
HRV,WHOSIS_000001,2019,78.60209541
MEX,WHOSIS_000001,2001,74.55106521
IRQ,WHOSIS_000001,2004,69.06294468
MOZ,WHOSIS_000001,2009,53.32648003
LBY,WHOSIS_000001,2003,73.51059338
DZA,WHOSIS_000001,2017,76.40431934
PSE,WHOSIS_000001,2012,73.09729954
WPR,WHOSIS_000001,2012,75.95105819
CHN,WHOSIS_000001,2010,74.65168239
SLV,WHOSIS_000001,2007,74.16542856
NLD,WHOSIS_000001,2019,82.33882776
WB_LI,WHOSIS_000001,2019,64.21817017
GIN,WHOSIS_000001,2020,61.15586466
MNE,WHOSIS_000001,2007,74.67252275
NZL,WHOSIS_000001,2017,81.16380852
GEO,WHOSIS_000001,2020,73.10852232
AZE,WHOSIS_000001,2001,66.31096148
TUR,WHOSIS_000001,2017,77.07084923
ARM,WHOSIS_000001,2007,72.53070418
CIV,WHOSIS_000001,2002,51.80536737
GEO,WHOSIS_000001,2011,71.94043757
SSD,WHOSIS_000001,2009,57.82228027
NPL,WHOSIS_000001,2009,69.26898964
BHS,WHOSIS_000001,2013,73.00901267
WB_LMI,WHOSIS_000001,2021,67.21688028
JAM,WHOSIS_000001,2016,72.33025467
COM,WHOSIS_000001,2006,64.55149646
BEN,WHOSIS_000001,2021,64.01268515
PRK,WHOSIS_000001,2009,69.87200709
VUT,WHOSIS_000001,2007,65.5182575
ZWE,WHOSIS_000001,2006,46.40915188
TCD,WHOSIS_000001,2008,54.40322043
SVN,WHOSIS_000001,2019,81.28502446
AUT,WHOSIS_000001,2008,80.26667316
SEN,WHOSIS_000001,2009,65.11616175
ALB,WHOSIS_000001,2002,75.48885772
IRN,WHOSIS_000001,2001,73.7597003
COG,WHOSIS_000001,2000,52.21826617
TLS,WHOSIS_000001,2003,64.51597993
NGA,WHOSIS_000001,2015,61.73359862
SGP,WHOSIS_000001,2009,81.58275269
LUX,WHOSIS_000001,2009,80.92194389
MAR,WHOSIS_000001,2008,71.88491111
JOR,WHOSIS_000001,2000,72.72227433
IDN,WHOSIS_000001,2004,66.25106515
KGZ,WHOSIS_000001,2020,71.47082259
URY,WHOSIS_000001,2000,74.87862057
LCA,WHOSIS_000001,2020,75.63349527
BDI,WHOSIS_000001,2021,64.00694993
MYS,WHOSIS_000001,2010,74.02631776
AMR,WHOSIS_000001,2018,76.98308457
DEU,WHOSIS_000001,2000,78.10603024
HND,WHOSIS_000001,2007,70.94703187
SWE,WHOSIS_000001,2010,81.30465771
TLS,WHOSIS_000001,2008,66.57678716
MWI,WHOSIS_000001,2012,59.42059707
GBR,WHOSIS_000001,2002,78.07797235
SVN,WHOSIS_000001,2020,80.33576726
ISR,WHOSIS_000001,2004,79.54240915
ETH,WHOSIS_000001,2018,68.47192846
CZE,WHOSIS_000001,2001,75.30051991
MLI,WHOSIS_000001,2015,60.12125985
DZA,WHOSIS_000001,2007,74.59216684
AUT,WHOSIS_000001,2006,79.80520182
IDN,WHOSIS_000001,2016,70.77579907
FIN,WHOSIS_000001,2016,81.11659919
FRA,WHOSIS_000001,2017,82.17093951
FIN,WHOSIS_000001,2019,81.64702187
UKR,WHOSIS_000001,2015,72.14894514
MLT,WHOSIS_000001,2014,81.45292313
SSD,WHOSIS_000001,2021,58.57353884
IND,WHOSIS_000001,2017,70.06082604
SUR,WHOSIS_000001,2005,71.23039924
THA,WHOSIS_000001,2000,71.0119193
GLOBAL,WHOSIS_000001,2006,68.98465081
GIN,WHOSIS_000001,2010,58.26432378
LKA,WHOSIS_000001,2012,75.63306733
KEN,WHOSIS_000001,2021,66.76221995
LTU,WHOSIS_000001,2004,71.87471415
BHS,WHOSIS_000001,2007,73.08736276
ATG,WHOSIS_000001,2004,75.37748429
NIC,WHOSIS_000001,2004,75.88808385
GNB,WHOSIS_000001,2007,53.47365795
SRB,WHOSIS_000001,2000,71.49721977
JPN,WHOSIS_000001,2008,82.83288975
KWT,WHOSIS_000001,2005,78.37752584
HRV,WHOSIS_000001,2021,76.8616792
TJK,WHOSIS_000001,2018,73.49599296
POL,WHOSIS_000001,2015,77.27808527
TJK,WHOSIS_000001,2002,66.94490991
LBY,WHOSIS_000001,2012,73.92406847
ZMB,WHOSIS_000001,2018,61.41187871
MOZ,WHOSIS_000001,2010,53.33150279
KHM,WHOSIS_000001,2001,60.02516946
AUT,WHOSIS_000001,2021,80.99297519
BDI,WHOSIS_000001,2018,64.02759286
IND,WHOSIS_000001,2005,65.53031169
ETH,WHOSIS_000001,2010,63.25475143
DZA,WHOSIS_000001,2009,75.06025654
AFG,WHOSIS_000001,2016,60.39366208
PNG,WHOSIS_000001,2004,63.6270316
ISL,WHOSIS_000001,2019,82.4706163
SVN,WHOSIS_000001,2010,79.54577335
NGA,WHOSIS_000001,2009,59.30198282
CHN,WHOSIS_000001,2000,70.83886138
ITA,WHOSIS_000001,2010,81.89505601
NAM,WHOSIS_000001,2012,61.49462249
MYS,WHOSIS_000001,2021,72.8101035
URY,WHOSIS_000001,2007,75.38115954
TTO,WHOSIS_000001,2009,72.84103384
SYC,WHOSIS_000001,2017,73.0936681
MNE,WHOSIS_000001,2020,75.47582429
STP,WHOSIS_000001,2017,71.25615442
GBR,WHOSIS_000001,2001,77.95184342
COL,WHOSIS_000001,2000,72.53854433
AFG,WHOSIS_000001,2003,56.08520691
CZE,WHOSIS_000001,2000,75.0301441
THA,WHOSIS_000001,2016,76.9976755
GRC,WHOSIS_000001,2006,79.74258324
DNK,WHOSIS_000001,2016,80.71406105
MWI,WHOSIS_000001,2017,62.5519407
COM,WHOSIS_000001,2001,62.70292188
MDV,WHOSIS_000001,2006,73.36205884
HUN,WHOSIS_000001,2001,72.40337452
SEAR,WHOSIS_000001,2010,68.21992604
LTU,WHOSIS_000001,2021,74.13314711
ISR,WHOSIS_000001,2009,81.12924437
TON,WHOSIS_000001,2011,72.18060639
VCT,WHOSIS_000001,2010,73.48342047
ZWE,WHOSIS_000001,2013,56.08364808
TCD,WHOSIS_000001,2013,57.01481483
MDG,WHOSIS_000001,2014,63.22596923
COL,WHOSIS_000001,2020,76.17457612
MLI,WHOSIS_000001,2012,59.27099434
BHR,WHOSIS_000001,2010,73.86198294
YEM,WHOSIS_000001,2005,65.75114077
TZA,WHOSIS_000001,2013,64.03254511
LBN,WHOSIS_000001,2002,76.55400992
BHR,WHOSIS_000001,2009,73.40666919
TKM,WHOSIS_000001,2005,65.28550391
GMB,WHOSIS_000001,2001,59.40248243
FSM,WHOSIS_000001,2016,65.5242044
USA,WHOSIS_000001,2003,76.98967151
SLE,WHOSIS_000001,2010,54.97106845
LBY,WHOSIS_000001,2015,72.65332031
GBR,WHOSIS_000001,2012,80.64107832
BRN,WHOSIS_000001,2018,76.40808264
PHL,WHOSIS_000001,2019,69.42943033
ARE,WHOSIS_000001,2014,80.64754288
GUY,WHOSIS_000001,2010,66.14634849
BRA,WHOSIS_000001,2021,72.38840694
SLV,WHOSIS_000001,2019,74.28004903
IRL,WHOSIS_000001,2000,76.41796785
ESP,WHOSIS_000001,2005,80.00981734
CYP,WHOSIS_000001,2021,81.912741
BHR,WHOSIS_000001,2015,75.75082454
WSM,WHOSIS_000001,2005,70.24626535
IND,WHOSIS_000001,2002,64.16827815
BLZ,WHOSIS_000001,2003,71.80038956
LVA,WHOSIS_000001,2009,72.66145576
KHM,WHOSIS_000001,2004,62.73254827
BRN,WHOSIS_000001,2008,76.7179356
GIN,WHOSIS_000001,2008,57.53628959
PRT,WHOSIS_000001,2008,79.19526814
FSM,WHOSIS_000001,2008,64.49273801
TJK,WHOSIS_000001,2020,70.55595856
MAR,WHOSIS_000001,2004,71.03043411
IND,WHOSIS_000001,2019,70.72711152
PRK,WHOSIS_000001,2000,62.51800133
YEM,WHOSIS_000001,2021,65.76206783
TCD,WHOSIS_000001,2014,57.46459955
COG,WHOSIS_000001,2011,61.13100658
TUN,WHOSIS_000001,2021,74.06842662
ROU,WHOSIS_000001,2007,73.13558178
ZMB,WHOSIS_000001,2001,44.99215514
WPR,WHOSIS_000001,2020,77.70194212
GEO,WHOSIS_000001,2021,71.24038597
HRV,WHOSIS_000001,2013,77.85314853
SVN,WHOSIS_000001,2008,78.89957706
GHA,WHOSIS_000001,2015,64.33720534
PAN,WHOSIS_000001,2004,76.4816701
JAM,WHOSIS_000001,2008,70.6377363
KAZ,WHOSIS_000001,2001,64.70931637
EUR,WHOSIS_000001,2006,74.11279931
VCT,WHOSIS_000001,2017,73.09125438
UGA,WHOSIS_000001,2005,54.81013228
CYP,WHOSIS_000001,2000,78.83247264
ESP,WHOSIS_000001,2018,82.76765981
GTM,WHOSIS_000001,2016,72.23492224
BIH,WHOSIS_000001,2002,76.09726725
MMR,WHOSIS_000001,2004,61.06960565
SUR,WHOSIS_000001,2014,73.05386141
PER,WHOSIS_000001,2000,75.12364237
UZB,WHOSIS_000001,2013,68.3723982
LBR,WHOSIS_000001,2009,60.0506239
EGY,WHOSIS_000001,2001,68.84530776
SYC,WHOSIS_000001,2015,73.16237091
ITA,WHOSIS_000001,2017,82.52191209
AGO,WHOSIS_000001,2014,61.13534716
NER,WHOSIS_000001,2014,59.45072248
ZMB,WHOSIS_000001,2021,60.96884286
KWT,WHOSIS_000001,2011,81.44805413
HND,WHOSIS_000001,2000,69.7632118
LSO,WHOSIS_000001,2021,51.47907482
GRC,WHOSIS_000001,2019,80.90744762
NOR,WHOSIS_000001,2006,80.28168328
ARG,WHOSIS_000001,2014,76.51452536
MDV,WHOSIS_000001,2020,76.1908817
HUN,WHOSIS_000001,2004,72.86168111
WB_LMI,WHOSIS_000001,2003,63.69823422
PRK,WHOSIS_000001,2002,62.79218596
BTN,WHOSIS_000001,2009,71.27007127
HRV,WHOSIS_000001,2010,76.79829944
ITA,WHOSIS_000001,2018,82.77664183
GBR,WHOSIS_000001,2010,80.25257339
GLOBAL,WHOSIS_000001,2014,71.94618807
BWA,WHOSIS_000001,2009,56.8865344
MOZ,WHOSIS_000001,2001,51.31528926
MNG,WHOSIS_000001,2001,63.48955882
VUT,WHOSIS_000001,2000,64.92630401
ISL,WHOSIS_000001,2008,81.29367071
NPL,WHOSIS_000001,2005,68.18944823
DJI,WHOSIS_000001,2018,65.12011598
GRC,WHOSIS_000001,2004,79.2117166
NLD,WHOSIS_000001,2012,80.88872584
SLE,WHOSIS_000001,2019,60.40224239
DOM,WHOSIS_000001,2007,72.98138698
TTO,WHOSIS_000001,2013,74.31731073
POL,WHOSIS_000001,2003,74.54799786
TUN,WHOSIS_000001,2019,77.50537971
SLV,WHOSIS_000001,2000,71.64575132
FRA,WHOSIS_000001,2009,81.04063075
USA,WHOSIS_000001,2018,78.62912526
DNK,WHOSIS_000001,2002,77.0288458
KIR,WHOSIS_000001,2002,60.60035552
CHE,WHOSIS_000001,2005,81.11493442
HUN,WHOSIS_000001,2011,74.90161819
MRT,WHOSIS_000001,2006,66.62015995
DOM,WHOSIS_000001,2020,73.56757121
TUN,WHOSIS_000001,2008,75.92697277
CHE,WHOSIS_000001,2010,82.19541207
SAU,WHOSIS_000001,2019,76.93147355
SEN,WHOSIS_000001,2016,67.7658388
BEL,WHOSIS_000001,2002,78.01455674
PHL,WHOSIS_000001,2017,69.6392585
NOR,WHOSIS_000001,2015,81.99495023
PRK,WHOSIS_000001,2018,72.10726148
SUR,WHOSIS_000001,2001,70.47457078
JAM,WHOSIS_000001,2019,72.23602877
AUS,WHOSIS_000001,2010,81.91408232
KOR,WHOSIS_000001,2018,83.15048365
SDN,WHOSIS_000001,2006,65.28684508
PER,WHOSIS_000001,2001,75.95904765
ROU,WHOSIS_000001,2021,72.76430945
SLV,WHOSIS_000001,2012,75.27280087
KOR,WHOSIS_000001,2000,75.85981554
NOR,WHOSIS_000001,2021,82.88199872
MEX,WHOSIS_000001,2016,75.76103333
NOR,WHOSIS_000001,2002,78.85942368
BRN,WHOSIS_000001,2011,76.98951902
BEL,WHOSIS_000001,2000,77.67190502
UGA,WHOSIS_000001,2002,50.65046911
NPL,WHOSIS_000001,2021,70.04936795
LVA,WHOSIS_000001,2010,72.87994756
LAO,WHOSIS_000001,2001,58.88681637
LAO,WHOSIS_000001,2008,63.1872824
WPR,WHOSIS_000001,2015,76.83133302
MLT,WHOSIS_000001,2001,78.11450102
MRT,WHOSIS_000001,2007,67.11455039
TTO,WHOSIS_000001,2017,74.00520612
YEM,WHOSIS_000001,2018,66.38937201
BHR,WHOSIS_000001,2018,75.93620907
MAR,WHOSIS_000001,2016,73.4071743
WSM,WHOSIS_000001,2016,69.92083473
CHE,WHOSIS_000001,2017,83.13986197
LCA,WHOSIS_000001,2021,71.1130421
TCD,WHOSIS_000001,2018,58.95783062
PSE,WHOSIS_000001,2000,69.88946674
ARG,WHOSIS_000001,2008,75.69496821
EGY,WHOSIS_000001,2014,70.46262161
SUR,WHOSIS_000001,2009,72.61759185
SUR,WHOSIS_000001,2002,70.41647923
MLI,WHOSIS_000001,2008,57.78455925
KWT,WHOSIS_000001,2017,82.62315795
BGD,WHOSIS_000001,2020,73.29812993
TZA,WHOSIS_000001,2003,54.98804057
SEN,WHOSIS_000001,2015,67.3624183
BEL,WHOSIS_000001,2005,78.85239236
NGA,WHOSIS_000001,2017,62.36209316
STP,WHOSIS_000001,2005,66.27283192
PNG,WHOSIS_000001,2002,63.43343076
TON,WHOSIS_000001,2004,71.44335848
MDG,WHOSIS_000001,2019,63.81664617
SAU,WHOSIS_000001,2021,76.42921259
CHE,WHOSIS_000001,2013,82.47547076
MRT,WHOSIS_000001,2013,69.22463674
BRA,WHOSIS_000001,2019,75.47815778
VCT,WHOSIS_000001,2003,72.24268792
JAM,WHOSIS_000001,2012,74.19029935
VUT,WHOSIS_000001,2003,65.08697701
MYS,WHOSIS_000001,2003,73.62194031
LSO,WHOSIS_000001,2005,42.6642992
MKD,WHOSIS_000001,2009,74.58841867
ISR,WHOSIS_000001,2018,82.59262272
HND,WHOSIS_000001,2006,70.7448816
CAF,WHOSIS_000001,2010,49.20179696
VUT,WHOSIS_000001,2020,67.09750807
ERI,WHOSIS_000001,2014,62.18741649
GHA,WHOSIS_000001,2012,63.16293767
UZB,WHOSIS_000001,2002,62.19230023
ETH,WHOSIS_000001,2016,67.58767511
SRB,WHOSIS_000001,2014,75.32134955
TKM,WHOSIS_000001,2010,69.12241685
SEN,WHOSIS_000001,2004,61.57202557
SRB,WHOSIS_000001,2009,73.97356349
AUT,WHOSIS_000001,2007,80.0322621
AFR,WHOSIS_000001,2005,55.63713976
CAN,WHOSIS_000001,2013,81.55829938
PRT,WHOSIS_000001,2000,76.58820219
TKM,WHOSIS_000001,2017,68.97743987
TUN,WHOSIS_000001,2005,75.37276042
LUX,WHOSIS_000001,2003,79.03207074
UGA,WHOSIS_000001,2012,61.8009059
ARG,WHOSIS_000001,2002,74.2583112
DZA,WHOSIS_000001,2002,73.0881827
LBR,WHOSIS_000001,2018,63.09159913
AMR,WHOSIS_000001,2014,76.83106727
VUT,WHOSIS_000001,2009,65.89385815
RUS,WHOSIS_000001,2010,68.82506177
BFA,WHOSIS_000001,2012,59.51806294
NGA,WHOSIS_000001,2000,54.05766545
GBR,WHOSIS_000001,2020,80.14044898
BIH,WHOSIS_000001,2018,77.32123917
KEN,WHOSIS_000001,2010,61.28276083
IRL,WHOSIS_000001,2010,80.6170111
JOR,WHOSIS_000001,2016,78.7600732
MMR,WHOSIS_000001,2017,67.95077876
PAK,WHOSIS_000001,2016,66.05197225
TCD,WHOSIS_000001,2017,58.6099778
ISL,WHOSIS_000001,2001,79.99493866
JPN,WHOSIS_000001,2013,83.56021789
MUS,WHOSIS_000001,2009,73.10056755
MAR,WHOSIS_000001,2014,73.12038211
ZMB,WHOSIS_000001,2020,61.83164861
WB_LI,WHOSIS_000001,2003,55.8836598
WPR,WHOSIS_000001,2005,73.33346567
ARE,WHOSIS_000001,2002,78.35124382
PRY,WHOSIS_000001,2016,74.86420083
EGY,WHOSIS_000001,2008,69.77109335
LCA,WHOSIS_000001,2015,76.39243252
BLZ,WHOSIS_000001,2012,74.18063851
SVK,WHOSIS_000001,2020,76.86888148
NIC,WHOSIS_000001,2017,78.50836352
KOR,WHOSIS_000001,2021,83.79982334
NER,WHOSIS_000001,2000,50.24298341
LAO,WHOSIS_000001,2002,59.61142102
NPL,WHOSIS_000001,2012,69.78951932
PRI,WHOSIS_000001,2002,77.12054839
YEM,WHOSIS_000001,2015,68.25299786
GNB,WHOSIS_000001,2010,55.34491742
HUN,WHOSIS_000001,2010,74.5619878
MEX,WHOSIS_000001,2002,74.58875796
KHM,WHOSIS_000001,2012,67.72268359
ATG,WHOSIS_000001,2019,75.65878463
LUX,WHOSIS_000001,2018,82.81654634
LTU,WHOSIS_000001,2007,70.61092139
SDN,WHOSIS_000001,2016,68.65126932
COG,WHOSIS_000001,2018,63.05964242
ALB,WHOSIS_000001,2004,75.42557931
OMN,WHOSIS_000001,2019,75.28986006
GHA,WHOSIS_000001,2006,60.34619824
LKA,WHOSIS_000001,2016,76.7665914
MYS,WHOSIS_000001,2018,74.52805915
NER,WHOSIS_000001,2016,59.83593299
BHR,WHOSIS_000001,2000,69.68563925
PRK,WHOSIS_000001,2012,70.53323819
TZA,WHOSIS_000001,2018,66.39625941
FSM,WHOSIS_000001,2021,65.70956674
IRL,WHOSIS_000001,2021,81.60162902
BLR,WHOSIS_000001,2002,67.90677805
PHL,WHOSIS_000001,2008,69.54674107
BDI,WHOSIS_000001,2016,63.24117705
PRI,WHOSIS_000001,2013,79.37939532
AFG,WHOSIS_000001,2020,60.49099642
KAZ,WHOSIS_000001,2011,69.12835849
NOR,WHOSIS_000001,2010,80.86687696
SAU,WHOSIS_000001,2007,72.35473902
EUR,WHOSIS_000001,2018,77.74803442
HUN,WHOSIS_000001,2012,75.11315879
VUT,WHOSIS_000001,2011,66.2618784
IRQ,WHOSIS_000001,2008,69.80976267
EUR,WHOSIS_000001,2016,77.3506962
SVK,WHOSIS_000001,2014,76.83437639
AMR,WHOSIS_000001,2017,76.8394961
SYR,WHOSIS_000001,2015,60.0056598
MUS,WHOSIS_000001,2020,73.56975445
AUT,WHOSIS_000001,2014,81.23527679
SGP,WHOSIS_000001,2015,82.84921063
NER,WHOSIS_000001,2007,56.45936065
ECU,WHOSIS_000001,2021,73.95801182
CHE,WHOSIS_000001,2021,83.32795777
MDG,WHOSIS_000001,2005,60.67184175
GRC,WHOSIS_000001,2016,80.71256832
GBR,WHOSIS_000001,2006,79.22561092
PNG,WHOSIS_000001,2008,64.35307086
ATG,WHOSIS_000001,2003,75.21279447
WB_UMI,WHOSIS_000001,2013,74.28341937
BEL,WHOSIS_000001,2008,79.56481171
PSE,WHOSIS_000001,2007,70.80594736
BRB,WHOSIS_000001,2018,76.28319327
CZE,WHOSIS_000001,2019,79.13720815
AUT,WHOSIS_000001,2019,81.64847998
TUR,WHOSIS_000001,2015,76.68525905
ERI,WHOSIS_000001,2003,57.22781288
SUR,WHOSIS_000001,2004,70.80110636
GNQ,WHOSIS_000001,2015,61.12739135
CMR,WHOSIS_000001,2003,53.05889292
CRI,WHOSIS_000001,2001,78.07165726
BIH,WHOSIS_000001,2013,77.21186094
MUS,WHOSIS_000001,2013,73.803364
YEM,WHOSIS_000001,2014,68.71723916
LBR,WHOSIS_000001,2012,61.08289847
WB_LMI,WHOSIS_000001,2002,63.35215132
TUR,WHOSIS_000001,2018,77.55827507
DOM,WHOSIS_000001,2004,72.74531085
AGO,WHOSIS_000001,2002,51.05750193
PSE,WHOSIS_000001,2015,74.56005234
FIN,WHOSIS_000001,2007,79.26874907
RWA,WHOSIS_000001,2010,64.20018842
SLV,WHOSIS_000001,2004,73.29271781
NGA,WHOSIS_000001,2001,54.47371595
IDN,WHOSIS_000001,2011,69.52313433
MDG,WHOSIS_000001,2008,62.01528236
HRV,WHOSIS_000001,2008,76.07190817
ISL,WHOSIS_000001,2003,80.56916041
LSO,WHOSIS_000001,2010,48.56510587
GAB,WHOSIS_000001,2017,64.52552888
PHL,WHOSIS_000001,2011,69.78448284
NAM,WHOSIS_000001,2005,52.83409474
PRK,WHOSIS_000001,2008,69.79894796
CUB,WHOSIS_000001,2018,77.85421876
EUR,WHOSIS_000001,2007,74.51560779
COM,WHOSIS_000001,2014,67.0710997
NIC,WHOSIS_000001,2008,76.35592363
HUN,WHOSIS_000001,2007,73.45839333
BOL,WHOSIS_000001,2010,70.42881387
MLT,WHOSIS_000001,2021,81.81193837
SDN,WHOSIS_000001,2020,68.44077001
FRA,WHOSIS_000001,2000,78.91105529
ARE,WHOSIS_000001,2019,81.41096307
GBR,WHOSIS_000001,2018,80.6238199
QAT,WHOSIS_000001,2019,78.89595906
FSM,WHOSIS_000001,2002,62.91664429
UZB,WHOSIS_000001,2005,63.20028511
TUR,WHOSIS_000001,2013,76.83417226
SEN,WHOSIS_000001,2012,66.29422396
SRB,WHOSIS_000001,2017,75.57063328
GBR,WHOSIS_000001,2000,77.85839464
LKA,WHOSIS_000001,2014,76.17612763
DJI,WHOSIS_000001,2007,60.99155224
SLV,WHOSIS_000001,2006,73.70492095
WB_LMI,WHOSIS_000001,2015,68.38628464
BRN,WHOSIS_000001,2004,76.2980122
PSE,WHOSIS_000001,2001,69.33250971
KEN,WHOSIS_000001,2006,57.46429328
ECU,WHOSIS_000001,2019,77.75172721
BLR,WHOSIS_000001,2006,69.30529977
ARG,WHOSIS_000001,2001,74.27061688
PRT,WHOSIS_000001,2021,81.17961003
SYC,WHOSIS_000001,2000,72.10530836
QAT,WHOSIS_000001,2011,74.27799506
CRI,WHOSIS_000001,2006,79.36411318
LBN,WHOSIS_000001,2000,75.71500924
ECU,WHOSIS_000001,2016,77.17996695
ZWE,WHOSIS_000001,2018,58.69836684
DJI,WHOSIS_000001,2017,64.73030842
CYP,WHOSIS_000001,2020,82.06263041
BIH,WHOSIS_000001,2010,76.98324032
BOL,WHOSIS_000001,2016,72.22076039
OMN,WHOSIS_000001,2015,73.77326508
ZAF,WHOSIS_000001,2016,63.87748533
MOZ,WHOSIS_000001,2000,50.95314578
BDI,WHOSIS_000001,2019,64.3185906
TTO,WHOSIS_000001,2005,71.67544737
COD,WHOSIS_000001,2005,54.94182979
ZAF,WHOSIS_000001,2019,65.83739077
WB_LMI,WHOSIS_000001,2017,69.02369556
ALB,WHOSIS_000001,2008,74.9883157
GUY,WHOSIS_000001,2005,65.05195592
IDN,WHOSIS_000001,2001,67.44224013
ESP,WHOSIS_000001,2013,82.47881258
BHR,WHOSIS_000001,2006,71.69627417
ZWE,WHOSIS_000001,2004,45.152854
TKM,WHOSIS_000001,2007,66.17071827
NZL,WHOSIS_000001,2019,81.81181567
ISL,WHOSIS_000001,2011,81.86017778
UZB,WHOSIS_000001,2006,64.19601086
DJI,WHOSIS_000001,2015,63.87735947
KEN,WHOSIS_000001,2011,61.98126671
MDV,WHOSIS_000001,2003,71.62171461
SEAR,WHOSIS_000001,2011,68.63474835
ZMB,WHOSIS_000001,2004,48.77289416
AGO,WHOSIS_000001,2010,57.96461105
GAB,WHOSIS_000001,2019,64.97251699
NOR,WHOSIS_000001,2007,80.35099102
ROU,WHOSIS_000001,2005,72.09847343
KHM,WHOSIS_000001,2020,69.84097141
POL,WHOSIS_000001,2012,76.63330274
DOM,WHOSIS_000001,2003,73.229535
LBY,WHOSIS_000001,2013,74.21873286
SAU,WHOSIS_000001,2004,71.6044008
BLZ,WHOSIS_000001,2000,70.09513226
GHA,WHOSIS_000001,2009,61.52802106
AZE,WHOSIS_000001,2011,70.38906117
NOR,WHOSIS_000001,2000,78.53510862
BRN,WHOSIS_000001,2010,76.97095289
MOZ,WHOSIS_000001,2006,52.16412753
BOL,WHOSIS_000001,2007,69.47053335
EUR,WHOSIS_000001,2021,76.28728907
MUS,WHOSIS_000001,2017,74.11525101
ISR,WHOSIS_000001,2003,79.09724844
JPN,WHOSIS_000001,2005,82.23817071
ITA,WHOSIS_000001,2003,79.81728413
EGY,WHOSIS_000001,2015,70.05641038
ITA,WHOSIS_000001,2019,82.98522568
PAN,WHOSIS_000001,2007,76.98645861
SWZ,WHOSIS_000001,2009,45.04734029
VNM,WHOSIS_000001,2015,73.03125783
TTO,WHOSIS_000001,2012,74.64546221
MDV,WHOSIS_000001,2001,70.45676102
JAM,WHOSIS_000001,2000,72.25330071
TZA,WHOSIS_000001,2017,65.98183854
POL,WHOSIS_000001,2011,76.56402189
MUS,WHOSIS_000001,2005,72.14096947
COD,WHOSIS_000001,2003,53.6935484
MKD,WHOSIS_000001,2019,76.14804901
BEL,WHOSIS_000001,2021,81.5059627
FRA,WHOSIS_000001,2010,81.2215994
NIC,WHOSIS_000001,2014,77.51891848
WPR,WHOSIS_000001,2000,71.96302959
LCA,WHOSIS_000001,2009,75.83775931
CHE,WHOSIS_000001,2016,83.17109413
IND,WHOSIS_000001,2014,68.91972988
COD,WHOSIS_000001,2011,57.88760041
JOR,WHOSIS_000001,2009,76.34651794
ARE,WHOSIS_000001,2011,80.25767057
BRA,WHOSIS_000001,2007,73.5789865
ESP,WHOSIS_000001,2009,81.32919045
GTM,WHOSIS_000001,2015,72.0454314
GIN,WHOSIS_000001,2002,55.1808226
BEN,WHOSIS_000001,2010,61.3045144
BRA,WHOSIS_000001,2015,74.711289
MDA,WHOSIS_000001,2021,69.55780877
BOL,WHOSIS_000001,2003,67.7351254
CUB,WHOSIS_000001,2020,77.63538969
MYS,WHOSIS_000001,2014,74.64731536
KWT,WHOSIS_000001,2016,82.54800559
ERI,WHOSIS_000001,2015,62.5177156
BGR,WHOSIS_000001,2004,72.48173145
ECU,WHOSIS_000001,2013,76.40415478
ZAF,WHOSIS_000001,2005,52.03156981
PSE,WHOSIS_000001,2006,69.22549809
FJI,WHOSIS_000001,2012,67.51183712
TUN,WHOSIS_000001,2018,77.23195746
BGD,WHOSIS_000001,2015,73.19207211
WPR,WHOSIS_000001,2006,74.06441894
SDN,WHOSIS_000001,2012,67.58268855
TUN,WHOSIS_000001,2007,75.74953958
CHE,WHOSIS_000001,2004,80.94173199
NAM,WHOSIS_000001,2000,53.02475546
TTO,WHOSIS_000001,2011,74.01459781
UKR,WHOSIS_000001,2010,70.14904515
LVA,WHOSIS_000001,2013,74.12560449
NAM,WHOSIS_000001,2011,60.88311335
NLD,WHOSIS_000001,2000,78.01203729
VEN,WHOSIS_000001,2008,74.27958667
QAT,WHOSIS_000001,2009,72.77133296
SLE,WHOSIS_000001,2004,51.79598226
SRB,WHOSIS_000001,2015,75.27946837
DEU,WHOSIS_000001,2013,80.28874618
COM,WHOSIS_000001,2003,63.63164331
DZA,WHOSIS_000001,2016,76.27818922
CYP,WHOSIS_000001,2002,78.99615853
LKA,WHOSIS_000001,2006,73.35813965
NER,WHOSIS_000001,2015,59.63358442
SLE,WHOSIS_000001,2012,56.36734502
RUS,WHOSIS_000001,2019,73.21856487
ARE,WHOSIS_000001,2015,80.71356774
TZA,WHOSIS_000001,2021,66.8101483
USA,WHOSIS_000001,2005,77.38462128
GEO,WHOSIS_000001,2004,70.54094248
NPL,WHOSIS_000001,2018,71.10245577
GEO,WHOSIS_000001,2013,72.60327856
BTN,WHOSIS_000001,2011,72.1269544
COL,WHOSIS_000001,2001,72.62895792
AUS,WHOSIS_000001,2020,83.36758916
MLI,WHOSIS_000001,2010,58.64806217
KWT,WHOSIS_000001,2001,78.81293796
SSD,WHOSIS_000001,2012,59.31057362
SDN,WHOSIS_000001,2001,62.9787096
POL,WHOSIS_000001,2009,75.638685
LUX,WHOSIS_000001,2005,79.5758462
IRL,WHOSIS_000001,2019,81.93976292
LSO,WHOSIS_000001,2000,47.38127672
STP,WHOSIS_000001,2020,71.25244214
PRK,WHOSIS_000001,2010,70.02263868
ZMB,WHOSIS_000001,2011,58.02295113
NPL,WHOSIS_000001,2003,67.3578409
FIN,WHOSIS_000001,2018,81.40768747
KOR,WHOSIS_000001,2013,81.68616863
TJK,WHOSIS_000001,2003,67.57088192
ATG,WHOSIS_000001,2013,75.71757904
SAU,WHOSIS_000001,2003,71.30662801
CMR,WHOSIS_000001,2007,55.00397444
BIH,WHOSIS_000001,2000,75.4599475
TON,WHOSIS_000001,2015,72.46352791
VNM,WHOSIS_000001,2020,74.77582966
SAU,WHOSIS_000001,2015,76.88889936
KHM,WHOSIS_000001,2014,68.40636847
LKA,WHOSIS_000001,2019,77.45083261
ARG,WHOSIS_000001,2012,76.1760553
TON,WHOSIS_000001,2008,72.00245834
GIN,WHOSIS_000001,2015,59.19807943
AGO,WHOSIS_000001,2012,59.46233734
GNB,WHOSIS_000001,2015,57.5801364
NIC,WHOSIS_000001,2020,75.04233435
PRY,WHOSIS_000001,2005,74.85137666
ZWE,WHOSIS_000001,2017,58.23863624
WB_UMI,WHOSIS_000001,2010,73.03544767
HND,WHOSIS_000001,2014,69.52157081
SSD,WHOSIS_000001,2007,57.0352965
GLOBAL,WHOSIS_000001,2017,72.67542225
LKA,WHOSIS_000001,2001,72.65351771
PNG,WHOSIS_000001,2005,63.68705774
PRT,WHOSIS_000001,2001,76.92951203
IRL,WHOSIS_000001,2018,81.71153553
SGP,WHOSIS_000001,2005,80.54232367
GEO,WHOSIS_000001,2003,70.79663901
WSM,WHOSIS_000001,2021,70.27372108
BTN,WHOSIS_000001,2007,70.47630807
BGR,WHOSIS_000001,2009,73.57651207
OMN,WHOSIS_000001,2016,73.72044163
MOZ,WHOSIS_000001,2002,51.47014119
COD,WHOSIS_000001,2018,61.4317933
PHL,WHOSIS_000001,2013,69.44796065
BFA,WHOSIS_000001,2000,51.8877146
MAR,WHOSIS_000001,2021,72.61868352
RUS,WHOSIS_000001,2000,65.15997475
GEO,WHOSIS_000001,2002,69.8928645
KEN,WHOSIS_000001,2016,65.03249549
QAT,WHOSIS_000001,2004,70.84074247
GHA,WHOSIS_000001,2013,63.58672686
EUR,WHOSIS_000001,2015,77.02127407
VUT,WHOSIS_000001,2015,66.79010699
ZWE,WHOSIS_000001,2002,45.11250007
SLE,WHOSIS_000001,2011,55.66429433
HTI,WHOSIS_000001,2016,62.79654412
BHR,WHOSIS_000001,2002,70.59694491
URY,WHOSIS_000001,2001,74.92750681
PRK,WHOSIS_000001,2006,69.70476861
GLOBAL,WHOSIS_000001,2010,70.49808463
NGA,WHOSIS_000001,2004,56.18946769
SWE,WHOSIS_000001,2020,82.08200836
TTO,WHOSIS_000001,2000,70.4199372
MMR,WHOSIS_000001,2005,61.61985762
TUN,WHOSIS_000001,2001,74.55599136
LSO,WHOSIS_000001,2009,47.42048599
UZB,WHOSIS_000001,2007,64.796684
GIN,WHOSIS_000001,2003,55.63757789
MNE,WHOSIS_000001,2019,76.83999351
WB_HI,WHOSIS_000001,2003,78.01340604
DEU,WHOSIS_000001,2014,80.7599266
CYP,WHOSIS_000001,2009,80.92281877
PRI,WHOSIS_000001,2001,76.24165094
NER,WHOSIS_000001,2009,57.84177819
DZA,WHOSIS_000001,2003,73.27414327
LKA,WHOSIS_000001,2002,73.3381305
MMR,WHOSIS_000001,2001,59.77708716
SLV,WHOSIS_000001,2001,71.7165175
ESP,WHOSIS_000001,2007,80.67591348
LCA,WHOSIS_000001,2008,75.53396399
IDN,WHOSIS_000001,2005,68.2347183
SWE,WHOSIS_000001,2008,80.9280163
EST,WHOSIS_000001,2020,78.62190265
AFG,WHOSIS_000001,2011,59.54863714
AUS,WHOSIS_000001,2002,80.19005718
BEN,WHOSIS_000001,2005,59.21023989
SWE,WHOSIS_000001,2021,82.6649092
DJI,WHOSIS_000001,2010,62.01403181
EUR,WHOSIS_000001,2000,72.39957333
ZMB,WHOSIS_000001,2005,50.2612912
MDG,WHOSIS_000001,2010,62.52359433
TCD,WHOSIS_000001,2019,59.37353739
SEAR,WHOSIS_000001,2012,69.06374791
KHM,WHOSIS_000001,2003,61.89363505
TJK,WHOSIS_000001,2010,69.92200868
DEU,WHOSIS_000001,2019,80.97360663
SLV,WHOSIS_000001,2013,74.78717919
CHN,WHOSIS_000001,2015,76.5103545
NOR,WHOSIS_000001,2017,82.33383151
SSD,WHOSIS_000001,2004,55.24391875
BHR,WHOSIS_000001,2007,72.38722676
BOL,WHOSIS_000001,2018,72.69070111
PRT,WHOSIS_000001,2014,80.89996435
GBR,WHOSIS_000001,2005,78.91215
BOL,WHOSIS_000001,2011,70.72011626
SGP,WHOSIS_000001,2007,80.58124756
VEN,WHOSIS_000001,2003,73.64690409
AFR,WHOSIS_000001,2016,62.92447284
AFR,WHOSIS_000001,2020,63.96143556
GTM,WHOSIS_000001,2011,71.55408827
LTU,WHOSIS_000001,2002,71.6891841
KIR,WHOSIS_000001,2011,61.40193967
SEN,WHOSIS_000001,2002,59.79580137
DEU,WHOSIS_000001,2011,80.46331457
SVK,WHOSIS_000001,2018,77.19646571
TON,WHOSIS_000001,2013,72.30723111
EMR,WHOSIS_000001,2003,65.93877747
TUN,WHOSIS_000001,2011,76.36110917
CUB,WHOSIS_000001,2013,78.31147223
LKA,WHOSIS_000001,2018,77.17579214
LBR,WHOSIS_000001,2007,59.31134066
AGO,WHOSIS_000001,2020,62.64827403
AGO,WHOSIS_000001,2001,50.06036648
CPV,WHOSIS_000001,2002,72.18506527
TGO,WHOSIS_000001,2002,56.21544389
ECU,WHOSIS_000001,2012,75.807667
COM,WHOSIS_000001,2016,67.70212624
FSM,WHOSIS_000001,2007,64.36936061
ISR,WHOSIS_000001,2020,82.36508912
GBR,WHOSIS_000001,2007,79.41525763
BRN,WHOSIS_000001,2007,76.66441769
GRD,WHOSIS_000001,2010,71.08230057
MKD,WHOSIS_000001,2021,72.99535604
AFG,WHOSIS_000001,2017,60.8752198
KHM,WHOSIS_000001,2007,65.07853491
FIN,WHOSIS_000001,2009,79.70604252
PNG,WHOSIS_000001,2020,66.27049986
MUS,WHOSIS_000001,2018,74.02503816
NAM,WHOSIS_000001,2019,63.49265302
TLS,WHOSIS_000001,2007,66.33184634
AUS,WHOSIS_000001,2009,81.75260531
VEN,WHOSIS_000001,2018,72.81771282
AZE,WHOSIS_000001,2021,72.9129401
LTU,WHOSIS_000001,2006,70.89301238
SYC,WHOSIS_000001,2009,72.84593273
OMN,WHOSIS_000001,2002,72.45728033
VCT,WHOSIS_000001,2012,72.98728933
JPN,WHOSIS_000001,2011,82.82691604
SOM,WHOSIS_000001,2008,50.31128296
MNE,WHOSIS_000001,2015,76.86028429
SSD,WHOSIS_000001,2020,58.94518456
SYR,WHOSIS_000001,2021,72.43803165
BGR,WHOSIS_000001,2020,73.48961137
ZAF,WHOSIS_000001,2000,57.11947907
ITA,WHOSIS_000001,2021,82.19747411
IRN,WHOSIS_000001,2007,75.56586174
COG,WHOSIS_000001,2013,61.42791356
NAM,WHOSIS_000001,2020,63.75209779
CHN,WHOSIS_000001,2013,75.84030781
MYS,WHOSIS_000001,2016,74.41949575
GMB,WHOSIS_000001,2021,64.21396887
GEO,WHOSIS_000001,2014,72.72305539
LCA,WHOSIS_000001,2016,76.20059158
SWZ,WHOSIS_000001,2021,54.59266973
WB_UMI,WHOSIS_000001,2021,74.23577164
MRT,WHOSIS_000001,2009,68.08446898
PRY,WHOSIS_000001,2011,74.93009617
TUR,WHOSIS_000001,2014,76.74876869
KAZ,WHOSIS_000001,2018,73.16779578
FJI,WHOSIS_000001,2020,67.71119355
CHL,WHOSIS_000001,2014,79.93658439
SWZ,WHOSIS_000001,2010,46.38823095
GEO,WHOSIS_000001,2000,71.06803049
SSD,WHOSIS_000001,2006,56.35280945
PSE,WHOSIS_000001,2010,72.64524424
RUS,WHOSIS_000001,2014,70.68556822
WB_LI,WHOSIS_000001,2020,64.20605991
DEU,WHOSIS_000001,2001,78.44285248
SOM,WHOSIS_000001,2006,49.82524247
CAN,WHOSIS_000001,2017,81.70954318
NLD,WHOSIS_000001,2015,81.28069061
SYR,WHOSIS_000001,2019,69.17463554
ETH,WHOSIS_000001,2002,53.81305038
ZWE,WHOSIS_000001,2007,47.34902637
COL,WHOSIS_000001,2017,77.7944403
BFA,WHOSIS_000001,2014,60.46448541
VNM,WHOSIS_000001,2010,72.48813081
EMR,WHOSIS_000001,2011,68.18516686
BWA,WHOSIS_000001,2008,56.1793813
MAR,WHOSIS_000001,2012,72.78046277
EMR,WHOSIS_000001,2016,69.2312657
SOM,WHOSIS_000001,2015,53.54338351
HND,WHOSIS_000001,2018,71.31264864
FRA,WHOSIS_000001,2002,79.14448316
MRT,WHOSIS_000001,2003,64.83743491
TCD,WHOSIS_000001,2021,59.08581443
LBY,WHOSIS_000001,2019,73.54365475
SRB,WHOSIS_000001,2006,73.38118952
PAN,WHOSIS_000001,2019,78.97361247
SWE,WHOSIS_000001,2015,81.74239456
MLI,WHOSIS_000001,2021,61.67398609
PRT,WHOSIS_000001,2010,79.74021661
PSE,WHOSIS_000001,2017,75.45369565
SLB,WHOSIS_000001,2021,64.79245685
PNG,WHOSIS_000001,2009,64.63295489
HUN,WHOSIS_000001,2016,76.07385445
PRK,WHOSIS_000001,2016,71.62258579
UGA,WHOSIS_000001,2011,60.87012607
KGZ,WHOSIS_000001,2002,66.25500987
USA,WHOSIS_000001,2014,78.80026105
GNQ,WHOSIS_000001,2008,59.26655739
IRN,WHOSIS_000001,2017,77.47896726
COG,WHOSIS_000001,2020,63.35937843
DNK,WHOSIS_000001,2008,78.63896492
CRI,WHOSIS_000001,2000,78.16621895
CHL,WHOSIS_000001,2015,80.12508082
BRA,WHOSIS_000001,2001,71.80355904
IRL,WHOSIS_000001,2013,80.71347486
CAF,WHOSIS_000001,2013,49.31139043
COL,WHOSIS_000001,2004,73.98320442
NZL,WHOSIS_000001,2012,81.08807722
BRN,WHOSIS_000001,2015,76.55761257
MAR,WHOSIS_000001,2013,72.96566532
KEN,WHOSIS_000001,2019,66.50141922
GRD,WHOSIS_000001,2009,70.93802753
TLS,WHOSIS_000001,2005,65.67751029
GRC,WHOSIS_000001,2011,80.35771121
NER,WHOSIS_000001,2013,59.22776171
UKR,WHOSIS_000001,2007,67.5915603
DNK,WHOSIS_000001,2000,76.93482299
CAN,WHOSIS_000001,2016,81.74452018
AFG,WHOSIS_000001,2002,55.15447775
LKA,WHOSIS_000001,2005,73.48476487
TZA,WHOSIS_000001,2001,53.52029055
KHM,WHOSIS_000001,2002,60.98797015
POL,WHOSIS_000001,2016,77.66853135
GRD,WHOSIS_000001,2020,75.35142309
LUX,WHOSIS_000001,2007,80.26355488
UKR,WHOSIS_000001,2021,70.90674708
GTM,WHOSIS_000001,2020,70.95988885
UGA,WHOSIS_000001,2006,55.99216305
SUR,WHOSIS_000001,2006,71.692617
CIV,WHOSIS_000001,2006,54.91662177
KAZ,WHOSIS_000001,2003,64.77834271
MNG,WHOSIS_000001,2002,63.99267039
HUN,WHOSIS_000001,2005,72.84811882
AMR,WHOSIS_000001,2009,76.16933635
WB_LMI,WHOSIS_000001,2018,69.2822965
CIV,WHOSIS_000001,2016,61.62678525
NGA,WHOSIS_000001,2010,59.78799099
WB_HI,WHOSIS_000001,2004,78.48672448
MEX,WHOSIS_000001,2020,70.94625179
TTO,WHOSIS_000001,2008,72.03571655
PRK,WHOSIS_000001,2015,71.407681
AMR,WHOSIS_000001,2016,76.70935415
JAM,WHOSIS_000001,2009,72.19787809
AUS,WHOSIS_000001,2005,80.84134964
WB_LMI,WHOSIS_000001,2020,69.04426229
WPR,WHOSIS_000001,2011,75.55207918
GMB,WHOSIS_000001,2010,62.35679034
RWA,WHOSIS_000001,2012,65.68582887
LKA,WHOSIS_000001,2003,73.36803088
COL,WHOSIS_000001,2009,75.75932913
EGY,WHOSIS_000001,2013,70.47150621
CUB,WHOSIS_000001,2019,77.66173555
CMR,WHOSIS_000001,2021,61.76934896
NAM,WHOSIS_000001,2004,51.6479279
PNG,WHOSIS_000001,2018,66.51753655
IDN,WHOSIS_000001,2010,69.23625966
OMN,WHOSIS_000001,2009,73.06401823
AGO,WHOSIS_000001,2013,60.21682799
GEO,WHOSIS_000001,2007,72.55257679
COG,WHOSIS_000001,2017,62.84312978
LBR,WHOSIS_000001,2010,60.3582726
CHN,WHOSIS_000001,2004,71.93150989
AMR,WHOSIS_000001,2008,75.93790985
KHM,WHOSIS_000001,2015,68.66739766
PNG,WHOSIS_000001,2001,63.3735659
THA,WHOSIS_000001,2017,77.22944399
LBN,WHOSIS_000001,2014,78.22558226
CYP,WHOSIS_000001,2006,79.83910882
PAK,WHOSIS_000001,2020,65.84948383
MOZ,WHOSIS_000001,2021,57.66202708
NZL,WHOSIS_000001,2014,81.19298738
TZA,WHOSIS_000001,2006,57.81812716
CMR,WHOSIS_000001,2002,52.90318218
NIC,WHOSIS_000001,2010,77.06996179
VUT,WHOSIS_000001,2021,66.3483713
GBR,WHOSIS_000001,2014,80.93676029
COD,WHOSIS_000001,2008,56.32188866
PAN,WHOSIS_000001,2017,78.33177954
MYS,WHOSIS_000001,2005,74.06194883
WB_HI,WHOSIS_000001,2009,79.61497249
LUX,WHOSIS_000001,2021,82.78028566
BWA,WHOSIS_000001,2020,65.16840503
EGY,WHOSIS_000001,2000,69.14860157
VCT,WHOSIS_000001,2015,72.79473614
HRV,WHOSIS_000001,2018,78.33929688
AZE,WHOSIS_000001,2005,67.44595807
TGO,WHOSIS_000001,2019,63.64852176
COG,WHOSIS_000001,2006,57.53120192
ARG,WHOSIS_000001,2009,75.85194237
SDN,WHOSIS_000001,2011,67.06889355
ITA,WHOSIS_000001,2006,81.06442613
KGZ,WHOSIS_000001,2008,68.29544912
MMR,WHOSIS_000001,2015,67.42672255
GAB,WHOSIS_000001,2005,59.68914077
BRB,WHOSIS_000001,2016,76.32461251
GTM,WHOSIS_000001,2008,71.01416309
USA,WHOSIS_000001,2013,78.75952758
LUX,WHOSIS_000001,2006,79.91412753
MKD,WHOSIS_000001,2015,75.34082067
KHM,WHOSIS_000001,2010,66.7359551
LCA,WHOSIS_000001,2005,74.35093561
EST,WHOSIS_000001,2013,77.02989191
MNG,WHOSIS_000001,2016,69.64443247
WB_LI,WHOSIS_000001,2018,63.71209289
EUR,WHOSIS_000001,2012,76.35705486
MWI,WHOSIS_000001,2020,63.46287777
PAN,WHOSIS_000001,2010,76.99379194
KAZ,WHOSIS_000001,2004,65.11633982
GAB,WHOSIS_000001,2001,57.70877986
KOR,WHOSIS_000001,2011,80.95337202
BGR,WHOSIS_000001,2016,74.77317639
FIN,WHOSIS_000001,2013,80.67798392
GRD,WHOSIS_000001,2012,72.68392882
GRD,WHOSIS_000001,2016,72.49134059
GMB,WHOSIS_000001,2017,64.31746247
UKR,WHOSIS_000001,2013,71.55330688
ALB,WHOSIS_000001,2021,76.39089034
ISR,WHOSIS_000001,2017,82.38134543
LTU,WHOSIS_000001,2016,74.70145984
BEN,WHOSIS_000001,2007,59.82688455
IRQ,WHOSIS_000001,2014,70.22637913
GIN,WHOSIS_000001,2005,56.45301837
DOM,WHOSIS_000001,2002,73.59133884
EUR,WHOSIS_000001,2014,76.88838577
NOR,WHOSIS_000001,2016,82.11289124
JPN,WHOSIS_000001,2002,82.10074471
GNQ,WHOSIS_000001,2000,54.03083545
JAM,WHOSIS_000001,2006,74.44972953
CYP,WHOSIS_000001,2017,81.86957092
FSM,WHOSIS_000001,2013,65.16296685
LAO,WHOSIS_000001,2021,68.23189407
SVK,WHOSIS_000001,2021,74.50941328
TKM,WHOSIS_000001,2000,65.56917712
KWT,WHOSIS_000001,2012,81.34259433
IRQ,WHOSIS_000001,2017,71.60611249
SRB,WHOSIS_000001,2008,73.82988623
SOM,WHOSIS_000001,2009,50.66979598
BEN,WHOSIS_000001,2004,58.86876901
CZE,WHOSIS_000001,2005,75.99869845
SVN,WHOSIS_000001,2002,76.50389555
FIN,WHOSIS_000001,2010,79.86591036
LSO,WHOSIS_000001,2011,49.10182257
SVK,WHOSIS_000001,2003,73.78042489
SDN,WHOSIS_000001,2013,67.75900519
BOL,WHOSIS_000001,2008,69.78566323
COM,WHOSIS_000001,2012,66.39715563
KEN,WHOSIS_000001,2005,56.3951405
TCD,WHOSIS_000001,2015,57.84629101
KWT,WHOSIS_000001,2018,82.93662831
TON,WHOSIS_000001,2012,72.2449478
WB_HI,WHOSIS_000001,2021,79.65119873
WB_LI,WHOSIS_000001,2006,58.16441655
SWE,WHOSIS_000001,2019,82.71414637
COL,WHOSIS_000001,2013,77.2278702
SDN,WHOSIS_000001,2015,68.32706556
GLOBAL,WHOSIS_000001,2018,72.88886288
AFG,WHOSIS_000001,2006,56.992143
SWE,WHOSIS_000001,2017,82.0845963
GLOBAL,WHOSIS_000001,2009,70.21807678
CUB,WHOSIS_000001,2010,77.83366676
UGA,WHOSIS_000001,2013,62.71779853
PRT,WHOSIS_000001,2003,77.31485554
SVN,WHOSIS_000001,2006,78.04014469
NZL,WHOSIS_000001,2016,81.73038595
OMN,WHOSIS_000001,2011,73.21785366
MOZ,WHOSIS_000001,2004,51.81518653
LBY,WHOSIS_000001,2011,71.43952101
JAM,WHOSIS_000001,2010,73.95794492
UKR,WHOSIS_000001,2014,70.89072091
SEN,WHOSIS_000001,2006,63.06775371
HND,WHOSIS_000001,2021,68.96309289
BIH,WHOSIS_000001,2014,77.17772515
COL,WHOSIS_000001,2018,77.82372796
HND,WHOSIS_000001,2017,71.27116934
BRA,WHOSIS_000001,2004,72.50201054
ROU,WHOSIS_000001,2010,73.69918195
CUB,WHOSIS_000001,2001,76.71378311
ITA,WHOSIS_000001,2000,79.36611399
TUR,WHOSIS_000001,2012,76.83621576
AMR,WHOSIS_000001,2020,75.0691549
EUR,WHOSIS_000001,2011,76.14127866
MEX,WHOSIS_000001,2010,74.95254484
GUY,WHOSIS_000001,2019,68.73185311
BIH,WHOSIS_000001,2021,74.84944487
ETH,WHOSIS_000001,2007,59.72840645
HND,WHOSIS_000001,2004,70.3400508
KEN,WHOSIS_000001,2012,62.61585724
MLT,WHOSIS_000001,2011,80.71689503
LKA,WHOSIS_000001,2013,75.82006448
AUS,WHOSIS_000001,2013,82.46342447
GAB,WHOSIS_000001,2003,58.21558345
CHL,WHOSIS_000001,2019,81.02769155
WB_UMI,WHOSIS_000001,2000,69.79700261
WB_HI,WHOSIS_000001,2001,77.77308056
CPV,WHOSIS_000001,2004,72.44024713
BHS,WHOSIS_000001,2016,72.949178
GRD,WHOSIS_000001,2007,71.03136798
GAB,WHOSIS_000001,2009,61.22876669
ATG,WHOSIS_000001,2012,75.66312684
AGO,WHOSIS_000001,2011,58.75334146
PAN,WHOSIS_000001,2014,77.76557135
CRI,WHOSIS_000001,2014,80.47995762
KAZ,WHOSIS_000001,2007,65.80148574
CHN,WHOSIS_000001,2009,74.38654953
CMR,WHOSIS_000001,2005,54.1270059
WB_HI,WHOSIS_000001,2014,80.53130986
TZA,WHOSIS_000001,2019,66.78631383
BEN,WHOSIS_000001,2003,58.45855402
SLB,WHOSIS_000001,2020,65.39475136
NER,WHOSIS_000001,2020,60.39192551
NLD,WHOSIS_000001,2020,81.40141308
YEM,WHOSIS_000001,2002,64.16252882
COG,WHOSIS_000001,2007,58.25955292
RUS,WHOSIS_000001,2001,65.100666
SRB,WHOSIS_000001,2007,73.57700553
MOZ,WHOSIS_000001,2018,57.94330191
TGO,WHOSIS_000001,2020,63.84914267
KHM,WHOSIS_000001,2021,68.92399972
IND,WHOSIS_000001,2021,67.30780612
BDI,WHOSIS_000001,2002,46.77202104
MMR,WHOSIS_000001,2020,68.86849549
SAU,WHOSIS_000001,2000,70.56634565
DJI,WHOSIS_000001,2009,61.71487892
LSO,WHOSIS_000001,2015,48.83813559
DZA,WHOSIS_000001,2006,74.34609406
SLB,WHOSIS_000001,2013,64.84559966
NOR,WHOSIS_000001,2003,79.39711298
NIC,WHOSIS_000001,2005,75.7199093
TTO,WHOSIS_000001,2021,71.70712647
ETH,WHOSIS_000001,2013,65.91159894
KOR,WHOSIS_000001,2012,81.13219539
FSM,WHOSIS_000001,2018,65.82693994
WB_HI,WHOSIS_000001,2000,77.53178071
GRC,WHOSIS_000001,2020,80.6317386
IRL,WHOSIS_000001,2011,80.38545702
KWT,WHOSIS_000001,2003,78.76242947
ARM,WHOSIS_000001,2017,75.18435169
SVK,WHOSIS_000001,2010,75.44924081
BLR,WHOSIS_000001,2011,70.57181476
URY,WHOSIS_000001,2013,76.7019772
AFG,WHOSIS_000001,2005,56.79050349
COL,WHOSIS_000001,2003,73.54484514
KHM,WHOSIS_000001,2011,67.25370356
ARM,WHOSIS_000001,2003,71.70802942
ROU,WHOSIS_000001,2019,75.4603753
AZE,WHOSIS_000001,2016,73.96997105
NAM,WHOSIS_000001,2002,51.74325949
WB_LMI,WHOSIS_000001,2006,64.97632364
EST,WHOSIS_000001,2002,71.18420468
BIH,WHOSIS_000001,2008,76.76846848
DNK,WHOSIS_000001,2020,81.36821984
POL,WHOSIS_000001,2002,74.45428635
BLR,WHOSIS_000001,2021,73.12324771
BDI,WHOSIS_000001,2012,61.17471181
KOR,WHOSIS_000001,2003,77.4435747
TLS,WHOSIS_000001,2001,63.41630684
URY,WHOSIS_000001,2019,77.01365627
MKD,WHOSIS_000001,2002,72.91273812
PRT,WHOSIS_000001,2016,80.90466136
LBN,WHOSIS_000001,2017,79.03043282
SGP,WHOSIS_000001,2006,80.98074622
ALB,WHOSIS_000001,2012,77.34194982
VCT,WHOSIS_000001,2016,72.98153488
COM,WHOSIS_000001,2011,65.80471815
ISR,WHOSIS_000001,2015,81.91113219
WB_LMI,WHOSIS_000001,2010,66.49609395
MDA,WHOSIS_000001,2009,68.02716399
ZAF,WHOSIS_000001,2021,61.49918805
JOR,WHOSIS_000001,2012,77.13092988
PHL,WHOSIS_000001,2005,69.36187224
NIC,WHOSIS_000001,2021,75.02796138
UKR,WHOSIS_000001,2002,67.49385199
COM,WHOSIS_000001,2015,67.42647275
COG,WHOSIS_000001,2014,61.64003199
NIC,WHOSIS_000001,2001,76.09169207
BWA,WHOSIS_000001,2021,61.23119159
BGD,WHOSIS_000001,2004,67.36950715
LTU,WHOSIS_000001,2005,71.1036825
LKA,WHOSIS_000001,2021,77.22895472
MOZ,WHOSIS_000001,2003,51.67123667
DNK,WHOSIS_000001,2012,79.96581949
TUR,WHOSIS_000001,2004,75.833599
PRK,WHOSIS_000001,2004,69.49692995
FSM,WHOSIS_000001,2009,64.68062183
MMR,WHOSIS_000001,2010,64.64371806
CZE,WHOSIS_000001,2010,77.55051822
PRK,WHOSIS_000001,2020,72.37904945
MAR,WHOSIS_000001,2019,73.7488551
SWE,WHOSIS_000001,2004,80.35214323
NGA,WHOSIS_000001,2020,62.83540426
SSD,WHOSIS_000001,2001,52.94166517
LBY,WHOSIS_000001,2009,74.13441802
TLS,WHOSIS_000001,2000,62.86576561
CUB,WHOSIS_000001,2008,77.87743841
COG,WHOSIS_000001,2012,61.21875153
VEN,WHOSIS_000001,2019,72.71401189
ECU,WHOSIS_000001,2018,77.46907136
SLV,WHOSIS_000001,2003,73.05229991
EST,WHOSIS_000001,2012,76.40758544
CYP,WHOSIS_000001,2016,81.7149767
NZL,WHOSIS_000001,2021,82.20149177
MLI,WHOSIS_000001,2013,59.37937448
ZMB,WHOSIS_000001,2002,45.80351415
WB_HI,WHOSIS_000001,2016,80.5831754
EST,WHOSIS_000001,2001,70.85470275
CRI,WHOSIS_000001,2017,80.19506162
BOL,WHOSIS_000001,2019,72.91976198
MUS,WHOSIS_000001,2001,71.43968836
MYS,WHOSIS_000001,2008,74.19396011
GLOBAL,WHOSIS_000001,2008,69.70064415
AFG,WHOSIS_000001,2007,57.2548387
NER,WHOSIS_000001,2012,58.92187052
ERI,WHOSIS_000001,2001,56.20141934
BRB,WHOSIS_000001,2008,75.50932099
KGZ,WHOSIS_000001,2018,73.2888512
DZA,WHOSIS_000001,2019,76.54768313
STP,WHOSIS_000001,2013,69.94836441
BWA,WHOSIS_000001,2018,64.53046521
KOR,WHOSIS_000001,2014,82.15999534
GNB,WHOSIS_000001,2006,52.75265393
SVK,WHOSIS_000001,2015,76.59625031
KOR,WHOSIS_000001,2016,82.73176167
PER,WHOSIS_000001,2015,80.33747677
FJI,WHOSIS_000001,2017,67.87169424
HND,WHOSIS_000001,2002,70.08108435
KEN,WHOSIS_000001,2014,63.63694431
GAB,WHOSIS_000001,2002,58.05614161
TGO,WHOSIS_000001,2016,62.01053382
SLE,WHOSIS_000001,2008,53.55359388
BRN,WHOSIS_000001,2019,76.67529662
AFR,WHOSIS_000001,2003,54.27104176
DZA,WHOSIS_000001,2012,75.63920415
THA,WHOSIS_000001,2014,76.7567559
GHA,WHOSIS_000001,2021,66.10178519
IRQ,WHOSIS_000001,2013,71.2340952
UKR,WHOSIS_000001,2004,67.43010343
WB_LMI,WHOSIS_000001,2012,67.39300802
ARE,WHOSIS_000001,2001,78.27568092
UKR,WHOSIS_000001,2000,67.55459596
MNG,WHOSIS_000001,2006,65.78316962
GTM,WHOSIS_000001,2002,69.34050502
SUR,WHOSIS_000001,2018,73.08581977
IND,WHOSIS_000001,2016,69.7812294
LBR,WHOSIS_000001,2000,53.27371266
SGP,WHOSIS_000001,2010,81.76163848
VEN,WHOSIS_000001,2004,74.41023981
CUB,WHOSIS_000001,2012,78.42125643
HUN,WHOSIS_000001,2019,76.33548535
CHL,WHOSIS_000001,2017,80.65876294
UKR,WHOSIS_000001,2008,67.905744
CRI,WHOSIS_000001,2008,80.2939043
KWT,WHOSIS_000001,2014,81.88077916
USA,WHOSIS_000001,2020,76.89250856
PRI,WHOSIS_000001,2011,78.60025958
SDN,WHOSIS_000001,2005,64.87410418
ATG,WHOSIS_000001,2010,75.57823922
LCA,WHOSIS_000001,2019,76.11613744
CIV,WHOSIS_000001,2004,52.80209302
AZE,WHOSIS_000001,2014,72.71925019
PNG,WHOSIS_000001,2006,63.77212081
GBR,WHOSIS_000001,2015,80.65863594
IRN,WHOSIS_000001,2018,77.69013655
COM,WHOSIS_000001,2008,65.33611843
SGP,WHOSIS_000001,2012,82.21523479
MDA,WHOSIS_000001,2018,72.90339608
GNB,WHOSIS_000001,2018,58.6003654
VUT,WHOSIS_000001,2008,65.68985149
RWA,WHOSIS_000001,2021,67.54213882
FIN,WHOSIS_000001,2015,81.19884704
GNB,WHOSIS_000001,2019,58.97631495
SLB,WHOSIS_000001,2010,64.36844431
ISL,WHOSIS_000001,2018,82.37332681
SLB,WHOSIS_000001,2008,64.05632367
HRV,WHOSIS_000001,2002,75.01293534
TGO,WHOSIS_000001,2010,59.15723761
GRD,WHOSIS_000001,2004,70.40655547
AUS,WHOSIS_000001,2007,81.37282665
GRD,WHOSIS_000001,2015,72.54736101
UGA,WHOSIS_000001,2008,57.97310088
MNG,WHOSIS_000001,2000,63.19839599
MMR,WHOSIS_000001,2012,65.86631653
RUS,WHOSIS_000001,2021,70.017337
SLE,WHOSIS_000001,2021,61.0228635
ERI,WHOSIS_000001,2010,60.44258181
VEN,WHOSIS_000001,2002,74.25516144
CAF,WHOSIS_000001,2018,52.13733768
ROU,WHOSIS_000001,2006,72.58593443
NLD,WHOSIS_000001,2001,78.21818271
UGA,WHOSIS_000001,2019,66.0878394
LUX,WHOSIS_000001,2008,80.56515483
MDG,WHOSIS_000001,2013,63.11657152
KIR,WHOSIS_000001,2003,60.80039427
EGY,WHOSIS_000001,2004,69.18228637
UGA,WHOSIS_000001,2021,65.98577935
BEL,WHOSIS_000001,2004,78.79615664
SDN,WHOSIS_000001,2009,66.44393468
CHE,WHOSIS_000001,2003,80.40439825
RUS,WHOSIS_000001,2006,66.48842347
BHS,WHOSIS_000001,2021,70.43274063
FSM,WHOSIS_000001,2006,64.28893329
WB_HI,WHOSIS_000001,2011,80.00535625
MRT,WHOSIS_000001,2011,68.79857098
PSE,WHOSIS_000001,2021,73.49178033
ESP,WHOSIS_000001,2010,81.693057
BRB,WHOSIS_000001,2015,76.29023437
CIV,WHOSIS_000001,2011,57.55420401
AFR,WHOSIS_000001,2015,62.45046693
PRK,WHOSIS_000001,2003,69.38323785
LAO,WHOSIS_000001,2004,60.73825821
EUR,WHOSIS_000001,2001,72.67016514
TUR,WHOSIS_000001,2011,76.69522957
KGZ,WHOSIS_000001,2001,66.68305593
WB_LMI,WHOSIS_000001,2008,65.5652106
BLZ,WHOSIS_000001,2004,72.03089544
NLD,WHOSIS_000001,2004,79.09591855
WPR,WHOSIS_000001,2001,72.23557905
BRA,WHOSIS_000001,2010,73.92337469
SVN,WHOSIS_000001,2001,76.22393944
ISL,WHOSIS_000001,2007,81.14698057
JOR,WHOSIS_000001,2013,77.52470069
IRQ,WHOSIS_000001,2003,68.91366628
GIN,WHOSIS_000001,2000,54.19541328
AMR,WHOSIS_000001,2002,74.50152763
ARM,WHOSIS_000001,2015,74.27859114
TUN,WHOSIS_000001,2012,76.52515319
KAZ,WHOSIS_000001,2012,69.67761395
FIN,WHOSIS_000001,2001,78.01784738
SLV,WHOSIS_000001,2008,74.41041249
NPL,WHOSIS_000001,2020,70.98964531
KHM,WHOSIS_000001,2006,64.39387062
SGP,WHOSIS_000001,2016,83.24199269
ISR,WHOSIS_000001,2008,80.42212771
SYR,WHOSIS_000001,2007,73.62412875
WSM,WHOSIS_000001,2012,70.27478818
TUR,WHOSIS_000001,2016,76.66589183
MRT,WHOSIS_000001,2015,69.45426817
TCD,WHOSIS_000001,2003,52.10728656
PRT,WHOSIS_000001,2006,78.74114417
ETH,WHOSIS_000001,2004,55.83373985
LCA,WHOSIS_000001,2007,75.22231763
CRI,WHOSIS_000001,2019,80.30073211
MDA,WHOSIS_000001,2011,69.82070445
KGZ,WHOSIS_000001,2017,72.80933995
WB_LI,WHOSIS_000001,2008,59.5862953
GHA,WHOSIS_000001,2003,59.53762932
TJK,WHOSIS_000001,2017,73.18915767
BDI,WHOSIS_000001,2013,61.79608792
CAN,WHOSIS_000001,2006,80.37081942
KEN,WHOSIS_000001,2018,66.06922549
PRY,WHOSIS_000001,2014,75.31468858
BFA,WHOSIS_000001,2018,62.36096547
NZL,WHOSIS_000001,2010,80.9444522
IRN,WHOSIS_000001,2002,74.01828515
COM,WHOSIS_000001,2002,63.12089097
JPN,WHOSIS_000001,2003,82.14025197
NLD,WHOSIS_000001,2011,80.95610777
DOM,WHOSIS_000001,2011,74.02906414
DNK,WHOSIS_000001,2019,81.27895276
GHA,WHOSIS_000001,2007,60.66755486
MNG,WHOSIS_000001,2003,64.44695031
NPL,WHOSIS_000001,2010,69.47191971
BLR,WHOSIS_000001,2007,70.20054242
ARG,WHOSIS_000001,2005,75.25530861
ESP,WHOSIS_000001,2008,80.97341639
LUX,WHOSIS_000001,2017,82.70166924
DNK,WHOSIS_000001,2010,79.16903741
BHR,WHOSIS_000001,2020,74.85398109
CAN,WHOSIS_000001,2011,81.40188658
IDN,WHOSIS_000001,2007,68.63781807
MDA,WHOSIS_000001,2004,66.63893532
ISR,WHOSIS_000001,2012,81.57002049
KWT,WHOSIS_000001,2020,78.76948984
VCT,WHOSIS_000001,2009,73.56239685
FJI,WHOSIS_000001,2005,67.08454719
ECU,WHOSIS_000001,2001,73.06545756
IND,WHOSIS_000001,2010,67.480793
DNK,WHOSIS_000001,2007,78.29892667
PRY,WHOSIS_000001,2012,75.12046624
ALB,WHOSIS_000001,2015,77.76638448
PAN,WHOSIS_000001,2006,76.72660117
DNK,WHOSIS_000001,2017,80.94104357
SOM,WHOSIS_000001,2014,53.08816189
NER,WHOSIS_000001,2003,52.7806989
NGA,WHOSIS_000001,2005,56.9174905
MUS,WHOSIS_000001,2004,71.98706152
ARG,WHOSIS_000001,2016,76.12474817
AZE,WHOSIS_000001,2018,75.13145241
JAM,WHOSIS_000001,2001,72.14321688
RWA,WHOSIS_000001,2018,67.62644841
SYC,WHOSIS_000001,2012,73.25421096
DZA,WHOSIS_000001,2008,74.83898594
TLS,WHOSIS_000001,2013,67.45652515
ESP,WHOSIS_000001,2021,82.66267258
CHL,WHOSIS_000001,2016,80.46247256
BHS,WHOSIS_000001,2020,72.61586296
SVK,WHOSIS_000001,2011,75.93326104
ZMB,WHOSIS_000001,2019,61.76313302
NLD,WHOSIS_000001,2021,81.12478594
TGO,WHOSIS_000001,2007,57.69120242
GTM,WHOSIS_000001,2018,72.72918484
ESP,WHOSIS_000001,2014,82.58446278
DOM,WHOSIS_000001,2019,73.91314074
HUN,WHOSIS_000001,2003,72.45014443
SVN,WHOSIS_000001,2018,80.95873943
AGO,WHOSIS_000001,2019,62.49147407
TTO,WHOSIS_000001,2004,71.34856579
CHN,WHOSIS_000001,2001,71.13400253
ETH,WHOSIS_000001,2006,58.32029564
EMR,WHOSIS_000001,2015,68.93543861
QAT,WHOSIS_000001,2017,78.5144035
ZWE,WHOSIS_000001,2000,45.74529001
IRL,WHOSIS_000001,2002,77.48003704
GAB,WHOSIS_000001,2007,60.67060002
BLZ,WHOSIS_000001,2021,73.32055336
BDI,WHOSIS_000001,2003,47.93043118
SLB,WHOSIS_000001,2019,65.67290557
BLR,WHOSIS_000001,2008,70.33830973
TTO,WHOSIS_000001,2020,73.63599489
VEN,WHOSIS_000001,2007,74.52946535
SYR,WHOSIS_000001,2004,72.88238933
LSO,WHOSIS_000001,2019,51.77851899
JPN,WHOSIS_000001,2012,83.32740995
LSO,WHOSIS_000001,2003,45.64538324
BLZ,WHOSIS_000001,2015,74.30568158
CMR,WHOSIS_000001,2018,61.3869156
STP,WHOSIS_000001,2006,66.784757
TON,WHOSIS_000001,2010,72.11458049
COG,WHOSIS_000001,2005,56.51057672
BOL,WHOSIS_000001,2020,67.11714577
IRN,WHOSIS_000001,2008,75.92719356
TKM,WHOSIS_000001,2006,65.67349206
WPR,WHOSIS_000001,2021,77.41814299
BWA,WHOSIS_000001,2001,46.70431922
CAN,WHOSIS_000001,2014,81.59103957
KOR,WHOSIS_000001,2015,82.40187033
NER,WHOSIS_000001,2005,54.754071
SYR,WHOSIS_000001,2014,60.24065156
CHN,WHOSIS_000001,2002,71.4546616
MKD,WHOSIS_000001,2012,74.93753664
IRL,WHOSIS_000001,2015,81.13790588
EMR,WHOSIS_000001,2019,70.18316524
GRC,WHOSIS_000001,2017,80.69403193
WB_LMI,WHOSIS_000001,2016,68.75196172
BLR,WHOSIS_000001,2009,70.47736788
IRN,WHOSIS_000001,2013,77.19669632
UGA,WHOSIS_000001,2004,53.13418916
IRQ,WHOSIS_000001,2002,70.04461594
GTM,WHOSIS_000001,2007,70.68269963
TTO,WHOSIS_000001,2016,73.83467512
TLS,WHOSIS_000001,2020,68.91671885
BRA,WHOSIS_000001,2012,74.28196582
MLT,WHOSIS_000001,2005,79.12587951
BTN,WHOSIS_000001,2019,73.93027807
GAB,WHOSIS_000001,2010,61.73354089
NZL,WHOSIS_000001,2020,82.5016081
TUN,WHOSIS_000001,2004,75.17294716
SLB,WHOSIS_000001,2017,65.4106128
VEN,WHOSIS_000001,2012,74.44482492
BEL,WHOSIS_000001,2003,78.11449295
SWZ,WHOSIS_000001,2017,53.80924436
EGY,WHOSIS_000001,2002,68.85252001
PER,WHOSIS_000001,2012,79.02001015
CYP,WHOSIS_000001,2011,81.38772648
YEM,WHOSIS_000001,2001,63.62361632
SAU,WHOSIS_000001,2020,76.05844679
LBN,WHOSIS_000001,2013,78.16479469
HUN,WHOSIS_000001,2000,71.36114531
TKM,WHOSIS_000001,2001,65.9484733
BTN,WHOSIS_000001,2000,65.98956136
HUN,WHOSIS_000001,2009,74.22416063
MKD,WHOSIS_000001,2004,73.62319794
CAN,WHOSIS_000001,2003,79.5801332
TGO,WHOSIS_000001,2000,56.07824585
IRL,WHOSIS_000001,2009,79.53106576
SWZ,WHOSIS_000001,2015,52.11336327
KWT,WHOSIS_000001,2009,79.20188159
VNM,WHOSIS_000001,2014,72.95094965
COG,WHOSIS_000001,2010,60.60462815
WSM,WHOSIS_000001,2007,70.4708852
VCT,WHOSIS_000001,2019,73.10795228
MLI,WHOSIS_000001,2020,61.46815324
WPR,WHOSIS_000001,2019,77.48911331
CIV,WHOSIS_000001,2015,60.9342411
BLR,WHOSIS_000001,2020,73.01027649
GRC,WHOSIS_000001,2007,79.45113677
DZA,WHOSIS_000001,2015,76.06909233
AUT,WHOSIS_000001,2011,80.73795859
NPL,WHOSIS_000001,2006,68.54567896
ISL,WHOSIS_000001,2021,82.57766731
ROU,WHOSIS_000001,2020,74.09623224
BHR,WHOSIS_000001,2003,70.65076259
TGO,WHOSIS_000001,2004,56.74808404
DNK,WHOSIS_000001,2018,80.82345271
WB_UMI,WHOSIS_000001,2002,70.1811273
LCA,WHOSIS_000001,2011,76.24846107
NPL,WHOSIS_000001,2011,69.60828031
AUT,WHOSIS_000001,2016,81.38820091
UGA,WHOSIS_000001,2007,56.83050321
GIN,WHOSIS_000001,2004,56.03427492
NGA,WHOSIS_000001,2014,61.37523759
BHR,WHOSIS_000001,2017,75.71095601
AMR,WHOSIS_000001,2015,76.79070798
RWA,WHOSIS_000001,2019,67.75562916
MWI,WHOSIS_000001,2016,62.19781015
EGY,WHOSIS_000001,2010,69.83444177
HND,WHOSIS_000001,2001,69.91583233
PER,WHOSIS_000001,2004,76.9955842
GHA,WHOSIS_000001,2017,65.08594377
LBR,WHOSIS_000001,2004,56.44158136
SUR,WHOSIS_000001,2017,73.2092718
BRB,WHOSIS_000001,2005,74.96322109
TCD,WHOSIS_000001,2002,51.79475115
SSD,WHOSIS_000001,2011,58.95406766
CHE,WHOSIS_000001,2002,80.41025592
MRT,WHOSIS_000001,2021,68.86843813
CIV,WHOSIS_000001,2017,62.27592918
GUY,WHOSIS_000001,2018,68.74661773
SLE,WHOSIS_000001,2003,51.5179057
PRT,WHOSIS_000001,2007,78.95554595
AUT,WHOSIS_000001,2001,78.64264138
LBY,WHOSIS_000001,2014,72.6011445
MWI,WHOSIS_000001,2004,48.06087588
CHE,WHOSIS_000001,2011,82.36855875
YEM,WHOSIS_000001,2011,68.13030665
COM,WHOSIS_000001,2000,62.03733666
BLZ,WHOSIS_000001,2002,71.34369042
COD,WHOSIS_000001,2004,54.34409074
EGY,WHOSIS_000001,2017,71.25138812
BEN,WHOSIS_000001,2012,61.81459199
MEX,WHOSIS_000001,2021,70.83258685
SLV,WHOSIS_000001,2020,72.06392712
ECU,WHOSIS_000001,2007,74.34691701
AMR,WHOSIS_000001,2005,75.28865511
FJI,WHOSIS_000001,2010,67.3135839
NER,WHOSIS_000001,2006,55.74288168
SGP,WHOSIS_000001,2018,83.50811882
THA,WHOSIS_000001,2015,76.97043175
ITA,WHOSIS_000001,2016,82.86744999
ZAF,WHOSIS_000001,2006,52.10797353
SYC,WHOSIS_000001,2018,73.08090426
DNK,WHOSIS_000001,2003,77.31785032
GRD,WHOSIS_000001,2000,71.59448817
MAR,WHOSIS_000001,2005,71.23383994
KAZ,WHOSIS_000001,2005,65.06712568
UKR,WHOSIS_000001,2003,67.52472284
CHE,WHOSIS_000001,2014,82.84919576
USA,WHOSIS_000001,2002,76.84998093
IND,WHOSIS_000001,2013,68.51609058
ZAF,WHOSIS_000001,2014,62.78312708
GUY,WHOSIS_000001,2020,66.93943966
HUN,WHOSIS_000001,2021,74.39546955
PRI,WHOSIS_000001,2009,78.42308292
EMR,WHOSIS_000001,2013,68.82100699
BRB,WHOSIS_000001,2011,76.02367426
KIR,WHOSIS_000001,2007,61.1868882
MLT,WHOSIS_000001,2020,82.01477782
SSD,WHOSIS_000001,2016,59.18616055
MUS,WHOSIS_000001,2012,73.69029649
ARE,WHOSIS_000001,2012,80.30618497
AUS,WHOSIS_000001,2011,81.93172968
BLR,WHOSIS_000001,2010,70.35076033
ITA,WHOSIS_000001,2011,81.82897949
VNM,WHOSIS_000001,2006,72.23737668
MWI,WHOSIS_000001,2000,44.64126346
PRI,WHOSIS_000001,2004,77.47011967
POL,WHOSIS_000001,2019,77.72984544
SAU,WHOSIS_000001,2002,71.0757645
BHR,WHOSIS_000001,2011,74.19533253
JPN,WHOSIS_000001,2010,83.08330199
MDV,WHOSIS_000001,2019,75.44939578
GLOBAL,WHOSIS_000001,2003,67.61658
RUS,WHOSIS_000001,2020,71.37748039
CIV,WHOSIS_000001,2003,52.20445217
IRQ,WHOSIS_000001,2021,71.46632369
TZA,WHOSIS_000001,2016,65.60342077
MEX,WHOSIS_000001,2000,74.21831002
HND,WHOSIS_000001,2005,70.54437222
CMR,WHOSIS_000001,2000,52.95852821
TZA,WHOSIS_000001,2008,60.43730538
PAK,WHOSIS_000001,2003,62.14630981
PRK,WHOSIS_000001,2019,72.31891378
GRC,WHOSIS_000001,2013,80.77961776
TZA,WHOSIS_000001,2002,54.24829544
BRN,WHOSIS_000001,2002,75.90522385
OMN,WHOSIS_000001,2013,73.91615999
GUY,WHOSIS_000001,2015,66.95276619
BGR,WHOSIS_000001,2001,71.85118008
RUS,WHOSIS_000001,2005,65.18978014
GBR,WHOSIS_000001,2003,78.14795765
SLE,WHOSIS_000001,2018,59.8662114
KWT,WHOSIS_000001,2019,82.50221054
JPN,WHOSIS_000001,2006,82.59216336
ETH,WHOSIS_000001,2020,68.79596101
AUT,WHOSIS_000001,2012,80.71875852
PRI,WHOSIS_000001,2016,80.23535619
GAB,WHOSIS_000001,2011,62.08769123
SGP,WHOSIS_000001,2021,83.85708962
GNQ,WHOSIS_000001,2014,61.53172347
GNB,WHOSIS_000001,2021,58.62801846
SSD,WHOSIS_000001,2015,59.27637583
BHR,WHOSIS_000001,2021,74.38371772
BOL,WHOSIS_000001,2015,71.94895895
QAT,WHOSIS_000001,2001,70.31526721
MYS,WHOSIS_000001,2004,73.82138244
URY,WHOSIS_000001,2004,75.26030661
CIV,WHOSIS_000001,2005,53.84685304
KAZ,WHOSIS_000001,2010,68.51031045
AZE,WHOSIS_000001,2019,75.79966602
POL,WHOSIS_000001,2020,76.38788167
KGZ,WHOSIS_000001,2015,71.54340028
GMB,WHOSIS_000001,2013,63.42180565
AGO,WHOSIS_000001,2018,62.27158067
BGD,WHOSIS_000001,2019,73.94958231
SOM,WHOSIS_000001,2003,49.50039991
RWA,WHOSIS_000001,2001,48.33271376
MMR,WHOSIS_000001,2007,62.77565744
TON,WHOSIS_000001,2001,71.21713536
MWI,WHOSIS_000001,2006,50.92538724
SUR,WHOSIS_000001,2016,73.09259708
TLS,WHOSIS_000001,2012,67.450997
CRI,WHOSIS_000001,2018,80.28882351
IRL,WHOSIS_000001,2012,80.49448401
JAM,WHOSIS_000001,2018,72.51790169
MKD,WHOSIS_000001,2010,74.84175417
NZL,WHOSIS_000001,2018,81.75540508
IRL,WHOSIS_000001,2003,78.02379273
BGD,WHOSIS_000001,2010,70.06425679
ARE,WHOSIS_000001,2007,80.5952165
AFR,WHOSIS_000001,2012,60.93267407
POL,WHOSIS_000001,2004,74.76713155
WPR,WHOSIS_000001,2013,76.25932609
ZAF,WHOSIS_000001,2002,54.31987896
NOR,WHOSIS_000001,2014,81.82844761
PAK,WHOSIS_000001,2008,63.66141289
NGA,WHOSIS_000001,2019,63.06578367
UZB,WHOSIS_000001,2010,66.71556004
FIN,WHOSIS_000001,2005,78.98273143
GRC,WHOSIS_000001,2005,79.40149641
MAR,WHOSIS_000001,2011,72.57738576
SYC,WHOSIS_000001,2013,73.28849847
CHN,WHOSIS_000001,2017,76.94625698
FJI,WHOSIS_000001,2008,67.02758771
EST,WHOSIS_000001,2018,78.3489275
GEO,WHOSIS_000001,2017,73.50475808
SAU,WHOSIS_000001,2006,72.03628203
GUY,WHOSIS_000001,2006,65.30397068
AMR,WHOSIS_000001,2021,74.11268797
URY,WHOSIS_000001,2009,76.67128798
SLB,WHOSIS_000001,2011,64.51306313
QAT,WHOSIS_000001,2012,74.98566602
NAM,WHOSIS_000001,2006,54.69956495
PRT,WHOSIS_000001,2017,81.14657369
AFR,WHOSIS_000001,2000,52.98151168
TLS,WHOSIS_000001,2014,67.48250838
CPV,WHOSIS_000001,2005,72.6194338
LAO,WHOSIS_000001,2006,61.98382706
BGR,WHOSIS_000001,2012,74.28202002
MYS,WHOSIS_000001,2000,73.01343106
QAT,WHOSIS_000001,2000,70.38243907
OMN,WHOSIS_000001,2001,72.18472491
UGA,WHOSIS_000001,2009,59.05814244
SRB,WHOSIS_000001,2020,74.43296608
IRQ,WHOSIS_000001,2001,69.81029867
DZA,WHOSIS_000001,2018,76.4358357
BLR,WHOSIS_000001,2014,73.15346125
DOM,WHOSIS_000001,2015,73.29460988
LVA,WHOSIS_000001,2019,75.68490068
DEU,WHOSIS_000001,2003,78.45648391
BLZ,WHOSIS_000001,2011,73.84911498
SVN,WHOSIS_000001,2012,79.89107651
AUS,WHOSIS_000001,2017,82.67971308
CPV,WHOSIS_000001,2006,73.4096215
BTN,WHOSIS_000001,2002,67.84566543
PHL,WHOSIS_000001,2007,69.58190674
TON,WHOSIS_000001,2019,72.94212581
AUS,WHOSIS_000001,2006,81.04245453
ISL,WHOSIS_000001,2005,80.90304444
FSM,WHOSIS_000001,2001,63.81961029
KEN,WHOSIS_000001,2007,58.55063756
PNG,WHOSIS_000001,2011,65.03278821
JAM,WHOSIS_000001,2011,72.86139713
CHL,WHOSIS_000001,2005,78.0049121
CYP,WHOSIS_000001,2010,81.17822871
MLT,WHOSIS_000001,2017,82.05744637
DNK,WHOSIS_000001,2013,80.1645831
LBN,WHOSIS_000001,2018,79.36847038
COM,WHOSIS_000001,2018,68.19621524
SAU,WHOSIS_000001,2013,77.33139242
CHN,WHOSIS_000001,2019,77.31273653
BWA,WHOSIS_000001,2000,47.16383585
GAB,WHOSIS_000001,2013,63.25439162
ARG,WHOSIS_000001,2003,74.25492535
ZAF,WHOSIS_000001,2003,52.93394541
PRY,WHOSIS_000001,2003,75.00581985
GBR,WHOSIS_000001,2011,80.64139781
ARE,WHOSIS_000001,2017,80.92702059
JOR,WHOSIS_000001,2005,73.42688191
THA,WHOSIS_000001,2020,76.50524949
LKA,WHOSIS_000001,2008,73.1378661
GHA,WHOSIS_000001,2010,61.9748058
TGO,WHOSIS_000001,2011,59.7945853
SOM,WHOSIS_000001,2004,49.44567549
KIR,WHOSIS_000001,2000,60.08437065
BHS,WHOSIS_000001,2000,70.96744554
TCD,WHOSIS_000001,2005,52.94619682
PSE,WHOSIS_000001,2020,75.1341365
LVA,WHOSIS_000001,2014,74.4358747
ESP,WHOSIS_000001,2020,81.92498871
SLE,WHOSIS_000001,2009,54.19029086
MUS,WHOSIS_000001,2006,72.37604294
MDA,WHOSIS_000001,2019,73.32010877
TGO,WHOSIS_000001,2001,56.11218609
ITA,WHOSIS_000001,2013,82.2878749
LBY,WHOSIS_000001,2002,73.4501765
SUR,WHOSIS_000001,2011,73.11587921
SYC,WHOSIS_000001,2004,72.21510064
LUX,WHOSIS_000001,2015,82.3849065
SDN,WHOSIS_000001,2003,63.67737719
ERI,WHOSIS_000001,2007,59.29093298
SYC,WHOSIS_000001,2014,73.23814592
VCT,WHOSIS_000001,2000,71.66187212
USA,WHOSIS_000001,2006,77.68331379
CHE,WHOSIS_000001,2009,81.89043047
SLV,WHOSIS_000001,2021,71.66703998
AZE,WHOSIS_000001,2013,72.08992478
JOR,WHOSIS_000001,2020,77.55988721
BWA,WHOSIS_000001,2006,54.88555112
MDV,WHOSIS_000001,2008,74.09191071
BGD,WHOSIS_000001,2008,69.03267464
TCD,WHOSIS_000001,2006,53.09314194
USA,WHOSIS_000001,2000,76.65847648
BDI,WHOSIS_000001,2001,45.560229
LBN,WHOSIS_000001,2004,77.0970413
SYC,WHOSIS_000001,2002,72.11976114
BEL,WHOSIS_000001,2012,80.07118579
WPR,WHOSIS_000001,2004,72.92242384
NLD,WHOSIS_000001,2003,78.52543386
GUY,WHOSIS_000001,2007,65.67248785
MYS,WHOSIS_000001,2006,74.30399222
PAN,WHOSIS_000001,2012,77.44906477
FSM,WHOSIS_000001,2011,64.90882285
SEAR,WHOSIS_000001,2005,66.31183727
MAR,WHOSIS_000001,2000,70.19460372
SVK,WHOSIS_000001,2001,73.45130702
GNQ,WHOSIS_000001,2002,55.47366319
CZE,WHOSIS_000001,2012,77.96926876
MMR,WHOSIS_000001,2009,63.9906783
DZA,WHOSIS_000001,2000,72.46839135
AUT,WHOSIS_000001,2017,81.38857295
CPV,WHOSIS_000001,2000,71.69763358
MKD,WHOSIS_000001,2006,73.8246386
MAR,WHOSIS_000001,2009,72.16145438
URY,WHOSIS_000001,2017,77.33933717
RWA,WHOSIS_000001,2009,62.96873523
EMR,WHOSIS_000001,2010,68.14019842
TZA,WHOSIS_000001,2015,65.15719683
AZE,WHOSIS_000001,2010,69.81386619
AMR,WHOSIS_000001,2000,74.0865499
GHA,WHOSIS_000001,2020,66.18136667
TLS,WHOSIS_000001,2002,63.92197693
GLOBAL,WHOSIS_000001,2013,71.6601959
LVA,WHOSIS_000001,2001,69.80978592
MOZ,WHOSIS_000001,2017,57.33253714
IND,WHOSIS_000001,2006,65.87842362
EGY,WHOSIS_000001,2007,69.74814425
BLZ,WHOSIS_000001,2001,70.61498891
VUT,WHOSIS_000001,2014,66.71134263
OMN,WHOSIS_000001,2014,73.9416621
GHA,WHOSIS_000001,2019,65.97133363
LVA,WHOSIS_000001,2006,70.37307271
LAO,WHOSIS_000001,2015,66.87363139
IDN,WHOSIS_000001,2020,69.70367312
DJI,WHOSIS_000001,2002,59.49469647
LSO,WHOSIS_000001,2017,51.05416565
MRT,WHOSIS_000001,2014,69.29386756
URY,WHOSIS_000001,2006,76.33233577
JPN,WHOSIS_000001,2021,84.46067178
LSO,WHOSIS_000001,2013,48.96059544
ETH,WHOSIS_000001,2019,68.84848169
KEN,WHOSIS_000001,2002,54.58698847
NAM,WHOSIS_000001,2017,62.37183813
UZB,WHOSIS_000001,2017,70.40271496
TKM,WHOSIS_000001,2014,68.91649587
DZA,WHOSIS_000001,2013,75.79056138
BIH,WHOSIS_000001,2004,76.62934847
VNM,WHOSIS_000001,2005,72.17650018
ISR,WHOSIS_000001,2002,78.56218757
GNB,WHOSIS_000001,2012,56.47290302
SYR,WHOSIS_000001,2005,73.23261717
SYC,WHOSIS_000001,2005,72.35775752
GMB,WHOSIS_000001,2006,60.88522742
COD,WHOSIS_000001,2012,58.3404554
DOM,WHOSIS_000001,2005,72.80023496
PRT,WHOSIS_000001,2011,80.24005801
GNQ,WHOSIS_000001,2020,61.15866176
FSM,WHOSIS_000001,2020,65.67162273
SSD,WHOSIS_000001,2005,55.89935062
BRA,WHOSIS_000001,2009,73.8424263
PRI,WHOSIS_000001,2010,79.0570999
RWA,WHOSIS_000001,2000,46.89447249
AFG,WHOSIS_000001,2019,61.22381311
WB_UMI,WHOSIS_000001,2014,74.53468804
CIV,WHOSIS_000001,2009,57.18053039
SVN,WHOSIS_000001,2011,79.84960348
POL,WHOSIS_000001,2008,75.43243412
VNM,WHOSIS_000001,2016,73.21381033
WB_UMI,WHOSIS_000001,2012,73.925872
GLOBAL,WHOSIS_000001,2012,71.30778194
TCD,WHOSIS_000001,2009,55.19430969
MLI,WHOSIS_000001,2014,59.77561439
UZB,WHOSIS_000001,2004,63.42369036
CPV,WHOSIS_000001,2019,74.05989707
GLOBAL,WHOSIS_000001,2001,67.09900665
IDN,WHOSIS_000001,2014,70.30298584
IRQ,WHOSIS_000001,2006,67.66517621
IRQ,WHOSIS_000001,2009,70.61725364
ARG,WHOSIS_000001,2021,74.56898059
COL,WHOSIS_000001,2015,77.34484367
ARE,WHOSIS_000001,2020,80.1312721
SEAR,WHOSIS_000001,2000,64.06863574
PSE,WHOSIS_000001,2008,68.97864967
BEL,WHOSIS_000001,2014,80.94130643
SUR,WHOSIS_000001,2020,72.80157877
LSO,WHOSIS_000001,2020,51.85352687
THA,WHOSIS_000001,2007,73.93719029
UZB,WHOSIS_000001,2012,67.64432032
GMB,WHOSIS_000001,2008,61.50169712
BGR,WHOSIS_000001,2014,74.40807537
BRN,WHOSIS_000001,2013,76.81966837
NLD,WHOSIS_000001,2009,80.54360994
ATG,WHOSIS_000001,2018,75.62352245
GRC,WHOSIS_000001,2010,80.23861699
BRB,WHOSIS_000001,2002,74.85759375
SWZ,WHOSIS_000001,2003,42.59286029
GRC,WHOSIS_000001,2002,78.97253017
RUS,WHOSIS_000001,2002,64.86108252
SWE,WHOSIS_000001,2011,81.52274171
WB_HI,WHOSIS_000001,2015,80.39036377
CZE,WHOSIS_000001,2020,78.12978194
LSO,WHOSIS_000001,2006,42.3928282
FRA,WHOSIS_000001,2014,82.2489409
ESP,WHOSIS_000001,2006,80.67223061
MWI,WHOSIS_000001,2001,45.39400815
MNE,WHOSIS_000001,2001,73.45014953
PRI,WHOSIS_000001,2007,78.30688641
UZB,WHOSIS_000001,2008,65.44084852
TKM,WHOSIS_000001,2009,68.42683026
BGR,WHOSIS_000001,2018,74.85071858
AMR,WHOSIS_000001,2012,76.62675954
PHL,WHOSIS_000001,2004,69.2903715
GMB,WHOSIS_000001,2003,59.85443013
BRA,WHOSIS_000001,2000,71.4995438
RWA,WHOSIS_000001,2002,50.60960504
BOL,WHOSIS_000001,2001,66.7449711
URY,WHOSIS_000001,2010,76.48217264
MNE,WHOSIS_000001,2016,77.06052079
MLI,WHOSIS_000001,2000,53.05862872
AUT,WHOSIS_000001,2000,78.17598734
PAK,WHOSIS_000001,2006,63.07149815
ARG,WHOSIS_000001,2011,75.94927296
SYR,WHOSIS_000001,2003,72.65734085
MDG,WHOSIS_000001,2001,59.24814899
SVK,WHOSIS_000001,2000,73.32287483
PER,WHOSIS_000001,2011,78.64438915
SEN,WHOSIS_000001,2014,66.97585439
FRA,WHOSIS_000001,2019,82.52902201
ARE,WHOSIS_000001,2018,81.16639668
SYC,WHOSIS_000001,2011,73.29952908
STP,WHOSIS_000001,2019,71.65568515
SAU,WHOSIS_000001,2016,76.75114086
GAB,WHOSIS_000001,2015,64.00078432
CZE,WHOSIS_000001,2014,78.68016445
THA,WHOSIS_000001,2006,73.40943067
RWA,WHOSIS_000001,2008,62.1374836
ZMB,WHOSIS_000001,2015,60.4135173
EMR,WHOSIS_000001,2000,65.45448064
BRB,WHOSIS_000001,2021,76.8418344
SRB,WHOSIS_000001,2005,72.78382532
MMR,WHOSIS_000001,2002,60.19994618
BTN,WHOSIS_000001,2008,70.90903814
TLS,WHOSIS_000001,2021,67.99671222
PAN,WHOSIS_000001,2020,77.34684989
JAM,WHOSIS_000001,2002,73.03304352
SYR,WHOSIS_000001,2020,71.99813819
BFA,WHOSIS_000001,2001,52.3617692
BHS,WHOSIS_000001,2010,72.74533372
ATG,WHOSIS_000001,2001,74.69656338
CRI,WHOSIS_000001,2015,80.57423676
ATG,WHOSIS_000001,2006,75.54507792
GRD,WHOSIS_000001,2013,72.62189848
JPN,WHOSIS_000001,2020,84.66324868
AZE,WHOSIS_000001,2012,71.2113018
EMR,WHOSIS_000001,2014,68.82634221
SYR,WHOSIS_000001,2001,71.76491508
EMR,WHOSIS_000001,2004,66.33371913
UKR,WHOSIS_000001,2019,73.00449182
AUT,WHOSIS_000001,2002,78.70354232
MKD,WHOSIS_000001,2020,74.37069175
BGD,WHOSIS_000001,2016,73.44362068
LCA,WHOSIS_000001,2013,76.18455493
LUX,WHOSIS_000001,2012,81.56608895
ALB,WHOSIS_000001,2000,73.68285742
LTU,WHOSIS_000001,2014,74.49843919
SVK,WHOSIS_000001,2012,76.13275335
BRB,WHOSIS_000001,2010,75.95734033
LUX,WHOSIS_000001,2020,82.82955161
BFA,WHOSIS_000001,2021,62.29728841
IRQ,WHOSIS_000001,2007,67.80830577
BGR,WHOSIS_000001,2021,71.30586
ITA,WHOSIS_000001,2012,81.83712041
SRB,WHOSIS_000001,2016,75.67951218
SOM,WHOSIS_000001,2016,53.9446075
KWT,WHOSIS_000001,2010,80.49475441
KIR,WHOSIS_000001,2001,60.39204806
BEN,WHOSIS_000001,2006,59.54016851
BGD,WHOSIS_000001,2009,69.60483119
GAB,WHOSIS_000001,2021,65.09380891
GMB,WHOSIS_000001,2009,61.85818495
SEN,WHOSIS_000001,2017,68.11975233
WB_LMI,WHOSIS_000001,2001,62.98194731
PRY,WHOSIS_000001,2008,74.99888647
SYC,WHOSIS_000001,2007,72.47348081
ARG,WHOSIS_000001,2006,75.5327089
GUY,WHOSIS_000001,2000,64.65122902
BWA,WHOSIS_000001,2005,53.16798551
CHL,WHOSIS_000001,2004,77.54890712
ARE,WHOSIS_000001,2010,80.45344335
LVA,WHOSIS_000001,2015,74.8108617
HRV,WHOSIS_000001,2014,78.05645984
FSM,WHOSIS_000001,2000,63.55831516
ZMB,WHOSIS_000001,2009,56.61649649
SEN,WHOSIS_000001,2005,62.36297007
BRA,WHOSIS_000001,2011,74.01518436
BEL,WHOSIS_000001,2016,81.07460591
NPL,WHOSIS_000001,2002,66.45258988
KIR,WHOSIS_000001,2008,61.27006207
TCD,WHOSIS_000001,2000,51.16932904
CHL,WHOSIS_000001,2002,77.34180988
SEN,WHOSIS_000001,2020,68.56112195
SYR,WHOSIS_000001,2000,71.08679254
MEX,WHOSIS_000001,2019,75.8344286
CMR,WHOSIS_000001,2017,60.64260038
GIN,WHOSIS_000001,2011,58.59208329
VEN,WHOSIS_000001,2021,71.22082891
WB_UMI,WHOSIS_000001,2005,70.9395141
COL,WHOSIS_000001,2016,77.57662615
GBR,WHOSIS_000001,2021,80.10062783
UGA,WHOSIS_000001,2003,51.68238982
GNQ,WHOSIS_000001,2016,60.85942801
SLB,WHOSIS_000001,2003,63.54307905
TKM,WHOSIS_000001,2015,68.83222809
PNG,WHOSIS_000001,2014,65.75249158
WPR,WHOSIS_000001,2009,75.02841936
SDN,WHOSIS_000001,2019,69.46506253
FIN,WHOSIS_000001,2006,79.23326293
NOR,WHOSIS_000001,2013,81.43412297
HTI,WHOSIS_000001,2007,59.85463205
BDI,WHOSIS_000001,2009,58.71584557
TLS,WHOSIS_000001,2006,65.99128891
YEM,WHOSIS_000001,2009,67.58534902
MOZ,WHOSIS_000001,2015,55.85530982
TCD,WHOSIS_000001,2010,55.72346132
CPV,WHOSIS_000001,2014,74.86891105
JOR,WHOSIS_000001,2003,73.51735567
GIN,WHOSIS_000001,2007,57.16190125
KHM,WHOSIS_000001,2018,69.35586113
WB_HI,WHOSIS_000001,2017,80.58823029
AUT,WHOSIS_000001,2015,80.98621911
ISL,WHOSIS_000001,2012,81.9847692
ERI,WHOSIS_000001,2004,57.68987112
LTU,WHOSIS_000001,2013,73.86695735
MNG,WHOSIS_000001,2009,66.92759176
TUN,WHOSIS_000001,2003,74.95127697
SWE,WHOSIS_000001,2002,79.75650347
MNG,WHOSIS_000001,2017,70.09899409
ARG,WHOSIS_000001,2010,75.76938267
KGZ,WHOSIS_000001,2010,69.19156126
PAN,WHOSIS_000001,2003,76.1866534
VEN,WHOSIS_000001,2009,74.56885736
ITA,WHOSIS_000001,2007,81.17657713
TJK,WHOSIS_000001,2004,67.99767342
BWA,WHOSIS_000001,2012,59.74879487
ARM,WHOSIS_000001,2014,74.19757704
GHA,WHOSIS_000001,2000,59.08500401
WB_LI,WHOSIS_000001,2009,60.19604573
SLV,WHOSIS_000001,2011,74.57443118
POL,WHOSIS_000001,2005,74.89551806
JPN,WHOSIS_000001,2004,82.37003875
MNE,WHOSIS_000001,2011,75.9899009
BEL,WHOSIS_000001,2001,77.97358091
BRN,WHOSIS_000001,2009,76.87788068
BOL,WHOSIS_000001,2009,70.13714581
BRB,WHOSIS_000001,2001,75.05768919
MYS,WHOSIS_000001,2007,74.43641055
GUY,WHOSIS_000001,2003,64.68058964
JPN,WHOSIS_000001,2000,81.5301793
MYS,WHOSIS_000001,2001,73.51935373
GHA,WHOSIS_000001,2011,62.58287212
LVA,WHOSIS_000001,2004,70.8139625
UZB,WHOSIS_000001,2015,69.42591804
GNB,WHOSIS_000001,2004,51.76786398
AFR,WHOSIS_000001,2013,61.51649833
VEN,WHOSIS_000001,2000,74.03248641
MLI,WHOSIS_000001,2005,56.25739607
LAO,WHOSIS_000001,2013,65.9670211
AUS,WHOSIS_000001,2003,80.56634063
OMN,WHOSIS_000001,2008,73.35031827
THA,WHOSIS_000001,2012,76.18036117
PHL,WHOSIS_000001,2010,69.68865207
KEN,WHOSIS_000001,2000,54.09203911
PNG,WHOSIS_000001,2010,64.88774886
MUS,WHOSIS_000001,2021,73.41967032
MLT,WHOSIS_000001,2009,80.24911661
NOR,WHOSIS_000001,2008,80.49471477
BTN,WHOSIS_000001,2013,72.72164626
TJK,WHOSIS_000001,2008,69.0368299
SWE,WHOSIS_000001,2009,81.1481904
PRY,WHOSIS_000001,2000,74.68296704
MDG,WHOSIS_000001,2003,59.72543671
COL,WHOSIS_000001,2008,75.40888643
ERI,WHOSIS_000001,2002,56.7567552
UZB,WHOSIS_000001,2000,61.67667881
NLD,WHOSIS_000001,2002,78.28829662
KOR,WHOSIS_000001,2001,76.56907797
AGO,WHOSIS_000001,2009,57.07394875
SLB,WHOSIS_000001,2000,63.397598
ISL,WHOSIS_000001,2014,82.09822512
NZL,WHOSIS_000001,2005,79.93637338
SLB,WHOSIS_000001,2005,63.69667846
PAN,WHOSIS_000001,2001,76.07140858
EUR,WHOSIS_000001,2008,74.81612483
SLE,WHOSIS_000001,2015,56.88673236
GAB,WHOSIS_000001,2008,60.80435396
BFA,WHOSIS_000001,2017,61.8809308
WB_UMI,WHOSIS_000001,2019,75.66886287
BEN,WHOSIS_000001,2008,60.45115465
IRQ,WHOSIS_000001,2020,70.41410059
MAR,WHOSIS_000001,2020,72.50615909
HND,WHOSIS_000001,2013,69.35287284
MOZ,WHOSIS_000001,2014,55.02757929
MDV,WHOSIS_000001,2002,71.06296933
CYP,WHOSIS_000001,2001,78.86668678
NZL,WHOSIS_000001,2013,81.36359879
IND,WHOSIS_000001,2018,70.35439242
CZE,WHOSIS_000001,2021,77.07730392
KAZ,WHOSIS_000001,2009,68.51597079
WPR,WHOSIS_000001,2010,75.2467766
PRI,WHOSIS_000001,2012,79.34782827
HND,WHOSIS_000001,2008,70.9858569
LAO,WHOSIS_000001,2003,60.19558269
DOM,WHOSIS_000001,2000,73.39790354
ITA,WHOSIS_000001,2014,82.61004631
STP,WHOSIS_000001,2007,67.22798633
SGP,WHOSIS_000001,2017,83.22151158
SVN,WHOSIS_000001,2009,79.05086528
CHL,WHOSIS_000001,2006,78.48262712
WSM,WHOSIS_000001,2017,69.98522366
THA,WHOSIS_000001,2008,74.46372111
BGR,WHOSIS_000001,2000,71.6428836
TGO,WHOSIS_000001,2005,56.95869918
EGY,WHOSIS_000001,2012,69.82990211
LTU,WHOSIS_000001,2011,73.54804338
BGR,WHOSIS_000001,2015,74.56358707
TLS,WHOSIS_000001,2016,68.07445467
KGZ,WHOSIS_000001,2012,69.96020158
TKM,WHOSIS_000001,2002,65.87608131
CHE,WHOSIS_000001,2006,81.41480541
MLI,WHOSIS_000001,2002,54.16297861
HRV,WHOSIS_000001,2001,75.00312259
ETH,WHOSIS_000001,2015,67.10395358
TUN,WHOSIS_000001,2006,75.57522085
EMR,WHOSIS_000001,2018,69.83224713
AUS,WHOSIS_000001,2016,82.59341791
LBY,WHOSIS_000001,2008,74.20131986
ARM,WHOSIS_000001,2012,73.66922093
TGO,WHOSIS_000001,2003,56.35238007
YEM,WHOSIS_000001,2006,66.27840827
COD,WHOSIS_000001,2015,59.96244072
LUX,WHOSIS_000001,2000,78.4163246
PER,WHOSIS_000001,2008,78.86141336
AFR,WHOSIS_000001,2006,56.4398241
ZAF,WHOSIS_000001,2010,57.09683041
EMR,WHOSIS_000001,2020,68.92815031
MDV,WHOSIS_000001,2010,74.73135148
LBY,WHOSIS_000001,2010,74.11333
GNQ,WHOSIS_000001,2004,56.18357801
SDN,WHOSIS_000001,2000,62.48898469
KGZ,WHOSIS_000001,2003,66.27050684
SSD,WHOSIS_000001,2013,59.03400442
MOZ,WHOSIS_000001,2011,53.5270243
SEN,WHOSIS_000001,2011,65.97224307
FRA,WHOSIS_000001,2005,80.00456559
ESP,WHOSIS_000001,2002,79.48845207
ETH,WHOSIS_000001,2021,67.83909086
BWA,WHOSIS_000001,2015,62.04575871
GRC,WHOSIS_000001,2015,80.41608244
PRY,WHOSIS_000001,2002,75.11313392
JOR,WHOSIS_000001,2001,72.6802332
VNM,WHOSIS_000001,2000,71.87399979
GAB,WHOSIS_000001,2016,64.25526743
DEU,WHOSIS_000001,2015,80.4259243
WB_UMI,WHOSIS_000001,2015,74.81672772
BTN,WHOSIS_000001,2017,73.54716542
TKM,WHOSIS_000001,2016,68.96406385
CYP,WHOSIS_000001,2008,80.589293
BGD,WHOSIS_000001,2012,72.09310158
MUS,WHOSIS_000001,2010,73.34550791
ERI,WHOSIS_000001,2016,62.87736669
CIV,WHOSIS_000001,2013,59.30998362
BIH,WHOSIS_000001,2001,75.85448253
GRC,WHOSIS_000001,2014,80.83818972
NAM,WHOSIS_000001,2013,61.87769769
WB_HI,WHOSIS_000001,2013,80.30511012
GLOBAL,WHOSIS_000001,2021,71.36869906
LAO,WHOSIS_000001,2012,65.52691412
BOL,WHOSIS_000001,2013,71.33805685
GMB,WHOSIS_000001,2002,59.58972076
KEN,WHOSIS_000001,2008,59.48455643
AMR,WHOSIS_000001,2007,75.82834415
USA,WHOSIS_000001,2009,78.42393798
KAZ,WHOSIS_000001,2017,72.96750185
BRN,WHOSIS_000001,2003,76.10651217
CRI,WHOSIS_000001,2007,80.2305467
SOM,WHOSIS_000001,2018,54.6726292
CYP,WHOSIS_000001,2007,80.21271187
GBR,WHOSIS_000001,2013,80.68571114
DJI,WHOSIS_000001,2013,63.13924805
CAF,WHOSIS_000001,2016,51.50031283
DOM,WHOSIS_000001,2013,73.27936819
ETH,WHOSIS_000001,2011,64.25857509
WB_LMI,WHOSIS_000001,2007,65.31977487
ARG,WHOSIS_000001,2004,74.90566583
TCD,WHOSIS_000001,2007,53.97297101
MMR,WHOSIS_000001,2018,68.55999093
BDI,WHOSIS_000001,2005,50.9090504
GBR,WHOSIS_000001,2019,81.22319266
KAZ,WHOSIS_000001,2008,67.14338476
BGD,WHOSIS_000001,2014,72.77669075
BEL,WHOSIS_000001,2009,79.82665275
ISL,WHOSIS_000001,2020,82.56117418
IDN,WHOSIS_000001,2000,67.20520958
LBY,WHOSIS_000001,2000,74.0447285
LCA,WHOSIS_000001,2002,73.50932526
ITA,WHOSIS_000001,2008,81.37070791
TLS,WHOSIS_000001,2015,67.83593705
KAZ,WHOSIS_000001,2014,71.47528342
SLV,WHOSIS_000001,2016,73.58698324
KIR,WHOSIS_000001,2006,61.1004495
MDG,WHOSIS_000001,2017,63.57935928
BHS,WHOSIS_000001,2018,73.38286364
COL,WHOSIS_000001,2019,77.9535847
PRT,WHOSIS_000001,2012,80.21024339
PHL,WHOSIS_000001,2020,69.6404352
GAB,WHOSIS_000001,2018,64.70364722
MUS,WHOSIS_000001,2014,74.00992363
BRA,WHOSIS_000001,2006,73.33073271
DJI,WHOSIS_000001,2005,60.0931017
GMB,WHOSIS_000001,2015,63.79523685
MEX,WHOSIS_000001,2003,74.62788874
GMB,WHOSIS_000001,2012,63.20846898
ROU,WHOSIS_000001,2003,71.23111832
GMB,WHOSIS_000001,2000,59.15410966
GNB,WHOSIS_000001,2020,58.37604595
VUT,WHOSIS_000001,2013,66.60736544
BHR,WHOSIS_000001,2012,74.57322126
BOL,WHOSIS_000001,2014,71.64868401
RWA,WHOSIS_000001,2005,57.02758036
QAT,WHOSIS_000001,2014,76.57011341
FIN,WHOSIS_000001,2021,81.53419484
YEM,WHOSIS_000001,2008,67.19372426
TGO,WHOSIS_000001,2008,57.96842813
ETH,WHOSIS_000001,2000,50.78760514
MLT,WHOSIS_000001,2004,78.90071191
KEN,WHOSIS_000001,2004,55.51027953
CUB,WHOSIS_000001,2015,77.92972815
MNG,WHOSIS_000001,2020,72.70622882
LSO,WHOSIS_000001,2004,43.80676222
UZB,WHOSIS_000001,2001,62.16554368
NGA,WHOSIS_000001,2003,55.58470303
ATG,WHOSIS_000001,2020,77.61326031
BRB,WHOSIS_000001,2019,76.03984637
SSD,WHOSIS_000001,2010,58.75152485
COG,WHOSIS_000001,2003,54.50087703
KHM,WHOSIS_000001,2019,69.55846339
TKM,WHOSIS_000001,2011,69.23413358
GRD,WHOSIS_000001,2014,72.54366171
MYS,WHOSIS_000001,2013,74.72307296
JAM,WHOSIS_000001,2005,71.36246208
COL,WHOSIS_000001,2014,77.36559952
LSO,WHOSIS_000001,2008,45.90439498
IRN,WHOSIS_000001,2020,75.18860837
ARE,WHOSIS_000001,2008,80.7993244
AUS,WHOSIS_000001,2019,82.64234014
TCD,WHOSIS_000001,2001,51.59248612
IRN,WHOSIS_000001,2016,77.37336206
BTN,WHOSIS_000001,2020,74.45119684
GAB,WHOSIS_000001,2000,57.68875146
IRN,WHOSIS_000001,2009,76.24197751
COG,WHOSIS_000001,2001,53.11126203
GEO,WHOSIS_000001,2005,72.04358005
GRD,WHOSIS_000001,2002,71.12022945
SWZ,WHOSIS_000001,2007,43.59627355
AMR,WHOSIS_000001,2019,77.07402622
MRT,WHOSIS_000001,2008,67.64336926
DEU,WHOSIS_000001,2017,80.75116875
ATG,WHOSIS_000001,2014,75.59206584
MUS,WHOSIS_000001,2019,74.05607067
LVA,WHOSIS_000001,2000,70.21458573
TTO,WHOSIS_000001,2018,73.99505843
OMN,WHOSIS_000001,2004,73.14911872
PSE,WHOSIS_000001,2013,74.20101603
CIV,WHOSIS_000001,2012,58.54983117
JPN,WHOSIS_000001,2018,84.35134487
PRK,WHOSIS_000001,2021,72.6431485
BWA,WHOSIS_000001,2003,48.30164814
GUY,WHOSIS_000001,2016,67.56739413
IRQ,WHOSIS_000001,2000,69.48152045
DJI,WHOSIS_000001,2020,65.26548162
BEL,WHOSIS_000001,2015,80.70631194
SLB,WHOSIS_000001,2012,64.70197152
GRD,WHOSIS_000001,2019,72.72978901
KHM,WHOSIS_000001,2005,63.57944693
MAR,WHOSIS_000001,2017,73.53352195
ALB,WHOSIS_000001,2001,76.04202157
FJI,WHOSIS_000001,2009,67.25290005
MNG,WHOSIS_000001,2014,68.96351192
KWT,WHOSIS_000001,2008,78.26367194
MEX,WHOSIS_000001,2014,75.90738439
PAN,WHOSIS_000001,2016,78.24463546
IRL,WHOSIS_000001,2016,81.40605545
COG,WHOSIS_000001,2009,60.08941536
WB_LI,WHOSIS_000001,2014,62.16568407
BGR,WHOSIS_000001,2010,73.66597105
PSE,WHOSIS_000001,2003,69.63177214
RWA,WHOSIS_000001,2015,66.96378175
BLZ,WHOSIS_000001,2008,73.53821496
LUX,WHOSIS_000001,2013,81.87819611
LVA,WHOSIS_000001,2005,70.49159571
CRI,WHOSIS_000001,2003,78.7075014
URY,WHOSIS_000001,2011,76.59711654
COL,WHOSIS_000001,2002,72.8310481
SEAR,WHOSIS_000001,2009,67.80764711
AFR,WHOSIS_000001,2010,59.57096304
CPV,WHOSIS_000001,2011,74.33323277
VEN,WHOSIS_000001,2014,74.05573564
CIV,WHOSIS_000001,2008,56.57054792
LKA,WHOSIS_000001,2007,73.81640208
MMR,WHOSIS_000001,2006,62.15642058
SGP,WHOSIS_000001,2019,83.8984774
PRI,WHOSIS_000001,2017,78.42817699
TUR,WHOSIS_000001,2000,73.31499528
DNK,WHOSIS_000001,2006,78.19096238
MNG,WHOSIS_000001,2013,68.39260768
BHR,WHOSIS_000001,2016,75.65906707
MAR,WHOSIS_000001,2003,70.88040999
LCA,WHOSIS_000001,2003,73.77614845
KIR,WHOSIS_000001,2020,61.87697198
KAZ,WHOSIS_000001,2013,70.6757737
MDG,WHOSIS_000001,2000,58.73234782
GBR,WHOSIS_000001,2016,80.81034292
CPV,WHOSIS_000001,2013,74.70386595
CHE,WHOSIS_000001,2008,81.86194325
COG,WHOSIS_000001,2004,55.40549068
UGA,WHOSIS_000001,2017,65.21733648
JPN,WHOSIS_000001,2009,83.15818254
TUR,WHOSIS_000001,2002,74.77351879
MMR,WHOSIS_000001,2019,68.80517618
VCT,WHOSIS_000001,2014,72.73600877
CHN,WHOSIS_000001,2016,76.71571735
PSE,WHOSIS_000001,2009,69.43075818
GIN,WHOSIS_000001,2013,59.12749175
NAM,WHOSIS_000001,2016,62.05755741
ZWE,WHOSIS_000001,2012,54.90174943
GRD,WHOSIS_000001,2011,72.12250252
NER,WHOSIS_000001,2004,53.86159387
SWZ,WHOSIS_000001,2005,41.77987727
HTI,WHOSIS_000001,2019,63.66018845
ERI,WHOSIS_000001,2020,63.82002522
STP,WHOSIS_000001,2009,68.39802803
BLR,WHOSIS_000001,2000,68.79296699
AMR,WHOSIS_000001,2004,75.07444467
PAK,WHOSIS_000001,2018,66.73689511
PSE,WHOSIS_000001,2014,74.19704282
AUT,WHOSIS_000001,2020,81.08512036
HRV,WHOSIS_000001,2017,78.12551064
VEN,WHOSIS_000001,2005,74.71197022
KGZ,WHOSIS_000001,2014,70.89588242
SVK,WHOSIS_000001,2019,77.61261952
MKD,WHOSIS_000001,2016,75.56274435
KIR,WHOSIS_000001,2012,61.47703351
WB_UMI,WHOSIS_000001,2016,74.97657756
BFA,WHOSIS_000001,2011,59.07175267
MNE,WHOSIS_000001,2018,77.222772
SYR,WHOSIS_000001,2011,71.88413217
EGY,WHOSIS_000001,2021,69.10821615
MDA,WHOSIS_000001,2010,67.76693165
MDG,WHOSIS_000001,2002,59.4274793
UZB,WHOSIS_000001,2018,71.46640597
GTM,WHOSIS_000001,2013,71.749288
CZE,WHOSIS_000001,2017,78.85473024
FJI,WHOSIS_000001,2021,65.50058445
CHL,WHOSIS_000001,2013,79.82550323
CAN,WHOSIS_000001,2001,79.3114365
BEN,WHOSIS_000001,2000,57.42109531
ERI,WHOSIS_000001,2021,63.57308435
MLT,WHOSIS_000001,2000,77.81522196
ROU,WHOSIS_000001,2001,71.21463166
CAN,WHOSIS_000001,2018,81.73382897
GNQ,WHOSIS_000001,2009,59.83637977
ZAF,WHOSIS_000001,2008,53.91253666
STP,WHOSIS_000001,2010,68.81769379
EMR,WHOSIS_000001,2008,67.59196827
RUS,WHOSIS_000001,2008,67.78990217
ALB,WHOSIS_000001,2017,77.91038596
COD,WHOSIS_000001,2009,56.80885819
GMB,WHOSIS_000001,2014,63.57797414
VNM,WHOSIS_000001,2004,72.15340395
NGA,WHOSIS_000001,2016,62.04834174
PSE,WHOSIS_000001,2011,72.78320408
MDG,WHOSIS_000001,2021,62.9342555
MLT,WHOSIS_000001,2016,81.88080877
MOZ,WHOSIS_000001,2019,58.50505639
VEN,WHOSIS_000001,2001,73.89650756
PSE,WHOSIS_000001,2002,68.63142308
MEX,WHOSIS_000001,2007,75.52454869
IRN,WHOSIS_000001,2010,76.56624741
TUR,WHOSIS_000001,2005,76.19636776
GIN,WHOSIS_000001,2018,60.65900972
ZWE,WHOSIS_000001,2019,59.07171997
WB_LI,WHOSIS_000001,2017,63.30409889
CZE,WHOSIS_000001,2013,78.1114359
BRN,WHOSIS_000001,2021,76.92260844
WB_HI,WHOSIS_000001,2018,80.68924788
HUN,WHOSIS_000001,2015,75.5700037
UGA,WHOSIS_000001,2014,63.49406001
AGO,WHOSIS_000001,2000,49.36774351
GAB,WHOSIS_000001,2020,65.12601321
BIH,WHOSIS_000001,2005,76.54879498
SWE,WHOSIS_000001,2018,82.20163712
TGO,WHOSIS_000001,2013,60.71230247
AUT,WHOSIS_000001,2004,79.11359324
SLE,WHOSIS_000001,2014,55.83770997
SLE,WHOSIS_000001,2016,58.75068972
ISL,WHOSIS_000001,2004,80.76637117
CAN,WHOSIS_000001,2000,79.08864173
LBR,WHOSIS_000001,2013,61.38474407
VNM,WHOSIS_000001,2017,73.40138207
UGA,WHOSIS_000001,2000,48.8900405
JAM,WHOSIS_000001,2013,74.2198557
GRC,WHOSIS_000001,2001,78.82217341
COL,WHOSIS_000001,2012,76.94484313
ERI,WHOSIS_000001,2008,59.61833756
IDN,WHOSIS_000001,2013,70.05398814
MNG,WHOSIS_000001,2005,65.26255095
KEN,WHOSIS_000001,2017,65.61126491
BTN,WHOSIS_000001,2018,73.75301201
SLV,WHOSIS_000001,2009,74.00196009
BGR,WHOSIS_000001,2017,74.71989724
VNM,WHOSIS_000001,2003,72.11217075
MEX,WHOSIS_000001,2008,75.08739804
BOL,WHOSIS_000001,2006,69.1623043
WB_LMI,WHOSIS_000001,2013,67.72575062
ZMB,WHOSIS_000001,2000,44.52713939
KAZ,WHOSIS_000001,2016,72.39593644
BIH,WHOSIS_000001,2016,77.13183233
LVA,WHOSIS_000001,2016,74.95310955
MLI,WHOSIS_000001,2019,61.83290988
PAN,WHOSIS_000001,2002,76.2835354
NOR,WHOSIS_000001,2018,82.44230107
BFA,WHOSIS_000001,2015,60.94298433
GIN,WHOSIS_000001,2012,58.88851718
FRA,WHOSIS_000001,2016,82.13202442
CRI,WHOSIS_000001,2011,80.26271645
FIN,WHOSIS_000001,2002,78.12614307
WSM,WHOSIS_000001,2010,70.48867026
BEL,WHOSIS_000001,2011,80.16687766
ARM,WHOSIS_000001,2016,74.40594896
LBN,WHOSIS_000001,2007,77.46682627
IRN,WHOSIS_000001,2012,77.0924022
BEL,WHOSIS_000001,2018,81.2494226
CAN,WHOSIS_000001,2021,81.58276248
PNG,WHOSIS_000001,2016,66.19035356
OMN,WHOSIS_000001,2005,73.361458
CHL,WHOSIS_000001,2020,79.90385052
MNE,WHOSIS_000001,2021,74.70975149
NLD,WHOSIS_000001,2007,80.12725056
CPV,WHOSIS_000001,2010,74.23169531
URY,WHOSIS_000001,2020,77.79436073
ESP,WHOSIS_000001,2019,83.13561895
CPV,WHOSIS_000001,2020,73.66739044
IND,WHOSIS_000001,2001,63.6569119
BWA,WHOSIS_000001,2002,46.95490275
HND,WHOSIS_000001,2009,70.99448917
FRA,WHOSIS_000001,2008,80.87497757
MUS,WHOSIS_000001,2000,71.13541086
MLI,WHOSIS_000001,2007,57.34348988
MRT,WHOSIS_000001,2001,63.48748709
BOL,WHOSIS_000001,2005,68.73158288
SWZ,WHOSIS_000001,2008,44.27535626
MNG,WHOSIS_000001,2008,66.90211117
ZMB,WHOSIS_000001,2014,59.98021269
UGA,WHOSIS_000001,2016,64.67477151
TUR,WHOSIS_000001,2021,75.27238945
HTI,WHOSIS_000001,2000,56.72887807
VNM,WHOSIS_000001,2007,72.30106944
PAK,WHOSIS_000001,2010,64.14819561
STP,WHOSIS_000001,2000,63.12867264
KAZ,WHOSIS_000001,2020,71.3205391
ARM,WHOSIS_000001,2019,75.66635568
MLI,WHOSIS_000001,2003,54.85059982
ARG,WHOSIS_000001,2018,76.88825006
PRT,WHOSIS_000001,2015,80.89189476
ZAF,WHOSIS_000001,2017,64.74836762
DEU,WHOSIS_000001,2018,80.64820055
LBR,WHOSIS_000001,2003,53.6245833
MWI,WHOSIS_000001,2021,62.48652597
JPN,WHOSIS_000001,2014,83.79493082
GIN,WHOSIS_000001,2019,61.12869188
BEN,WHOSIS_000001,2019,64.13827469
VCT,WHOSIS_000001,2013,72.60483816
SVN,WHOSIS_000001,2014,80.78508516
NZL,WHOSIS_000001,2008,80.3067588
CHL,WHOSIS_000001,2021,79.02404788
GEO,WHOSIS_000001,2006,72.02382849
LUX,WHOSIS_000001,2001,78.61781312
TUN,WHOSIS_000001,2013,76.61373105
BHR,WHOSIS_000001,2008,72.89097198
BDI,WHOSIS_000001,2015,62.7069542
SAU,WHOSIS_000001,2001,70.80307838
WB_LI,WHOSIS_000001,2021,63.66755209
STP,WHOSIS_000001,2008,67.68827914
IRL,WHOSIS_000001,2020,81.69720975
ETH,WHOSIS_000001,2005,57.02975496
UKR,WHOSIS_000001,2016,72.62863559
SWZ,WHOSIS_000001,2012,49.10836702
FJI,WHOSIS_000001,2007,67.10363711
YEM,WHOSIS_000001,2017,67.67597451
AUS,WHOSIS_000001,2012,82.27247326
KGZ,WHOSIS_000001,2006,67.10547635
LVA,WHOSIS_000001,2017,74.9627685
HND,WHOSIS_000001,2003,70.19195664
LUX,WHOSIS_000001,2014,82.1608587
MNE,WHOSIS_000001,2009,75.38841226
SYR,WHOSIS_000001,2018,64.30375249
GRC,WHOSIS_000001,2008,79.9292479
TKM,WHOSIS_000001,2021,69.12049331
TLS,WHOSIS_000001,2010,67.00361983
CHN,WHOSIS_000001,2011,75.03511843
JAM,WHOSIS_000001,2007,69.58643623
PNG,WHOSIS_000001,2007,64.07514301
GIN,WHOSIS_000001,2014,58.60749611
VNM,WHOSIS_000001,2001,71.97988323
MDA,WHOSIS_000001,2020,72.14867013
TTO,WHOSIS_000001,2007,72.39472984
QAT,WHOSIS_000001,2015,77.79140376
SGP,WHOSIS_000001,2008,80.97823119
PAK,WHOSIS_000001,2002,61.92897932
GUY,WHOSIS_000001,2017,68.19380586
SRB,WHOSIS_000001,2021,72.80891574
HND,WHOSIS_000001,2012,68.99495317
LCA,WHOSIS_000001,2018,76.11272762
DEU,WHOSIS_000001,2005,79.20819712
AFG,WHOSIS_000001,2021,59.12690224
LKA,WHOSIS_000001,2020,80.65621609
PER,WHOSIS_000001,2005,77.53672089
BRB,WHOSIS_000001,2003,74.55086448
ZWE,WHOSIS_000001,2001,45.43212975
VEN,WHOSIS_000001,2013,74.60132769
LBN,WHOSIS_000001,2008,77.52542218
BLZ,WHOSIS_000001,2017,74.56128899
BGR,WHOSIS_000001,2013,74.79512219
PAK,WHOSIS_000001,2011,64.54188869
KIR,WHOSIS_000001,2014,61.63073757
IRQ,WHOSIS_000001,2019,72.90009776
BRB,WHOSIS_000001,2014,76.24311034
SLE,WHOSIS_000001,2006,52.49110548
BHS,WHOSIS_000001,2009,72.80785073
MKD,WHOSIS_000001,2007,73.65892824
PRK,WHOSIS_000001,2001,62.62928485
RWA,WHOSIS_000001,2004,54.65577616
ARM,WHOSIS_000001,2020,69.32859192
SRB,WHOSIS_000001,2010,74.27310939
LBN,WHOSIS_000001,2003,76.80310121
WB_HI,WHOSIS_000001,2012,80.14050022
AGO,WHOSIS_000001,2003,51.74053195
MOZ,WHOSIS_000001,2012,53.74174488
ALB,WHOSIS_000001,2020,76.53104591
GMB,WHOSIS_000001,2019,64.91162984
COL,WHOSIS_000001,2006,74.69666325
TGO,WHOSIS_000001,2009,58.50878639
ALB,WHOSIS_000001,2019,77.9406744
PRI,WHOSIS_000001,2020,79.93442802
NLD,WHOSIS_000001,2005,79.34144338
FJI,WHOSIS_000001,2002,66.70441423
HND,WHOSIS_000001,2015,69.52898147
BIH,WHOSIS_000001,2011,77.05795229
PNG,WHOSIS_000001,2015,66.00102041
GHA,WHOSIS_000001,2005,60.06629663
MYS,WHOSIS_000001,2011,74.23051803
BRN,WHOSIS_000001,2005,76.47714892
UKR,WHOSIS_000001,2009,69.49300841
SLE,WHOSIS_000001,2007,52.87597512
ISL,WHOSIS_000001,2016,82.17563351
SVK,WHOSIS_000001,2009,75.21656698
GNQ,WHOSIS_000001,2005,56.77339509
KGZ,WHOSIS_000001,2007,67.79056016
COD,WHOSIS_000001,2016,60.43572174
GNB,WHOSIS_000001,2001,50.63672662
OMN,WHOSIS_000001,2020,73.88668102
ESP,WHOSIS_000001,2015,82.32940416
ZMB,WHOSIS_000001,2007,53.57698997
URY,WHOSIS_000001,2018,77.03739696
QAT,WHOSIS_000001,2007,71.89910857
COM,WHOSIS_000001,2004,63.97536549
LAO,WHOSIS_000001,2017,67.7232745
AZE,WHOSIS_000001,2007,69.26431968
GTM,WHOSIS_000001,2001,68.64112754
SAU,WHOSIS_000001,2008,72.99776938
AFR,WHOSIS_000001,2011,60.26246615
PRY,WHOSIS_000001,2001,74.99163931
AUS,WHOSIS_000001,2001,80.12984228
MLT,WHOSIS_000001,2012,80.93951926
CRI,WHOSIS_000001,2009,80.60955741
PSE,WHOSIS_000001,2018,75.71172174
GEO,WHOSIS_000001,2015,72.85013916
TKM,WHOSIS_000001,2020,68.47366895
AFG,WHOSIS_000001,2008,57.9008556
OMN,WHOSIS_000001,2006,73.46705832
LBN,WHOSIS_000001,2006,76.79700172
IND,WHOSIS_000001,2015,69.3779891
SRB,WHOSIS_000001,2018,75.88354818
WB_LI,WHOSIS_000001,2013,61.93490536
BRN,WHOSIS_000001,2017,76.40513341
SEN,WHOSIS_000001,2013,66.58590644
GNQ,WHOSIS_000001,2003,55.73628907
SEAR,WHOSIS_000001,2006,66.65395623
WB_LI,WHOSIS_000001,2000,53.61347237
ZAF,WHOSIS_000001,2004,52.24650084
FRA,WHOSIS_000001,2015,81.90513823
ARM,WHOSIS_000001,2008,72.48685716
PRY,WHOSIS_000001,2007,74.95391274
JOR,WHOSIS_000001,2011,76.9077149
ECU,WHOSIS_000001,2020,72.71138213
PSE,WHOSIS_000001,2004,69.48491624
SWE,WHOSIS_000001,2016,82.00943962
TGO,WHOSIS_000001,2021,63.86461122
THA,WHOSIS_000001,2011,75.71879745
MNG,WHOSIS_000001,2004,64.84071925
IDN,WHOSIS_000001,2018,71.1760389
POL,WHOSIS_000001,2021,75.4021086
BFA,WHOSIS_000001,2013,59.96461158
AFG,WHOSIS_000001,2000,53.82332641
PAN,WHOSIS_000001,2021,77.23869904
BWA,WHOSIS_000001,2010,57.62665956
SUR,WHOSIS_000001,2019,73.02285851
IRQ,WHOSIS_000001,2010,71.06507591
RWA,WHOSIS_000001,2016,67.17638437
NPL,WHOSIS_000001,2007,68.80504578
EST,WHOSIS_000001,2004,72.26375853
LTU,WHOSIS_000001,2010,73.07761938
TTO,WHOSIS_000001,2010,73.32339874
KWT,WHOSIS_000001,2021,78.95211671
OMN,WHOSIS_000001,2007,73.4022288
NIC,WHOSIS_000001,2013,77.25621199
TZA,WHOSIS_000001,2000,52.79227334
TJK,WHOSIS_000001,2013,71.7590921
NZL,WHOSIS_000001,2004,79.15482107
SUR,WHOSIS_000001,2012,73.34638856
BEN,WHOSIS_000001,2015,62.62662
ESP,WHOSIS_000001,2016,82.73070599
NIC,WHOSIS_000001,2012,77.05200653
EUR,WHOSIS_000001,2013,76.70126192
GBR,WHOSIS_000001,2009,80.03183927
KIR,WHOSIS_000001,2013,61.57296264
LBR,WHOSIS_000001,2006,58.56299111
SRB,WHOSIS_000001,2003,72.44791076
BGD,WHOSIS_000001,2013,72.59072924
BFA,WHOSIS_000001,2007,56.71279625
SLB,WHOSIS_000001,2004,63.61418491
MRT,WHOSIS_000001,2019,70.17546548
LVA,WHOSIS_000001,2008,71.85232762
NZL,WHOSIS_000001,2015,81.31375727
ZMB,WHOSIS_000001,2016,60.96146792
SWE,WHOSIS_000001,2006,80.63113222
SLE,WHOSIS_000001,2020,60.52060193
BRN,WHOSIS_000001,2000,75.50502993
MEX,WHOSIS_000001,2018,75.91673747
STP,WHOSIS_000001,2018,71.4403986
MWI,WHOSIS_000001,2018,62.91863389
NIC,WHOSIS_000001,2007,76.42101694
LBY,WHOSIS_000001,2004,73.84878468
AFG,WHOSIS_000001,2009,58.52946588
SWZ,WHOSIS_000001,2004,41.87434793
FSM,WHOSIS_000001,2019,65.9434567
ZWE,WHOSIS_000001,2016,57.9178434
THA,WHOSIS_000001,2003,72.03975902
ERI,WHOSIS_000001,2009,60.06524888
MAR,WHOSIS_000001,2010,72.37286998
CMR,WHOSIS_000001,2012,57.77355305
CRI,WHOSIS_000001,2016,80.11048492
MMR,WHOSIS_000001,2011,65.22860154
HTI,WHOSIS_000001,2003,57.92054551
GIN,WHOSIS_000001,2006,56.85533921
NOR,WHOSIS_000001,2012,81.23445235
PNG,WHOSIS_000001,2017,66.39410121
THA,WHOSIS_000001,2018,77.14916132
MWI,WHOSIS_000001,2005,49.35021214
YEM,WHOSIS_000001,2007,66.73494764
PER,WHOSIS_000001,2002,76.14080179
JAM,WHOSIS_000001,2014,73.23854714
GNQ,WHOSIS_000001,2012,60.11028327
LCA,WHOSIS_000001,2010,76.00781498
MNG,WHOSIS_000001,2018,70.47775442
ERI,WHOSIS_000001,2012,61.35054403
MUS,WHOSIS_000001,2002,71.67923755
AFG,WHOSIS_000001,2015,60.32951348
LBY,WHOSIS_000001,2016,72.63664308
MUS,WHOSIS_000001,2015,74.12593279
VCT,WHOSIS_000001,2018,73.17900227
NGA,WHOSIS_000001,2007,58.17779892
POL,WHOSIS_000001,2001,74.09873292
ISR,WHOSIS_000001,2014,81.37964957
WSM,WHOSIS_000001,2002,69.93318688
SWZ,WHOSIS_000001,2011,48.07568339
LVA,WHOSIS_000001,2020,75.49885883
RWA,WHOSIS_000001,2003,52.47567981
LTU,WHOSIS_000001,2009,72.78267615
IDN,WHOSIS_000001,2021,68.26167935
TON,WHOSIS_000001,2017,72.71571833
FIN,WHOSIS_000001,2000,77.59494705
FIN,WHOSIS_000001,2020,81.54461744
UZB,WHOSIS_000001,2019,72.27007322
VCT,WHOSIS_000001,2001,71.90344128
BGR,WHOSIS_000001,2019,75.0010583
LBY,WHOSIS_000001,2020,72.64874878
SAU,WHOSIS_000001,2011,76.13164239
URY,WHOSIS_000001,2005,75.64994667
GNB,WHOSIS_000001,2002,51.04081513
PHL,WHOSIS_000001,2016,69.24553796
IRL,WHOSIS_000001,2017,81.60361469
BHS,WHOSIS_000001,2005,72.65880067
MLI,WHOSIS_000001,2011,59.04750126
KOR,WHOSIS_000001,2005,78.37092125
TKM,WHOSIS_000001,2003,65.88787813
MWI,WHOSIS_000001,2002,46.23607096
TUR,WHOSIS_000001,2009,76.34599074
ISR,WHOSIS_000001,2016,82.22430729
MDA,WHOSIS_000001,2015,71.14655162
ISL,WHOSIS_000001,2013,82.07380529
WB_HI,WHOSIS_000001,2008,79.31835213
KIR,WHOSIS_000001,2009,61.32259565
FSM,WHOSIS_000001,2015,65.32541233
SWZ,WHOSIS_000001,2019,55.74729385
MWI,WHOSIS_000001,2013,60.5549131
DEU,WHOSIS_000001,2007,79.79113261
DJI,WHOSIS_000001,2011,62.33627596
TGO,WHOSIS_000001,2018,63.07923124
NOR,WHOSIS_000001,2020,82.83923455
SYC,WHOSIS_000001,2010,73.11877031
MDV,WHOSIS_000001,2013,76.29978199
CZE,WHOSIS_000001,2003,75.26103133
SGP,WHOSIS_000001,2001,79.14204312
AGO,WHOSIS_000001,2016,61.84956314
DEU,WHOSIS_000001,2004,79.02932323
CAF,WHOSIS_000001,2006,46.69775624
BEL,WHOSIS_000001,2019,81.60895006
BHS,WHOSIS_000001,2003,72.01356703
KGZ,WHOSIS_000001,2009,68.88847772
GUY,WHOSIS_000001,2012,66.17236525
VCT,WHOSIS_000001,2004,72.36667565
GMB,WHOSIS_000001,2007,61.11617054
PHL,WHOSIS_000001,2000,69.97452897
CZE,WHOSIS_000001,2007,76.86519129
MNE,WHOSIS_000001,2003,73.62012454
CPV,WHOSIS_000001,2007,73.46976452
GIN,WHOSIS_000001,2017,60.25359445
SLB,WHOSIS_000001,2016,65.29462393
LSO,WHOSIS_000001,2016,49.94866988
BHR,WHOSIS_000001,2019,76.02945447
BTN,WHOSIS_000001,2004,68.88514264
ZAF,WHOSIS_000001,2009,55.26976416
BWA,WHOSIS_000001,2013,60.61242628
NOR,WHOSIS_000001,2005,80.05177352
DOM,WHOSIS_000001,2014,73.26353439
WSM,WHOSIS_000001,2020,70.19462777
BEL,WHOSIS_000001,2006,79.23388393
PRI,WHOSIS_000001,2003,77.39170794
PRY,WHOSIS_000001,2018,75.22367023
ECU,WHOSIS_000001,2008,74.40727021
STP,WHOSIS_000001,2004,65.71008672
RUS,WHOSIS_000001,2012,70.1880117
IDN,WHOSIS_000001,2019,71.40110181
ECU,WHOSIS_000001,2004,73.96568777
JOR,WHOSIS_000001,2002,72.9283168
PER,WHOSIS_000001,2010,78.21420603
BLR,WHOSIS_000001,2017,74.22729868
UKR,WHOSIS_000001,2017,73.00099017
JOR,WHOSIS_000001,2015,78.50941007
CAF,WHOSIS_000001,2015,50.96983096
ATG,WHOSIS_000001,2005,75.53604558
CHL,WHOSIS_000001,2012,79.58354937
PAN,WHOSIS_000001,2015,78.14484121
UZB,WHOSIS_000001,2021,72.18877681
BRN,WHOSIS_000001,2006,76.58480393
VNM,WHOSIS_000001,2018,73.56096825
PER,WHOSIS_000001,2013,79.48260244
SVN,WHOSIS_000001,2000,76.05440169
ROU,WHOSIS_000001,2016,75.08359177
WSM,WHOSIS_000001,2000,69.60483332
WB_LMI,WHOSIS_000001,2004,64.12115275
BOL,WHOSIS_000001,2004,68.28111683
ECU,WHOSIS_000001,2011,75.58177801
PRY,WHOSIS_000001,2015,75.16683709
IND,WHOSIS_000001,2007,66.09434841
AFG,WHOSIS_000001,2018,60.48797975
KOR,WHOSIS_000001,2009,80.36278413
SYR,WHOSIS_000001,2006,73.37955444
OMN,WHOSIS_000001,2012,73.59906631
ALB,WHOSIS_000001,2003,74.94215534
UZB,WHOSIS_000001,2011,67.18064136
MKD,WHOSIS_000001,2000,72.94763036
ISL,WHOSIS_000001,2010,81.68175374
BDI,WHOSIS_000001,2011,60.40539714
USA,WHOSIS_000001,2017,78.50077044
GTM,WHOSIS_000001,2005,69.30530428
CAF,WHOSIS_000001,2001,44.47178561
SLB,WHOSIS_000001,2006,63.79244472
AFG,WHOSIS_000001,2001,53.91018761
NPL,WHOSIS_000001,2015,69.77673885
TCD,WHOSIS_000001,2004,52.48451206
GTM,WHOSIS_000001,2003,69.39160529
FRA,WHOSIS_000001,2004,80.00018858
RUS,WHOSIS_000001,2015,71.29790344
GTM,WHOSIS_000001,2006,69.85634314
PER,WHOSIS_000001,2006,78.10561579
LAO,WHOSIS_000001,2009,63.79585544
IDN,WHOSIS_000001,2009,69.0239077
AUT,WHOSIS_000001,2013,80.91227276
MDV,WHOSIS_000001,2004,71.34887566
PNG,WHOSIS_000001,2012,65.16940213
VNM,WHOSIS_000001,2009,72.41132963
MDG,WHOSIS_000001,2018,63.71423448
FIN,WHOSIS_000001,2004,78.7283427
MDG,WHOSIS_000001,2020,63.07628383
ARE,WHOSIS_000001,2005,79.38497277
MDA,WHOSIS_000001,2008,67.81121548
THA,WHOSIS_000001,2010,75.29127601
BWA,WHOSIS_000001,2016,62.99012308
BEN,WHOSIS_000001,2014,62.37267295
EUR,WHOSIS_000001,2020,76.92095687
CAF,WHOSIS_000001,2000,44.23425766
SUR,WHOSIS_000001,2007,72.06527282
PHL,WHOSIS_000001,2015,69.51615532
LBN,WHOSIS_000001,2005,77.17133641
SAU,WHOSIS_000001,2010,74.89591575
ESP,WHOSIS_000001,2003,79.41351479
JAM,WHOSIS_000001,2003,73.46076447
BRB,WHOSIS_000001,2004,74.61548026
OMN,WHOSIS_000001,2017,74.14573276
LBN,WHOSIS_000001,2020,77.70116098
AFG,WHOSIS_000001,2010,59.00377167
NZL,WHOSIS_000001,2006,79.88697688
FRA,WHOSIS_000001,2011,81.57719696
BIH,WHOSIS_000001,2007,76.26128187
BEL,WHOSIS_000001,2013,80.32474948
SAU,WHOSIS_000001,2014,77.22323995
AFR,WHOSIS_000001,2004,54.8859284
VCT,WHOSIS_000001,2002,72.01069433
MDA,WHOSIS_000001,2012,70.25455299
EST,WHOSIS_000001,2008,74.24703915
GBR,WHOSIS_000001,2004,78.67634871
KAZ,WHOSIS_000001,2019,73.20279408
IRL,WHOSIS_000001,2004,78.39305519
ISL,WHOSIS_000001,2002,80.30310703
IND,WHOSIS_000001,2011,67.83941098
HRV,WHOSIS_000001,2015,77.60709528
EST,WHOSIS_000001,2021,77.13131363
CHL,WHOSIS_000001,2010,78.83198498
TGO,WHOSIS_000001,2015,61.52164894
ISL,WHOSIS_000001,2015,82.12605142
FJI,WHOSIS_000001,2019,67.86595098
HND,WHOSIS_000001,2020,70.3347631
CHE,WHOSIS_000001,2019,83.47957563
CAN,WHOSIS_000001,2012,81.49329928
POL,WHOSIS_000001,2017,77.56192606
TJK,WHOSIS_000001,2005,68.16382022
KWT,WHOSIS_000001,2000,77.57714875
PRT,WHOSIS_000001,2004,78.12094465
ERI,WHOSIS_000001,2017,63.17091217
URY,WHOSIS_000001,2014,77.15013883
FIN,WHOSIS_000001,2012,80.37588921
VEN,WHOSIS_000001,2011,74.58939214
DJI,WHOSIS_000001,2008,61.38655907
AFR,WHOSIS_000001,2007,57.29451181
WPR,WHOSIS_000001,2016,77.00014055
LBY,WHOSIS_000001,2018,73.52909525
ARG,WHOSIS_000001,2019,77.01582731
SDN,WHOSIS_000001,2002,63.22443726
BHS,WHOSIS_000001,2015,72.92357543
MOZ,WHOSIS_000001,2005,51.92845833
LAO,WHOSIS_000001,2010,64.42237003
WSM,WHOSIS_000001,2014,70.13172182
TTO,WHOSIS_000001,2001,70.55567603
EUR,WHOSIS_000001,2009,75.31619825
PER,WHOSIS_000001,2007,78.66735579
CMR,WHOSIS_000001,2008,55.69426406
DOM,WHOSIS_000001,2010,73.80111624
TTO,WHOSIS_000001,2003,70.96473433
MDV,WHOSIS_000001,2017,78.16955603
MNE,WHOSIS_000001,2017,77.14980899
KOR,WHOSIS_000001,2006,78.96689178
WB_UMI,WHOSIS_000001,2009,72.7546341
WB_UMI,WHOSIS_000001,2006,71.61510574
ECU,WHOSIS_000001,2009,74.93359345
ATG,WHOSIS_000001,2002,74.99067045
MDV,WHOSIS_000001,2009,74.43155141
NER,WHOSIS_000001,2001,50.89945855
ESP,WHOSIS_000001,2004,79.99552369
ARE,WHOSIS_000001,2003,78.5604186
CRI,WHOSIS_000001,2020,79.99304212
MLI,WHOSIS_000001,2017,61.01919215
RWA,WHOSIS_000001,2007,60.82526391
GNQ,WHOSIS_000001,2021,61.60542301
MRT,WHOSIS_000001,2017,69.81185094
WPR,WHOSIS_000001,2008,74.68933231
MDG,WHOSIS_000001,2009,62.2488395
SLV,WHOSIS_000001,2018,74.65055232
VNM,WHOSIS_000001,2008,72.35184572
NAM,WHOSIS_000001,2014,61.94948428
CAN,WHOSIS_000001,2007,80.38195578
MDG,WHOSIS_000001,2012,62.96002316
EGY,WHOSIS_000001,2009,69.78931749
MRT,WHOSIS_000001,2005,65.90883345
BGR,WHOSIS_000001,2005,72.47648279
MEX,WHOSIS_000001,2011,75.42631561
TZA,WHOSIS_000001,2020,67.40275668
STP,WHOSIS_000001,2021,71.17810896
HRV,WHOSIS_000001,2016,78.28594377
COG,WHOSIS_000001,2002,53.80580675
STP,WHOSIS_000001,2015,70.55687146
SEN,WHOSIS_000001,2018,68.44236378
ALB,WHOSIS_000001,2009,75.55770059
BDI,WHOSIS_000001,2008,57.79081906
IRL,WHOSIS_000001,2007,79.35545225
RUS,WHOSIS_000001,2017,72.49941608
BRB,WHOSIS_000001,2020,76.9491323
AZE,WHOSIS_000001,2000,65.23458004
KWT,WHOSIS_000001,2002,78.20659931
CPV,WHOSIS_000001,2012,74.4642814
KGZ,WHOSIS_000001,2004,66.99096069
VCT,WHOSIS_000001,2020,72.74742918
VUT,WHOSIS_000001,2002,65.03950977
SLE,WHOSIS_000001,2001,50.94581314
UKR,WHOSIS_000001,2001,67.7115647
DJI,WHOSIS_000001,2000,59.51993524
BIH,WHOSIS_000001,2015,76.9957646
DJI,WHOSIS_000001,2004,59.74871021
MYS,WHOSIS_000001,2002,73.78194217
BLR,WHOSIS_000001,2001,68.38068954
BDI,WHOSIS_000001,2004,49.43158352
TJK,WHOSIS_000001,2012,70.97199509
MLT,WHOSIS_000001,2013,81.20455704
GHA,WHOSIS_000001,2004,59.79633543
SEAR,WHOSIS_000001,2008,67.06696466
PRK,WHOSIS_000001,2013,70.83607796
COL,WHOSIS_000001,2011,76.68552906
GNB,WHOSIS_000001,2014,57.18296664
PAK,WHOSIS_000001,2005,61.99158191
CMR,WHOSIS_000001,2006,54.52792524
SEAR,WHOSIS_000001,2019,71.3719063
IND,WHOSIS_000001,2003,64.58440423
ITA,WHOSIS_000001,2004,80.52668865
GUY,WHOSIS_000001,2009,66.08669636
COM,WHOSIS_000001,2017,67.83204139
LBR,WHOSIS_000001,2020,63.45657848
MLI,WHOSIS_000001,2016,60.63666584
GTM,WHOSIS_000001,2014,71.9774007
MDG,WHOSIS_000001,2007,61.67182144
WPR,WHOSIS_000001,2017,77.21591876
MNG,WHOSIS_000001,2011,67.30366439
BIH,WHOSIS_000001,2012,77.27133436
ITA,WHOSIS_000001,2009,81.5215304
MKD,WHOSIS_000001,2013,75.43073243
LSO,WHOSIS_000001,2014,48.68389714
POL,WHOSIS_000001,2006,75.11534037
SEAR,WHOSIS_000001,2013,69.37293715
SVK,WHOSIS_000001,2016,77.15076737
TUN,WHOSIS_000001,2014,76.6974822
EUR,WHOSIS_000001,2003,72.7931665
WB_HI,WHOSIS_000001,2019,80.90566753
ZWE,WHOSIS_000001,2020,59.40476255
BTN,WHOSIS_000001,2005,69.36895355
SOM,WHOSIS_000001,2021,53.95143945
GEO,WHOSIS_000001,2018,73.81278834
WB_UMI,WHOSIS_000001,2008,72.3619814
BRN,WHOSIS_000001,2020,76.76421584
CAF,WHOSIS_000001,2009,48.86668457
GTM,WHOSIS_000001,2010,71.06943555
HTI,WHOSIS_000001,2021,62.4563858
NLD,WHOSIS_000001,2018,81.8952079
AMR,WHOSIS_000001,2013,76.73116014
TJK,WHOSIS_000001,2014,72.02059888
BIH,WHOSIS_000001,2017,77.24910311
SEAR,WHOSIS_000001,2002,64.96527953
COD,WHOSIS_000001,2017,60.84101636
ERI,WHOSIS_000001,2013,61.71601531
SVN,WHOSIS_000001,2007,78.21314391
COL,WHOSIS_000001,2007,75.19865773
SAU,WHOSIS_000001,2017,76.74293531
GRD,WHOSIS_000001,2017,72.61647079
KEN,WHOSIS_000001,2015,64.29968929
LTU,WHOSIS_000001,2012,73.83806492
COL,WHOSIS_000001,2021,74.53297363
VEN,WHOSIS_000001,2016,72.39034431
SUR,WHOSIS_000001,2010,72.79506364
NGA,WHOSIS_000001,2021,63.3974984
WB_UMI,WHOSIS_000001,2007,72.11880953
TUN,WHOSIS_000001,2000,74.30098477
CZE,WHOSIS_000001,2008,77.1537423
CMR,WHOSIS_000001,2013,58.1602222
NER,WHOSIS_000001,2017,60.22725166
SWZ,WHOSIS_000001,2006,42.74148839
EGY,WHOSIS_000001,2016,70.7024138
DZA,WHOSIS_000001,2021,75.97765182
SWZ,WHOSIS_000001,2000,46.7774174
IRL,WHOSIS_000001,2005,78.82008327
ARG,WHOSIS_000001,2000,74.28695107
KIR,WHOSIS_000001,2005,61.01859221
URY,WHOSIS_000001,2012,76.40566239
OMN,WHOSIS_000001,2003,72.75427676
ARG,WHOSIS_000001,2015,76.5300965
CAN,WHOSIS_000001,2019,82.0216251
CAF,WHOSIS_000001,2011,49.46797321
CAF,WHOSIS_000001,2021,52.30772755
WB_UMI,WHOSIS_000001,2003,70.31483368
VUT,WHOSIS_000001,2005,65.24030241
MYS,WHOSIS_000001,2015,74.27826363
BRN,WHOSIS_000001,2012,76.89700471
CHN,WHOSIS_000001,2018,77.14021145
BHR,WHOSIS_000001,2004,70.9253368
RWA,WHOSIS_000001,2017,67.42986245
KIR,WHOSIS_000001,2018,60.74880481
POL,WHOSIS_000001,2018,77.56054122
JPN,WHOSIS_000001,2001,81.84225924
PRY,WHOSIS_000001,2021,70.27080999
TLS,WHOSIS_000001,2018,68.36839208
DZA,WHOSIS_000001,2004,73.76320427
KHM,WHOSIS_000001,2009,66.28526249
FRA,WHOSIS_000001,2012,81.57752501
BLR,WHOSIS_000001,2018,74.34647413
TCD,WHOSIS_000001,2016,58.31677511
GAB,WHOSIS_000001,2006,60.2987489
ISR,WHOSIS_000001,2006,79.95901874
IND,WHOSIS_000001,2008,66.42718453
QAT,WHOSIS_000001,2002,70.33186981
MWI,WHOSIS_000001,2010,56.87054565
IRL,WHOSIS_000001,2001,77.04413457
SLE,WHOSIS_000001,2017,59.15812369
NIC,WHOSIS_000001,2002,75.92476263
SRB,WHOSIS_000001,2019,75.91665371
THA,WHOSIS_000001,2009,75.05244639
AMR,WHOSIS_000001,2006,75.62335043
IRN,WHOSIS_000001,2004,74.56900109
CAN,WHOSIS_000001,2002,79.42214804
MAR,WHOSIS_000001,2018,73.60592779
SLB,WHOSIS_000001,2001,63.45373664
SEAR,WHOSIS_000001,2015,70.14297402
SWZ,WHOSIS_000001,2020,55.96824586
DOM,WHOSIS_000001,2016,73.33430363
SYC,WHOSIS_000001,2008,72.66235739
SGP,WHOSIS_000001,2013,82.36588027
PAK,WHOSIS_000001,2014,65.39254995
SGP,WHOSIS_000001,2011,81.96030215
MLT,WHOSIS_000001,2019,82.14647613
BDI,WHOSIS_000001,2017,63.68241574
BGR,WHOSIS_000001,2003,72.29415331
CUB,WHOSIS_000001,2005,77.20755679
GLOBAL,WHOSIS_000001,2016,72.43889094
ATG,WHOSIS_000001,2000,74.39228457
VNM,WHOSIS_000001,2011,72.61270345
PRI,WHOSIS_000001,2008,78.51538133
ECU,WHOSIS_000001,2010,75.14738891
PRK,WHOSIS_000001,2005,69.62778426
NOR,WHOSIS_000001,2019,82.65752051
SVN,WHOSIS_000001,2021,80.41495666
JPN,WHOSIS_000001,2016,84.15707196
BLR,WHOSIS_000001,2012,72.11133932
GMB,WHOSIS_000001,2016,64.05468717
AUT,WHOSIS_000001,2009,80.12103248
LBR,WHOSIS_000001,2011,60.73430361
IRN,WHOSIS_000001,2006,75.20305104
BGR,WHOSIS_000001,2006,72.62332365
BRB,WHOSIS_000001,2009,75.90513677
ATG,WHOSIS_000001,2011,75.62067241
GHA,WHOSIS_000001,2016,64.70727537
COD,WHOSIS_000001,2001,52.99713016
AZE,WHOSIS_000001,2017,74.6254737
CMR,WHOSIS_000001,2019,62.02612874
TTO,WHOSIS_000001,2019,74.09327397
PAK,WHOSIS_000001,2001,61.67754226
RUS,WHOSIS_000001,2009,68.55662333
NAM,WHOSIS_000001,2007,56.83641554
USA,WHOSIS_000001,2016,78.55677254
TZA,WHOSIS_000001,2014,64.69269786
GLOBAL,WHOSIS_000001,2000,66.77085146
HND,WHOSIS_000001,2010,70.83426628
EMR,WHOSIS_000001,2005,66.40715771
DZA,WHOSIS_000001,2011,75.4488721
KAZ,WHOSIS_000001,2006,65.42456634
KAZ,WHOSIS_000001,2021,70.27511981
DNK,WHOSIS_000001,2021,81.18400442
HUN,WHOSIS_000001,2014,75.777258
WB_LI,WHOSIS_000001,2011,60.89766106
MYS,WHOSIS_000001,2009,74.01457452
SGP,WHOSIS_000001,2002,79.33785577
WB_UMI,WHOSIS_000001,2018,75.50618266
RWA,WHOSIS_000001,2014,66.67115526
BLZ,WHOSIS_000001,2013,74.31081667
CAN,WHOSIS_000001,2015,81.64860674
EUR,WHOSIS_000001,2017,77.62310671
SYC,WHOSIS_000001,2003,72.02646689
THA,WHOSIS_000001,2005,72.83579766
ECU,WHOSIS_000001,2002,73.16724011
TCD,WHOSIS_000001,2020,59.21180605
SVK,WHOSIS_000001,2008,74.82525921
ISR,WHOSIS_000001,2001,78.80591438
BDI,WHOSIS_000001,2020,64.59433751
TGO,WHOSIS_000001,2014,61.08981314
CYP,WHOSIS_000001,2004,79.27834154
NLD,WHOSIS_000001,2010,80.68591395
CAF,WHOSIS_000001,2007,47.39415912
AUS,WHOSIS_000001,2004,80.75565777
CAF,WHOSIS_000001,2020,53.07817181
DOM,WHOSIS_000001,2017,73.41062894
TJK,WHOSIS_000001,2009,69.34531105
WB_LMI,WHOSIS_000001,2014,68.03975837
BLZ,WHOSIS_000001,2009,73.6700987
GUY,WHOSIS_000001,2001,64.66515946
SWE,WHOSIS_000001,2001,79.66920996
SOM,WHOSIS_000001,2017,54.18246164
GRD,WHOSIS_000001,2003,70.832783
WB_HI,WHOSIS_000001,2020,79.95969437
MLT,WHOSIS_000001,2018,82.26456738
MRT,WHOSIS_000001,2020,68.92697523
GBR,WHOSIS_000001,2008,79.53700634
LSO,WHOSIS_000001,2001,47.97132353
ZAF,WHOSIS_000001,2012,60.81522121
LBN,WHOSIS_000001,2021,74.34207035
BTN,WHOSIS_000001,2015,73.07489389
LBN,WHOSIS_000001,2011,77.97377185
PNG,WHOSIS_000001,2021,65.48786529
CHL,WHOSIS_000001,2018,80.96185803
MOZ,WHOSIS_000001,2020,58.6314583
CRI,WHOSIS_000001,2004,78.67775018
SAU,WHOSIS_000001,2009,73.90009021
BLZ,WHOSIS_000001,2019,74.86586064
CRI,WHOSIS_000001,2010,79.51380421
COM,WHOSIS_000001,2009,65.01480079
UKR,WHOSIS_000001,2006,67.7845536
AFG,WHOSIS_000001,2004,56.47652053
GUY,WHOSIS_000001,2004,64.85780334
CYP,WHOSIS_000001,2005,79.53715992
ARE,WHOSIS_000001,2004,78.88949949
AMR,WHOSIS_000001,2010,75.79804084
BEL,WHOSIS_000001,2020,80.77564866
SWE,WHOSIS_000001,2000,79.57418828
EUR,WHOSIS_000001,2005,73.41416905
PAK,WHOSIS_000001,2007,63.38445782
DNK,WHOSIS_000001,2004,77.68985024
CMR,WHOSIS_000001,2011,57.25716759
LVA,WHOSIS_000001,2007,70.75226957
MNG,WHOSIS_000001,2015,69.246045
MMR,WHOSIS_000001,2003,60.64224077
CUB,WHOSIS_000001,2003,77.44238196
LBY,WHOSIS_000001,2001,73.7423441
HRV,WHOSIS_000001,2011,77.21146034
SOM,WHOSIS_000001,2013,52.50391976
CMR,WHOSIS_000001,2015,58.9843954
KHM,WHOSIS_000001,2013,68.09456793
KOR,WHOSIS_000001,2010,80.53713356
RUS,WHOSIS_000001,2004,65.14346957
SLV,WHOSIS_000001,2017,73.71813956
VCT,WHOSIS_000001,2007,73.25297188
WB_LMI,WHOSIS_000001,2011,67.03129462
ARE,WHOSIS_000001,2009,80.73659279
MNE,WHOSIS_000001,2010,75.71790981
BHR,WHOSIS_000001,2005,71.32084892
PAN,WHOSIS_000001,2013,77.6523099
CAF,WHOSIS_000001,2002,44.77185837
COD,WHOSIS_000001,2006,55.48457469
TUN,WHOSIS_000001,2016,76.91365109
PER,WHOSIS_000001,2019,78.29293866
ECU,WHOSIS_000001,2000,72.58843233
ARM,WHOSIS_000001,2006,72.0117653
BGD,WHOSIS_000001,2005,67.78759761
BRN,WHOSIS_000001,2014,76.65808603
MYS,WHOSIS_000001,2017,74.40097684
USA,WHOSIS_000001,2008,78.0493345
MDV,WHOSIS_000001,2000,69.82223985
BEN,WHOSIS_000001,2013,62.11743236
EUR,WHOSIS_000001,2002,72.70757292
ALB,WHOSIS_000001,2011,76.61868023
USA,WHOSIS_000001,2004,77.3972613
MLT,WHOSIS_000001,2010,80.4834984
MNE,WHOSIS_000001,2006,74.28740727
BGD,WHOSIS_000001,2018,73.67380343
IRN,WHOSIS_000001,2011,76.87171379
SUR,WHOSIS_000015,2021,17.92507841
VNM,WHOSIS_000015,2006,18.76930436
GLOBAL,WHOSIS_000015,2002,18.986134
BGR,WHOSIS_000015,2009,18.97071899
AMR,WHOSIS_000015,2001,21.12641674
JOR,WHOSIS_000015,2014,21.96835293
NLD,WHOSIS_000015,2010,23.28951082
CHL,WHOSIS_000015,2005,22.14603885
MUS,WHOSIS_000015,2020,20.01529672
URY,WHOSIS_000015,2017,21.98738988
LBY,WHOSIS_000015,2015,19.88900542
ARE,WHOSIS_000015,2015,23.18250895
POL,WHOSIS_000015,2002,19.74883144
LCA,WHOSIS_000015,2001,20.0085855
UKR,WHOSIS_000015,2002,16.84037784
BEL,WHOSIS_000015,2018,23.96247876
LTU,WHOSIS_000015,2000,19.43394525
BTN,WHOSIS_000015,2011,19.88638463
AGO,WHOSIS_000015,2010,15.6212762
CYP,WHOSIS_000015,2009,23.54774366
MDV,WHOSIS_000015,2010,18.61963937
MDA,WHOSIS_000015,2001,15.2086185
VUT,WHOSIS_000015,2007,15.39084505
LCA,WHOSIS_000015,2003,20.25755937
BHS,WHOSIS_000015,2020,19.99387259
ARE,WHOSIS_000015,2010,23.4287138
KWT,WHOSIS_000015,2011,24.74356321
GNQ,WHOSIS_000015,2008,17.10882936
SUR,WHOSIS_000015,2009,20.59154715
BDI,WHOSIS_000015,2017,16.53206794
PRY,WHOSIS_000015,2004,21.99974184
KAZ,WHOSIS_000015,2001,16.12869252
KAZ,WHOSIS_000015,2011,17.37178769
BRA,WHOSIS_000015,2000,19.77789733
FJI,WHOSIS_000015,2016,15.79664704
CUB,WHOSIS_000015,2018,21.63486426
LBR,WHOSIS_000015,2019,17.04516393
FJI,WHOSIS_000015,2013,15.63750854
AZE,WHOSIS_000015,2014,18.59058006
YEM,WHOSIS_000015,2009,17.94317492
WB_LMI,WHOSIS_000015,2007,17.60590824
GUY,WHOSIS_000015,2017,17.97138245
JOR,WHOSIS_000015,2013,21.72599992
PRY,WHOSIS_000015,2005,22.00920039
YEM,WHOSIS_000015,2000,16.86291902
LBN,WHOSIS_000015,2004,21.40889789
UZB,WHOSIS_000015,2010,14.44582141
IRQ,WHOSIS_000015,2008,19.32769844
GBR,WHOSIS_000015,2005,22.23262136
CMR,WHOSIS_000015,2005,14.92915104
SAU,WHOSIS_000015,2017,20.60704784
BHS,WHOSIS_000015,2018,20.89326191
MDG,WHOSIS_000015,2005,15.23952671
NPL,WHOSIS_000015,2006,18.64450111
LUX,WHOSIS_000015,2001,21.98838728
LTU,WHOSIS_000015,2003,19.37311873
VNM,WHOSIS_000015,2020,20.37060833
KOR,WHOSIS_000015,2002,20.94389
SWZ,WHOSIS_000015,2008,11.59876696
MDA,WHOSIS_000015,2018,18.74123039
MEX,WHOSIS_000015,2002,21.45959884
TKM,WHOSIS_000015,2002,17.05864681
MNG,WHOSIS_000015,2011,16.60040301
PER,WHOSIS_000015,2007,24.39057234
ITA,WHOSIS_000015,2018,25.0079984
MKD,WHOSIS_000015,2008,18.40875152
ARM,WHOSIS_000015,2000,17.98146303
ROU,WHOSIS_000015,2020,18.93374038
ATG,WHOSIS_000015,2021,20.87572701
PRT,WHOSIS_000015,2010,23.11750508
FIN,WHOSIS_000015,2013,23.71328359
STP,WHOSIS_000015,2000,16.9440184
TJK,WHOSIS_000015,2002,17.11629979
AFG,WHOSIS_000015,2011,14.57220421
BWA,WHOSIS_000015,2005,15.3919473
ARG,WHOSIS_000015,2019,21.59439101
TON,WHOSIS_000015,2005,18.74605604
PAN,WHOSIS_000015,2009,22.98453285
GRD,WHOSIS_000015,2017,18.3650321
SVK,WHOSIS_000015,2016,21.01544867
NLD,WHOSIS_000015,2009,23.20776813
WB_LMI,WHOSIS_000015,2012,18.20426248
SLE,WHOSIS_000015,2005,14.92339201
MLT,WHOSIS_000015,2015,24.23187593
LUX,WHOSIS_000015,2018,24.76889464
USA,WHOSIS_000015,2004,22.05621658
NIC,WHOSIS_000015,2006,23.4953407
CAN,WHOSIS_000015,2016,24.78031331
LAO,WHOSIS_000015,2001,14.84099663
HUN,WHOSIS_000015,2012,19.79550954
TUR,WHOSIS_000015,2001,20.67749076
ZWE,WHOSIS_000015,2004,12.60745297
GHA,WHOSIS_000015,2003,15.68678069
BDI,WHOSIS_000015,2018,16.53189732
EST,WHOSIS_000015,2018,22.16280337
HND,WHOSIS_000015,2001,19.28343552
WB_LMI,WHOSIS_000015,2019,18.69218309
WB_LMI,WHOSIS_000015,2011,18.11037016
CAF,WHOSIS_000015,2002,11.2205769
GBR,WHOSIS_000015,2019,24.11885381
IND,WHOSIS_000015,2008,17.71518977
ATG,WHOSIS_000015,2012,20.33505711
KWT,WHOSIS_000015,2012,24.64894666
ARE,WHOSIS_000015,2020,22.60640367
IRL,WHOSIS_000015,2016,23.90979718
NIC,WHOSIS_000015,2001,23.74064051
BFA,WHOSIS_000015,2012,16.04810946
MNE,WHOSIS_000015,2003,18.65730787
PAN,WHOSIS_000015,2019,23.98345302
DEU,WHOSIS_000015,2004,22.35135224
BRA,WHOSIS_000015,2015,20.98198095
KOR,WHOSIS_000015,2013,24.55909099
CHN,WHOSIS_000015,2019,20.97747677
WSM,WHOSIS_000015,2019,17.64320152
ISL,WHOSIS_000015,2021,24.86421549
BRN,WHOSIS_000015,2015,20.65355275
CAN,WHOSIS_000015,2005,23.24616729
MLI,WHOSIS_000015,2008,16.46042121
GNQ,WHOSIS_000015,2021,16.57910261
CHE,WHOSIS_000015,2003,23.38773503
GEO,WHOSIS_000015,2011,17.84441534
SOM,WHOSIS_000015,2020,12.88583999
DEU,WHOSIS_000015,2011,23.40793894
DEU,WHOSIS_000015,2017,23.40789402
TJK,WHOSIS_000015,2013,18.84993445
NGA,WHOSIS_000015,2000,16.22189302
AUT,WHOSIS_000015,2007,23.15608969
BRA,WHOSIS_000015,2010,20.5981497
GRC,WHOSIS_000015,2007,22.71799775
BGR,WHOSIS_000015,2015,19.41411034
TCD,WHOSIS_000015,2003,14.61200883
KGZ,WHOSIS_000015,2006,16.56687079
KWT,WHOSIS_000015,2018,25.86548228
CPV,WHOSIS_000015,2008,21.82259939
TUN,WHOSIS_000015,2003,20.41765596
PRT,WHOSIS_000015,2019,24.19774619
ZWE,WHOSIS_000015,2002,13.03957989
DNK,WHOSIS_000015,2002,20.68298465
MLT,WHOSIS_000015,2014,24.02027761
AUS,WHOSIS_000015,2006,24.014283
BOL,WHOSIS_000015,2013,18.90344691
NER,WHOSIS_000015,2009,16.74396918
MLT,WHOSIS_000015,2010,23.20115555
SUR,WHOSIS_000015,2011,20.93550125
WB_LI,WHOSIS_000015,2014,16.67991423
ATG,WHOSIS_000015,2016,20.18902347
ARG,WHOSIS_000015,2001,20.21238424
NLD,WHOSIS_000015,2008,22.97955005
COM,WHOSIS_000015,2005,17.13291906
SVK,WHOSIS_000015,2018,21.11305297
BWA,WHOSIS_000015,2020,17.3805803
JAM,WHOSIS_000015,2019,18.66014287
VCT,WHOSIS_000015,2018,20.66711387
KIR,WHOSIS_000015,2005,14.49306753
WPR,WHOSIS_000015,2019,21.75437465
TON,WHOSIS_000015,2011,18.62296459
CHN,WHOSIS_000015,2012,19.8539355
SVK,WHOSIS_000015,2000,18.50659101
SGP,WHOSIS_000015,2003,22.38630261
ATG,WHOSIS_000015,2014,20.24882783
PSE,WHOSIS_000015,2016,19.2922462
COL,WHOSIS_000015,2000,20.29118566
ISR,WHOSIS_000015,2017,24.71390349
COG,WHOSIS_000015,2016,15.37263063
HRV,WHOSIS_000015,2010,20.56425802
ISR,WHOSIS_000015,2013,24.38772661
WB_LMI,WHOSIS_000015,2015,18.40315524
SRB,WHOSIS_000015,2019,19.72716413
WPR,WHOSIS_000015,2012,20.76660849
NER,WHOSIS_000015,2020,16.63392538
SVK,WHOSIS_000015,2017,20.97079807
GEO,WHOSIS_000015,2019,19.04885748
SYC,WHOSIS_000015,2018,19.35781844
SVN,WHOSIS_000015,2016,23.58383029
LSO,WHOSIS_000015,2017,12.48104123
YEM,WHOSIS_000015,2013,18.27228313
TJK,WHOSIS_000015,2003,17.06653668
SVN,WHOSIS_000015,2005,21.2297158
IND,WHOSIS_000015,2021,15.61533477
ROU,WHOSIS_000015,2018,19.98056271
MNE,WHOSIS_000015,2000,18.94388492
LBR,WHOSIS_000015,2011,16.27679786
GIN,WHOSIS_000015,2017,16.28814556
ERI,WHOSIS_000015,2013,14.49083448
MWI,WHOSIS_000015,2006,13.83451961
TON,WHOSIS_000015,2003,18.03414153
SRB,WHOSIS_000015,2002,17.47383552
ESP,WHOSIS_000015,2003,22.85473388
MEX,WHOSIS_000015,2010,21.41510387
VCT,WHOSIS_000015,2005,20.34061569
MAR,WHOSIS_000015,2021,18.03412862
AGO,WHOSIS_000015,2005,14.79405924
ZAF,WHOSIS_000015,2004,16.44374395
SLB,WHOSIS_000015,2003,14.68675761
GAB,WHOSIS_000015,2016,16.12462817
BEN,WHOSIS_000015,2016,17.40232837
DZA,WHOSIS_000015,2008,20.73952513
DOM,WHOSIS_000015,2016,22.271071
GUY,WHOSIS_000015,2008,16.72394091
LBN,WHOSIS_000015,2016,22.6991358
AZE,WHOSIS_000015,2007,17.13638144
SLE,WHOSIS_000015,2007,14.98579171
IDN,WHOSIS_000015,2020,16.51254094
BRA,WHOSIS_000015,2013,20.87882612
GRD,WHOSIS_000015,2001,17.32421619
KHM,WHOSIS_000015,2001,15.50159715
HTI,WHOSIS_000015,2019,16.25306966
LBY,WHOSIS_000015,2008,20.27031987
TZA,WHOSIS_000015,2003,15.89367927
JOR,WHOSIS_000015,2008,20.68299
NIC,WHOSIS_000015,2010,23.45115155
AUS,WHOSIS_000015,2009,24.64552898
IRQ,WHOSIS_000015,2015,20.03373207
BDI,WHOSIS_000015,2020,16.27267192
CYP,WHOSIS_000015,2000,21.8288678
JAM,WHOSIS_000015,2003,19.11595229
MDG,WHOSIS_000015,2006,15.4065732
BEN,WHOSIS_000015,2015,17.28559063
NOR,WHOSIS_000015,2013,23.86963578
TON,WHOSIS_000015,2001,18.10903364
PRY,WHOSIS_000015,2012,21.54972804
ARM,WHOSIS_000015,2012,18.9442431
COD,WHOSIS_000015,2015,15.56767987
MEX,WHOSIS_000015,2017,22.15391832
GBR,WHOSIS_000015,2017,23.76817746
GEO,WHOSIS_000015,2003,17.65219707
TJK,WHOSIS_000015,2020,17.20143389
SEN,WHOSIS_000015,2015,17.80365492
DOM,WHOSIS_000015,2012,22.09012224
VNM,WHOSIS_000015,2008,18.80298108
ARG,WHOSIS_000015,2021,19.5721278
JOR,WHOSIS_000015,2003,19.18196398
HRV,WHOSIS_000015,2017,21.35750253
ARM,WHOSIS_000015,2010,18.50804028
ERI,WHOSIS_000015,2005,13.73691839
GUY,WHOSIS_000015,2012,17.0053846
LBN,WHOSIS_000015,2019,23.1754311
COD,WHOSIS_000015,2014,15.47810016
NOR,WHOSIS_000015,2017,24.43612471
NOR,WHOSIS_000015,2021,24.83429165
MDG,WHOSIS_000015,2007,15.56691694
SDN,WHOSIS_000015,2021,17.48952589
LCA,WHOSIS_000015,2006,20.99540015
ARM,WHOSIS_000015,2007,18.27474875
DZA,WHOSIS_000015,2007,20.67022781
ARG,WHOSIS_000015,2020,20.74698123
GTM,WHOSIS_000015,2006,20.42780034
WB_LI,WHOSIS_000015,2015,16.78376316
DEU,WHOSIS_000015,2006,22.76622158
QAT,WHOSIS_000015,2017,21.6465485
NOR,WHOSIS_000015,2009,23.47516058
MAR,WHOSIS_000015,2009,19.10879048
BHR,WHOSIS_000015,2011,17.61000274
GNQ,WHOSIS_000015,2002,15.88002891
SLB,WHOSIS_000015,2007,14.79426958
GBR,WHOSIS_000015,2010,23.36604826
MDA,WHOSIS_000015,2005,14.6148882
SVK,WHOSIS_000015,2001,18.57526371
EST,WHOSIS_000015,2002,18.81660503
CHE,WHOSIS_000015,2008,24.4513733
BOL,WHOSIS_000015,2012,18.81812641
OMN,WHOSIS_000015,2021,17.25225916
OMN,WHOSIS_000015,2010,18.0579423
SDN,WHOSIS_000015,2000,17.36381283
IDN,WHOSIS_000015,2002,17.33407977
CHL,WHOSIS_000015,2001,21.35578339
ARG,WHOSIS_000015,2009,21.28153819
SSD,WHOSIS_000015,2021,15.07478943
LUX,WHOSIS_000015,2015,24.50815495
LVA,WHOSIS_000015,2004,18.31224662
KIR,WHOSIS_000015,2007,14.56758706
UZB,WHOSIS_000015,2004,13.58440131
SAU,WHOSIS_000015,2012,21.55830854
NGA,WHOSIS_000015,2004,16.63311315
HND,WHOSIS_000015,2014,17.61968468
MDA,WHOSIS_000015,2019,19.02354801
GNQ,WHOSIS_000015,2001,15.45674302
JAM,WHOSIS_000015,2021,16.74948104
LBY,WHOSIS_000015,2007,20.68056403
MRT,WHOSIS_000015,2002,17.36128761
ISR,WHOSIS_000015,2008,23.46734988
LBY,WHOSIS_000015,2013,20.1020652
VNM,WHOSIS_000015,2019,19.5535056
KWT,WHOSIS_000015,2016,25.57557669
HUN,WHOSIS_000015,2001,18.68715599
PNG,WHOSIS_000015,2003,16.03701599
CHL,WHOSIS_000015,2021,22.8924484
SWZ,WHOSIS_000015,2004,11.22371022
SAU,WHOSIS_000015,2010,20.17116926
MAR,WHOSIS_000015,2017,18.96967251
BOL,WHOSIS_000015,2000,17.79635954
PSE,WHOSIS_000015,2005,17.33573615
ARM,WHOSIS_000015,2001,18.16175025
BIH,WHOSIS_000015,2007,20.30020945
ERI,WHOSIS_000015,2015,14.7331296
AFR,WHOSIS_000015,2011,16.63164189
MOZ,WHOSIS_000015,2013,14.02615763
PRT,WHOSIS_000015,2016,23.81551901
VUT,WHOSIS_000015,2001,15.25270507
NZL,WHOSIS_000015,2010,24.20332271
COD,WHOSIS_000015,2017,15.80468148
CHE,WHOSIS_000015,2013,24.80470979
PNG,WHOSIS_000015,2017,16.71155511
FJI,WHOSIS_000015,2017,15.88940233
CIV,WHOSIS_000015,2002,14.56947113
ETH,WHOSIS_000015,2004,14.72727127
FSM,WHOSIS_000015,2018,16.00571666
TUR,WHOSIS_000015,2021,19.32040067
MOZ,WHOSIS_000015,2002,14.67129937
MAR,WHOSIS_000015,2004,19.08893424
ZAF,WHOSIS_000015,2001,16.90019976
BEL,WHOSIS_000015,2020,23.15999598
UGA,WHOSIS_000015,2001,14.05574831
POL,WHOSIS_000015,2008,20.57182394
SWZ,WHOSIS_000015,2003,11.44361359
COG,WHOSIS_000015,2017,15.44242371
PRY,WHOSIS_000015,2020,20.8720344
LBN,WHOSIS_000015,2008,21.64836216
ALB,WHOSIS_000015,2009,20.76324845
BRA,WHOSIS_000015,2009,20.6297142
AUS,WHOSIS_000015,2017,25.31408651
BRA,WHOSIS_000015,2003,19.94270454
WSM,WHOSIS_000015,2018,17.58076207
ZWE,WHOSIS_000015,2015,14.04506685
MEX,WHOSIS_000015,2000,21.44189667
LTU,WHOSIS_000015,2007,19.01982172
IRL,WHOSIS_000015,2019,24.26239256
IRL,WHOSIS_000015,2012,23.28650189
LSO,WHOSIS_000015,2014,12.02600769
DEU,WHOSIS_000015,2008,22.92846481
SEAR,WHOSIS_000015,2020,18.11999956
IRQ,WHOSIS_000015,2017,20.19696426
KEN,WHOSIS_000015,2008,16.38225452
PNG,WHOSIS_000015,2000,16.02290776
JPN,WHOSIS_000015,2014,26.20940998
RWA,WHOSIS_000015,2004,14.87272266
NLD,WHOSIS_000015,2014,23.90268508
MLT,WHOSIS_000015,2003,21.49738989
GRD,WHOSIS_000015,2016,18.28140107
VEN,WHOSIS_000015,2014,21.15745166
MRT,WHOSIS_000015,2013,18.62608146
CAF,WHOSIS_000015,2014,12.07025106
SLV,WHOSIS_000015,2017,21.46669996
BWA,WHOSIS_000015,2003,14.25208708
BEN,WHOSIS_000015,2002,16.43985677
ECU,WHOSIS_000015,2004,21.22697044
ARM,WHOSIS_000015,2004,17.86949654
EMR,WHOSIS_000015,2001,17.57673311
BDI,WHOSIS_000015,2004,14.02370148
SVN,WHOSIS_000015,2012,22.91513934
ITA,WHOSIS_000015,2003,22.78794494
VUT,WHOSIS_000015,2008,15.45477064
TKM,WHOSIS_000015,2021,18.18860493
WB_LMI,WHOSIS_000015,2010,17.98030778
GNQ,WHOSIS_000015,2020,16.1585787
MNG,WHOSIS_000015,2019,18.48909879
BHS,WHOSIS_000015,2006,20.75420945
KWT,WHOSIS_000015,2019,25.47052373
NGA,WHOSIS_000015,2002,16.35295204
BHS,WHOSIS_000015,2004,20.21523202
GUY,WHOSIS_000015,2014,17.17984078
LCA,WHOSIS_000015,2000,19.97920138
SYR,WHOSIS_000015,2015,18.45401762
MEX,WHOSIS_000015,2020,18.52255688
THA,WHOSIS_000015,2015,23.61838601
FRA,WHOSIS_000015,2021,24.86038365
CRI,WHOSIS_000015,2008,24.39240447
CAF,WHOSIS_000015,2017,12.36547821
AUS,WHOSIS_000015,2013,25.12711944
DZA,WHOSIS_000015,2001,20.11429223
LVA,WHOSIS_000015,2017,20.35794624
TZA,WHOSIS_000015,2016,17.81838992
WSM,WHOSIS_000015,2003,17.2806761
NZL,WHOSIS_000015,2021,25.07249201
PRY,WHOSIS_000015,2008,21.89957487
WB_UMI,WHOSIS_000015,2009,19.28034119
ECU,WHOSIS_000015,2003,21.28338773
BRN,WHOSIS_000015,2013,20.80764856
ERI,WHOSIS_000015,2016,14.84804168
TON,WHOSIS_000015,2018,18.98493704
MYS,WHOSIS_000015,2010,18.94758547
SVK,WHOSIS_000015,2012,20.34286159
GAB,WHOSIS_000015,2015,16.04157748
ZWE,WHOSIS_000015,2013,13.83942722
LVA,WHOSIS_000015,2009,19.23619893
CAN,WHOSIS_000015,2017,24.76217
LSO,WHOSIS_000015,2016,12.19908941
GUY,WHOSIS_000015,2006,16.42954107
CMR,WHOSIS_000015,2002,14.70108213
KHM,WHOSIS_000015,2015,17.12916164
SWZ,WHOSIS_000015,2014,13.04491779
ARM,WHOSIS_000015,2018,20.21247961
LUX,WHOSIS_000015,2012,23.96292943
RUS,WHOSIS_000015,2013,18.95366581
PAN,WHOSIS_000015,2018,23.71166561
SLV,WHOSIS_000015,2011,22.55498671
BHR,WHOSIS_000015,2007,16.09066278
KAZ,WHOSIS_000015,2004,16.26957369
AFR,WHOSIS_000015,2018,17.45958243
GRD,WHOSIS_000015,2009,16.44855262
ISR,WHOSIS_000015,2015,24.30122003
HTI,WHOSIS_000015,2006,15.39950851
MNG,WHOSIS_000015,2006,15.94932178
THA,WHOSIS_000015,2019,23.43124953
TUR,WHOSIS_000015,2002,21.08437554
KOR,WHOSIS_000015,2014,24.93753981
COD,WHOSIS_000015,2019,15.99064596
JPN,WHOSIS_000015,2020,26.8524946
LVA,WHOSIS_000015,2020,20.4331359
JOR,WHOSIS_000015,2004,19.06138409
CIV,WHOSIS_000015,2005,14.77881339
QAT,WHOSIS_000015,2020,20.06144782
THA,WHOSIS_000015,2012,22.94987758
MOZ,WHOSIS_000015,2004,14.58434722
COM,WHOSIS_000015,2001,16.37895086
ARM,WHOSIS_000015,2015,19.21967467
CYP,WHOSIS_000015,2019,24.36308317
WSM,WHOSIS_000015,2007,17.54576302
FIN,WHOSIS_000015,2012,23.52072681
THA,WHOSIS_000015,2008,21.71564568
NER,WHOSIS_000015,2004,16.21656027
CZE,WHOSIS_000015,2009,20.80738663
OMN,WHOSIS_000015,2006,18.94153333
PRT,WHOSIS_000015,2012,23.42370468
BFA,WHOSIS_000015,2011,15.97056364
COD,WHOSIS_000015,2011,15.12714196
KGZ,WHOSIS_000015,2013,18.23476894
VEN,WHOSIS_000015,2010,21.71416716
JOR,WHOSIS_000015,2000,18.72572486
SYR,WHOSIS_000015,2017,18.44249338
UGA,WHOSIS_000015,2002,14.23595451
SWZ,WHOSIS_000015,2017,13.77897828
JAM,WHOSIS_000015,2017,18.75676734
FSM,WHOSIS_000015,2016,15.90696281
KAZ,WHOSIS_000015,2017,19.00180099
ECU,WHOSIS_000015,2020,18.58515564
VCT,WHOSIS_000015,2000,19.46213246
SEAR,WHOSIS_000015,2018,18.82941532
LTU,WHOSIS_000015,2016,20.48475107
CRI,WHOSIS_000015,2021,23.49588935
NIC,WHOSIS_000015,2013,23.52671405
BLZ,WHOSIS_000015,2012,21.96732524
NPL,WHOSIS_000015,2003,18.46870495
GRD,WHOSIS_000015,2002,16.87491763
BDI,WHOSIS_000015,2014,16.27461997
ARM,WHOSIS_000015,2019,20.10008321
AUT,WHOSIS_000015,2011,23.66384116
FRA,WHOSIS_000015,2004,23.75889842
GRD,WHOSIS_000015,2019,18.39003401
HTI,WHOSIS_000015,2002,15.29936521
MNE,WHOSIS_000015,2008,19.42671321
BRB,WHOSIS_000015,2007,20.71637951
LSO,WHOSIS_000015,2019,12.71142357
ROU,WHOSIS_000015,2007,18.98291281
PHL,WHOSIS_000015,2017,17.74437273
GRD,WHOSIS_000015,2005,16.2038237
NLD,WHOSIS_000015,2021,23.47039396
JPN,WHOSIS_000015,2015,26.3223146
MDA,WHOSIS_000015,2009,16.00693874
GLOBAL,WHOSIS_000015,2004,19.14299196
KAZ,WHOSIS_000015,2020,17.43575116
DOM,WHOSIS_000015,2018,22.38603136
MDA,WHOSIS_000015,2021,15.94786528
KGZ,WHOSIS_000015,2011,17.50526957
THA,WHOSIS_000015,2007,21.48109841
ECU,WHOSIS_000015,2017,22.44692962
AFR,WHOSIS_000015,2001,15.42727086
CIV,WHOSIS_000015,2004,14.62857085
SVK,WHOSIS_000015,2004,19.01742769
AGO,WHOSIS_000015,2017,16.42281236
CUB,WHOSIS_000015,2011,22.34276287
MDV,WHOSIS_000015,2017,21.16173299
EST,WHOSIS_000015,2004,19.14603193
BRN,WHOSIS_000015,2020,21.06848054
POL,WHOSIS_000015,2006,20.3347129
SYC,WHOSIS_000015,2016,19.40680268
AZE,WHOSIS_000015,2013,18.20433717
TUR,WHOSIS_000015,2005,21.72971312
TKM,WHOSIS_000015,2011,18.57782675
GLOBAL,WHOSIS_000015,2019,21.02954663
MDV,WHOSIS_000015,2009,18.48205744
CHL,WHOSIS_000015,2018,24.5235179
CHL,WHOSIS_000015,2009,23.18764776
HND,WHOSIS_000015,2020,16.87595029
IND,WHOSIS_000015,2009,18.04537628
SOM,WHOSIS_000015,2018,13.4528206
STP,WHOSIS_000015,2005,17.02525118
WB_HI,WHOSIS_000015,2007,23.09791626
LBR,WHOSIS_000015,2008,16.27179724
POL,WHOSIS_000015,2021,19.7639409
AZE,WHOSIS_000015,2010,16.87555162
PER,WHOSIS_000015,2011,24.08353447
BHS,WHOSIS_000015,2005,20.64884663
NLD,WHOSIS_000015,2005,22.27500982
UZB,WHOSIS_000015,2007,13.74872507
MMR,WHOSIS_000015,2001,14.91920109
ROU,WHOSIS_000015,2003,17.98014162
ZMB,WHOSIS_000015,2018,15.92342984
BRN,WHOSIS_000015,2021,21.34500839
GNB,WHOSIS_000015,2013,13.96302625
NZL,WHOSIS_000015,2020,25.32589153
DZA,WHOSIS_000015,2013,21.10761253
CRI,WHOSIS_000015,2012,24.50036202
TKM,WHOSIS_000015,2008,17.067136
POL,WHOSIS_000015,2013,21.29891822
FRA,WHOSIS_000015,2007,24.37446387
ECU,WHOSIS_000015,2011,21.86984322
VNM,WHOSIS_000015,2021,19.61965101
ISL,WHOSIS_000015,2014,24.34608146
JOR,WHOSIS_000015,2010,21.30027722
VNM,WHOSIS_000015,2009,18.82937336
ALB,WHOSIS_000015,2021,19.94106332
SAU,WHOSIS_000015,2014,21.36878026
BTN,WHOSIS_000015,2007,19.5373838
RUS,WHOSIS_000015,2003,16.00424425
KEN,WHOSIS_000015,2011,16.52106695
ARM,WHOSIS_000015,2017,19.58933
MMR,WHOSIS_000015,2004,15.33592421
MLT,WHOSIS_000015,2008,22.69787633
MNE,WHOSIS_000015,2012,19.97154109
QAT,WHOSIS_000015,2003,15.06194767
EMR,WHOSIS_000015,2017,18.75843381
MOZ,WHOSIS_000015,2021,14.07115992
SLV,WHOSIS_000015,2016,21.77135756
KGZ,WHOSIS_000015,2017,19.10458237
SLV,WHOSIS_000015,2007,22.84725893
MNG,WHOSIS_000015,2015,17.39769161
BWA,WHOSIS_000015,2009,15.65975245
SYR,WHOSIS_000015,2000,17.30998612
ARG,WHOSIS_000015,2016,21.0146126
MDA,WHOSIS_000015,2016,18.19283454
WB_LI,WHOSIS_000015,2003,15.25653101
PRK,WHOSIS_000015,2016,18.43135723
DZA,WHOSIS_000015,2016,21.36569596
SRB,WHOSIS_000015,2001,17.68809002
EGY,WHOSIS_000015,2000,17.84261026
LVA,WHOSIS_000015,2006,18.24171736
NPL,WHOSIS_000015,2013,18.52147694
WB_LI,WHOSIS_000015,2002,15.00454948
PRI,WHOSIS_000015,2011,23.85284777
POL,WHOSIS_000015,2018,21.77413873
CUB,WHOSIS_000015,2000,21.61308917
GBR,WHOSIS_000015,2020,23.14074359
AFG,WHOSIS_000015,2014,14.91762697
GRD,WHOSIS_000015,2010,16.67991897
BEL,WHOSIS_000015,2010,23.10561615
IRQ,WHOSIS_000015,2012,19.8269798
PRY,WHOSIS_000015,2019,21.01117252
OMN,WHOSIS_000015,2015,18.35353633
CIV,WHOSIS_000015,2016,16.5674913
BLR,WHOSIS_000015,2003,16.6725603
KAZ,WHOSIS_000015,2014,18.4329234
CHN,WHOSIS_000015,2020,21.10439975
TZA,WHOSIS_000015,2005,16.11577704
BRN,WHOSIS_000015,2011,20.87291888
PSE,WHOSIS_000015,2010,17.63575274
IDN,WHOSIS_000015,2021,15.40181558
WB_HI,WHOSIS_000015,2011,23.67319244
MAR,WHOSIS_000015,2006,19.04715317
BDI,WHOSIS_000015,2019,16.51349193
HRV,WHOSIS_000015,2001,19.55677193
CIV,WHOSIS_000015,2019,17.07481042
BRB,WHOSIS_000015,2021,21.33469521
USA,WHOSIS_000015,2020,21.96494716
TKM,WHOSIS_000015,2018,18.27577692
MKD,WHOSIS_000015,2006,18.26368302
VEN,WHOSIS_000015,2011,21.6119975
GRC,WHOSIS_000015,2019,23.70816
RWA,WHOSIS_000015,2018,17.78949847
AUT,WHOSIS_000015,2008,23.29342464
YEM,WHOSIS_000015,2012,18.19424127
SLE,WHOSIS_000015,2008,15.06453169
URY,WHOSIS_000015,2005,20.99007626
MEX,WHOSIS_000015,2016,21.92009466
BRA,WHOSIS_000015,2002,19.91263779
KIR,WHOSIS_000015,2004,14.45138674
EGY,WHOSIS_000015,2004,17.00830873
ARG,WHOSIS_000015,2006,20.91422377
LCA,WHOSIS_000015,2011,22.84555433
BIH,WHOSIS_000015,2018,20.72551443
COG,WHOSIS_000015,2000,13.07656136
BGR,WHOSIS_000015,2013,19.72112158
IRL,WHOSIS_000015,2009,22.7006611
ARG,WHOSIS_000015,2014,21.52770884
MMR,WHOSIS_000015,2007,15.98862653
BLZ,WHOSIS_000015,2007,20.67323821
QAT,WHOSIS_000015,2016,21.45451517
PSE,WHOSIS_000015,2009,17.49229777
SEN,WHOSIS_000015,2014,17.71264908
BGD,WHOSIS_000015,2012,20.30937857
EGY,WHOSIS_000015,2005,17.20118366
SVN,WHOSIS_000015,2020,22.78620135
PAK,WHOSIS_000015,2006,16.77863743
DOM,WHOSIS_000015,2006,21.50289155
GNQ,WHOSIS_000015,2016,17.08255384
CHL,WHOSIS_000015,2012,23.45898329
MRT,WHOSIS_000015,2010,18.41968381
NPL,WHOSIS_000015,2009,18.66316139
VEN,WHOSIS_000015,2017,20.87854591
TUN,WHOSIS_000015,2007,20.7443075
FJI,WHOSIS_000015,2000,14.53897192
TUN,WHOSIS_000015,2017,21.4855051
PRI,WHOSIS_000015,2009,23.70659278
BHS,WHOSIS_000015,2014,20.48865178
GLOBAL,WHOSIS_000015,2001,18.95066291
SAU,WHOSIS_000015,2016,20.73593665
MLI,WHOSIS_000015,2021,16.5718492
SOM,WHOSIS_000015,2008,12.89886736
EMR,WHOSIS_000015,2002,17.58242487
FRA,WHOSIS_000015,2009,24.59329946
SRB,WHOSIS_000015,2017,19.45536141
BGD,WHOSIS_000015,2019,20.55932622
FSM,WHOSIS_000015,2010,15.68779354
VNM,WHOSIS_000015,2012,19.01345686
NIC,WHOSIS_000015,2016,24.01866184
STP,WHOSIS_000015,2008,17.24019148
GNB,WHOSIS_000015,2001,13.04526986
GTM,WHOSIS_000015,2011,20.83652096
COG,WHOSIS_000015,2012,15.03870462
NPL,WHOSIS_000015,2017,18.50763375
GEO,WHOSIS_000015,2021,16.80279375
DEU,WHOSIS_000015,2002,21.9700509
PAK,WHOSIS_000015,2016,17.7309134
NZL,WHOSIS_000015,2012,24.21146093
RUS,WHOSIS_000015,2009,17.64077604
AMR,WHOSIS_000015,2010,22.1535658
VNM,WHOSIS_000015,2003,18.83249967
GTM,WHOSIS_000015,2019,20.64965737
UKR,WHOSIS_000015,2016,19.17787973
WB_LMI,WHOSIS_000015,2020,17.96089358
EMR,WHOSIS_000015,2004,17.70155528
DZA,WHOSIS_000015,2014,21.17823499
WB_LI,WHOSIS_000015,2011,16.26017763
IRL,WHOSIS_000015,2004,21.69102289
MDV,WHOSIS_000015,2006,17.88733313
KOR,WHOSIS_000015,2005,21.95685582
ZWE,WHOSIS_000015,2010,13.06223446
DNK,WHOSIS_000015,2000,20.63392154
SWE,WHOSIS_000015,2000,22.42039183
HND,WHOSIS_000015,2017,17.87139996
LTU,WHOSIS_000015,2013,20.27561664
CPV,WHOSIS_000015,2002,20.78550171
DJI,WHOSIS_000015,2008,16.63698571
PER,WHOSIS_000015,2003,23.10561593
CZE,WHOSIS_000015,2013,21.31319912
PRT,WHOSIS_000015,2014,23.94338026
AGO,WHOSIS_000015,2008,15.32318299
IRN,WHOSIS_000015,2015,22.02668613
GRC,WHOSIS_000015,2015,23.43418515
RUS,WHOSIS_000015,2007,17.30908336
RUS,WHOSIS_000015,2014,18.83354977
BEN,WHOSIS_000015,2019,17.77502104
ALB,WHOSIS_000015,2008,20.31760303
PAN,WHOSIS_000015,2006,22.35053546
SYR,WHOSIS_000015,2020,18.46715339
BGD,WHOSIS_000015,2018,20.45601724
GAB,WHOSIS_000015,2000,14.50511196
LTU,WHOSIS_000015,2011,20.099974
GAB,WHOSIS_000015,2006,15.14558476
SDN,WHOSIS_000015,2017,19.01679023
UGA,WHOSIS_000015,2008,16.07026931
NAM,WHOSIS_000015,2000,14.07214276
HTI,WHOSIS_000015,2008,15.57009564
BGD,WHOSIS_000015,2011,19.48601643
NAM,WHOSIS_000015,2019,16.47411859
MAR,WHOSIS_000015,2018,18.9438562
LCA,WHOSIS_000015,2002,20.11717945
BLR,WHOSIS_000015,2016,19.26726116
SLB,WHOSIS_000015,2011,15.07212193
FJI,WHOSIS_000015,2005,15.4741685
MLT,WHOSIS_000015,2007,22.40944715
UZB,WHOSIS_000015,2018,17.36543401
UZB,WHOSIS_000015,2005,13.13581121
VEN,WHOSIS_000015,2016,20.67227113
URY,WHOSIS_000015,2015,21.92021356
GRD,WHOSIS_000015,2014,18.38006469
CPV,WHOSIS_000015,2016,21.25121724
BIH,WHOSIS_000015,2005,20.54222786
ALB,WHOSIS_000015,2010,21.27757696
BGD,WHOSIS_000015,2016,20.65204418
ZWE,WHOSIS_000015,2016,14.11761377
JPN,WHOSIS_000015,2000,24.63023711
CZE,WHOSIS_000015,2008,20.82582481
GBR,WHOSIS_000015,2003,21.58645604
TLS,WHOSIS_000015,2020,18.04878566
NIC,WHOSIS_000015,2017,24.471915
CAF,WHOSIS_000015,2006,11.48185561
ISR,WHOSIS_000015,2009,24.06040221
CZE,WHOSIS_000015,2020,21.0575326
KAZ,WHOSIS_000015,2006,16.48302228
COD,WHOSIS_000015,2000,14.47409197
AFG,WHOSIS_000015,2007,13.93297792
GTM,WHOSIS_000015,2001,19.74089622
VUT,WHOSIS_000015,2003,15.25759067
GNB,WHOSIS_000015,2016,14.24242921
ESP,WHOSIS_000015,2005,23.22641228
PHL,WHOSIS_000015,2002,18.22301073
MNG,WHOSIS_000015,2013,17.04747381
MLT,WHOSIS_000015,2002,21.28024446
MLT,WHOSIS_000015,2016,24.39880038
GHA,WHOSIS_000015,2018,16.84515655
CAN,WHOSIS_000015,2008,23.74663529
ZWE,WHOSIS_000015,2003,12.79826952
IRL,WHOSIS_000015,2010,23.44210055
CHE,WHOSIS_000015,2011,24.77637221
KIR,WHOSIS_000015,2006,14.52930344
DEU,WHOSIS_000015,2009,23.02398609
AUS,WHOSIS_000015,2001,23.37233233
LAO,WHOSIS_000015,2013,16.89948367
BDI,WHOSIS_000015,2008,15.64230275
USA,WHOSIS_000015,2016,23.16661986
CIV,WHOSIS_000015,2009,15.41070113
BTN,WHOSIS_000015,2017,20.04691469
FJI,WHOSIS_000015,2004,15.34527646
GTM,WHOSIS_000015,2013,20.58388039
CRI,WHOSIS_000015,2004,22.98925984
BHR,WHOSIS_000015,2004,15.03408379
ARM,WHOSIS_000015,2013,19.13724451
TON,WHOSIS_000015,2007,18.66373704
AFR,WHOSIS_000015,2003,15.54881239
SLV,WHOSIS_000015,2013,21.91359907
CMR,WHOSIS_000015,2010,15.55490834
CHE,WHOSIS_000015,2006,24.2167537
SLV,WHOSIS_000015,2006,22.72749244
SEN,WHOSIS_000015,2009,17.47574619
UGA,WHOSIS_000015,2013,17.1133266
GIN,WHOSIS_000015,2011,15.76782089
GNB,WHOSIS_000015,2002,13.09079498
EUR,WHOSIS_000015,2008,20.9001653
EUR,WHOSIS_000015,2000,19.56422113
SYC,WHOSIS_000015,2017,19.37562572
HTI,WHOSIS_000015,2009,15.67855504
GIN,WHOSIS_000015,2020,16.11171304
HND,WHOSIS_000015,2000,19.30345647
BRB,WHOSIS_000015,2018,21.24328024
BEL,WHOSIS_000015,2019,24.23248296
PSE,WHOSIS_000015,2002,17.21468452
AUT,WHOSIS_000015,2018,23.90743324
EST,WHOSIS_000015,2009,20.57620227
AMR,WHOSIS_000015,2002,21.21454887
AMR,WHOSIS_000015,2020,21.09923149
GRC,WHOSIS_000015,2004,22.48662551
COL,WHOSIS_000015,2021,20.14530963
PER,WHOSIS_000015,2015,25.14199023
SWZ,WHOSIS_000015,2015,13.33472262
SEAR,WHOSIS_000015,2002,17.65764782
LUX,WHOSIS_000015,2006,22.79234662
USA,WHOSIS_000015,2002,21.55708731
BOL,WHOSIS_000015,2016,19.17060106
ETH,WHOSIS_000015,2010,17.08136836
ESP,WHOSIS_000015,2006,23.79542407
EGY,WHOSIS_000015,2001,17.34438465
COD,WHOSIS_000015,2013,15.35554272
KAZ,WHOSIS_000015,2007,16.57428602
SEN,WHOSIS_000015,2018,17.86603568
PHL,WHOSIS_000015,2008,18.00631923
DZA,WHOSIS_000015,2006,20.58379302
TCD,WHOSIS_000015,2021,15.45576475
TUN,WHOSIS_000015,2018,21.60294352
WB_UMI,WHOSIS_000015,2018,20.70993201
COM,WHOSIS_000015,2015,17.89304482
LCA,WHOSIS_000015,2005,20.66558891
HTI,WHOSIS_000015,2012,15.83719866
LVA,WHOSIS_000015,2015,20.33161742
TLS,WHOSIS_000015,2017,18.0518859
URY,WHOSIS_000015,2001,20.52407149
JAM,WHOSIS_000015,2005,18.57297005
THA,WHOSIS_000015,2014,23.44142809
NER,WHOSIS_000015,2003,16.05078251
JAM,WHOSIS_000015,2014,18.49317855
MKD,WHOSIS_000015,2017,19.45171463
VCT,WHOSIS_000015,2017,20.69538658
COL,WHOSIS_000015,2019,22.68776373
TGO,WHOSIS_000015,2000,15.27254592
ESP,WHOSIS_000015,2008,23.95458853
LUX,WHOSIS_000015,2010,23.71718739
MDA,WHOSIS_000015,2004,14.95393077
LSO,WHOSIS_000015,2003,12.38736426
GTM,WHOSIS_000015,2007,20.7031876
SOM,WHOSIS_000015,2010,12.14826035
BHR,WHOSIS_000015,2021,17.76053137
CMR,WHOSIS_000015,2006,15.02041683
ISR,WHOSIS_000015,2004,22.76167699
WB_UMI,WHOSIS_000015,2016,20.42318966
MEX,WHOSIS_000015,2003,21.36660844
BFA,WHOSIS_000015,2014,16.25883907
SEN,WHOSIS_000015,2021,16.84282873
FSM,WHOSIS_000015,2003,15.42946212
GBR,WHOSIS_000015,2018,23.6076617
LSO,WHOSIS_000015,2006,11.30444927
BWA,WHOSIS_000015,2015,16.56266706
YEM,WHOSIS_000015,2020,16.76992435
DZA,WHOSIS_000015,2020,19.25243999
TCD,WHOSIS_000015,2002,14.62164789
GEO,WHOSIS_000015,2001,18.60597369
DJI,WHOSIS_000015,2019,17.45210462
EUR,WHOSIS_000015,2010,21.22981335
MDG,WHOSIS_000015,2004,15.05447381
HND,WHOSIS_000015,2011,18.07855391
IRL,WHOSIS_000015,2020,24.00120871
ESP,WHOSIS_000015,2021,24.94618252
KAZ,WHOSIS_000015,2003,15.77417231
UZB,WHOSIS_000015,2015,16.05970101
AFR,WHOSIS_000015,2021,16.74570321
MYS,WHOSIS_000015,2000,18.31633926
SWE,WHOSIS_000015,2010,23.66458275
VCT,WHOSIS_000015,2001,19.73597812
IDN,WHOSIS_000015,2011,17.45176851
BLR,WHOSIS_000015,2012,18.52868055
QAT,WHOSIS_000015,2019,21.83192429
COD,WHOSIS_000015,2020,15.50995708
MLI,WHOSIS_000015,2013,16.60667196
VNM,WHOSIS_000015,2010,18.86440341
CAN,WHOSIS_000015,2014,24.55810134
USA,WHOSIS_000015,2018,23.14374105
SLE,WHOSIS_000015,2010,15.28737428
SEAR,WHOSIS_000015,2005,17.90499129
CHE,WHOSIS_000015,2002,23.50414462
SGP,WHOSIS_000015,2018,25.5168368
SLE,WHOSIS_000015,2003,14.90921853
RUS,WHOSIS_000015,2020,18.14248447
SRB,WHOSIS_000015,2018,19.6707062
PAN,WHOSIS_000015,2017,23.4626212
TTO,WHOSIS_000015,2019,21.44475675
RUS,WHOSIS_000015,2006,16.92295401
MNG,WHOSIS_000015,2017,17.93106703
MUS,WHOSIS_000015,2006,18.54020627
KWT,WHOSIS_000015,2000,22.1256224
WB_LMI,WHOSIS_000015,2018,18.61898919
SOM,WHOSIS_000015,2002,12.4863408
AZE,WHOSIS_000015,2004,16.3426233
PHL,WHOSIS_000015,2003,18.3450492
PAK,WHOSIS_000015,2001,16.37050241
BOL,WHOSIS_000015,2019,19.4172602
DEU,WHOSIS_000015,2007,22.91708163
RWA,WHOSIS_000015,2006,15.95027852
HUN,WHOSIS_000015,2006,19.19914341
ARM,WHOSIS_000015,2011,18.72931908
TKM,WHOSIS_000015,2003,16.82885814
BLZ,WHOSIS_000015,2017,21.71659832
ZWE,WHOSIS_000015,2001,13.3613659
SEN,WHOSIS_000015,2004,16.99246836
CZE,WHOSIS_000015,2001,19.50988248
KOR,WHOSIS_000015,2001,20.77835166
CZE,WHOSIS_000015,2007,20.59094458
AFG,WHOSIS_000015,2021,13.68496051
PRI,WHOSIS_000015,2002,22.71047462
SRB,WHOSIS_000015,2020,18.53718525
SAU,WHOSIS_000015,2019,20.65075057
GIN,WHOSIS_000015,2019,16.57829933
MYS,WHOSIS_000015,2021,18.34886282
EUR,WHOSIS_000015,2021,20.8521152
USA,WHOSIS_000015,2015,23.07017458
NAM,WHOSIS_000015,2007,14.93012996
COM,WHOSIS_000015,2009,17.37223136
AZE,WHOSIS_000015,2008,16.31580142
DEU,WHOSIS_000015,2001,22.01025714
OMN,WHOSIS_000015,2003,18.50330057
BGD,WHOSIS_000015,2021,19.72867396
CUB,WHOSIS_000015,2007,22.14384212
MKD,WHOSIS_000015,2020,17.96674206
FRA,WHOSIS_000015,2006,24.18513392
AGO,WHOSIS_000015,2016,16.43183921
FRA,WHOSIS_000015,2012,24.84368773
LUX,WHOSIS_000015,2019,24.72596863
LKA,WHOSIS_000015,2000,19.17703631
GHA,WHOSIS_000015,2010,15.88577074
UZB,WHOSIS_000015,2017,16.64488067
LBN,WHOSIS_000015,2005,21.42591166
DEU,WHOSIS_000015,2020,23.37829165
PAK,WHOSIS_000015,2002,16.41466951
MAR,WHOSIS_000015,2002,19.16340598
SDN,WHOSIS_000015,2003,17.70471358
PAK,WHOSIS_000015,2014,17.55845601
CHN,WHOSIS_000015,2002,18.07012865
TCD,WHOSIS_000015,2018,15.97385715
BFA,WHOSIS_000015,2021,16.13905282
JOR,WHOSIS_000015,2021,19.96338638
MDV,WHOSIS_000015,2011,18.85293132
UZB,WHOSIS_000015,2020,16.69318984
SGP,WHOSIS_000015,2001,22.09042188
AMR,WHOSIS_000015,2000,21.02492235
KIR,WHOSIS_000015,2012,14.68674742
PAN,WHOSIS_000015,2020,22.40356464
WB_HI,WHOSIS_000015,2009,23.44715555
CMR,WHOSIS_000015,2004,14.81839383
UKR,WHOSIS_000015,2001,16.92651053
TCD,WHOSIS_000015,2009,15.18762731
COG,WHOSIS_000015,2013,15.10236355
CZE,WHOSIS_000015,2021,20.29379578
IRN,WHOSIS_000015,2003,20.6139004
BFA,WHOSIS_000015,2003,15.45671804
UGA,WHOSIS_000015,2010,16.53057072
FIN,WHOSIS_000015,2014,23.73822578
ATG,WHOSIS_000015,2020,21.91241034
LBR,WHOSIS_000015,2020,16.56707091
LSO,WHOSIS_000015,2000,13.11505259
BRN,WHOSIS_000015,2016,20.52098334
SRB,WHOSIS_000015,2016,19.57207394
LAO,WHOSIS_000015,2019,17.48365776
COL,WHOSIS_000015,2015,22.26884127
POL,WHOSIS_000015,2001,19.47993207
BTN,WHOSIS_000015,2004,19.12674888
PRT,WHOSIS_000015,2013,23.62112211
ARE,WHOSIS_000015,2013,23.23731523
FSM,WHOSIS_000015,2007,15.61289233
PAN,WHOSIS_000015,2005,21.96652422
IRL,WHOSIS_000015,2003,21.31745218
SYR,WHOSIS_000015,2014,18.33043971
CZE,WHOSIS_000015,2006,20.37012771
PRI,WHOSIS_000015,2007,23.51615713
TGO,WHOSIS_000015,2011,15.44064207
PRK,WHOSIS_000015,2019,18.85982707
DJI,WHOSIS_000015,2016,17.24724264
DOM,WHOSIS_000015,2010,22.04320431
IRN,WHOSIS_000015,2021,19.86259757
DNK,WHOSIS_000015,2015,23.16551588
LAO,WHOSIS_000015,2002,15.07064869
CRI,WHOSIS_000015,2019,24.52394691
GMB,WHOSIS_000015,2008,16.08779134
SOM,WHOSIS_000015,2017,13.40024831
ALB,WHOSIS_000015,2016,21.15339455
ISL,WHOSIS_000015,2010,23.91500651
NAM,WHOSIS_000015,2004,13.85290835
BRA,WHOSIS_000015,2012,20.8304332
TGO,WHOSIS_000015,2017,16.12903414
BTN,WHOSIS_000015,2016,20.02003046
SYC,WHOSIS_000015,2011,19.65445077
ERI,WHOSIS_000015,2009,14.03012581
MDA,WHOSIS_000015,2011,16.88973169
MWI,WHOSIS_000015,2011,15.10250553
GRC,WHOSIS_000015,2002,22.21990567
MOZ,WHOSIS_000015,2015,14.34935043
DNK,WHOSIS_000015,2011,22.60068113
GLOBAL,WHOSIS_000015,2020,20.31078805
ZMB,WHOSIS_000015,2020,15.41820958
LBY,WHOSIS_000015,2006,20.84415146
COG,WHOSIS_000015,2009,14.70927291
MLT,WHOSIS_000015,2006,22.13520244
CRI,WHOSIS_000015,2013,24.61722663
LCA,WHOSIS_000015,2013,22.63059385
KAZ,WHOSIS_000015,2009,17.46293044
PRY,WHOSIS_000015,2016,21.05881883
AZE,WHOSIS_000015,2011,17.24488143
BIH,WHOSIS_000015,2000,19.79303421
LUX,WHOSIS_000015,2021,24.73060423
KAZ,WHOSIS_000015,2002,16.1154948
IND,WHOSIS_000015,2020,17.79218363
LTU,WHOSIS_000015,2006,18.97793518
STP,WHOSIS_000015,2006,17.06413912
KAZ,WHOSIS_000015,2005,16.20265983
NOR,WHOSIS_000015,2000,21.96924156
YEM,WHOSIS_000015,2017,18.15548194
HTI,WHOSIS_000015,2015,15.99896352
KGZ,WHOSIS_000015,2005,16.45346184
CAN,WHOSIS_000015,2015,24.60803247
ROU,WHOSIS_000015,2017,20.00350687
MKD,WHOSIS_000015,2012,18.73907626
JAM,WHOSIS_000015,2012,19.30134191
LCA,WHOSIS_000015,2012,22.93758731
AUT,WHOSIS_000015,2012,23.49102833
SLB,WHOSIS_000015,2016,15.37207768
COM,WHOSIS_000015,2000,16.08873554
SOM,WHOSIS_000015,2000,12.3495523
BEL,WHOSIS_000015,2013,23.35216324
SYC,WHOSIS_000015,2008,18.88247037
ARE,WHOSIS_000015,2014,23.18846757
AZE,WHOSIS_000015,2015,19.29013337
BGR,WHOSIS_000015,2010,18.94383823
BGR,WHOSIS_000015,2011,19.20269281
AZE,WHOSIS_000015,2020,18.55283539
MDV,WHOSIS_000015,2013,19.79138198
ZWE,WHOSIS_000015,2011,13.38925915
MKD,WHOSIS_000015,2016,19.29593214
SRB,WHOSIS_000015,2003,17.50157623
UZB,WHOSIS_000015,2008,13.97660606
GTM,WHOSIS_000015,2012,20.80917199
SLB,WHOSIS_000015,2017,15.41112377
TZA,WHOSIS_000015,2006,16.29563794
RWA,WHOSIS_000015,2019,17.8192019
BFA,WHOSIS_000015,2005,15.65484374
BRA,WHOSIS_000015,2021,19.40634436
HUN,WHOSIS_000015,2003,18.55118805
KOR,WHOSIS_000015,2018,25.62452987
OMN,WHOSIS_000015,2004,18.85308348
KGZ,WHOSIS_000015,2018,19.35570223
PSE,WHOSIS_000015,2007,17.41838613
POL,WHOSIS_000015,2016,21.84531516
TZA,WHOSIS_000015,2020,18.03812738
ESP,WHOSIS_000015,2000,22.70384836
EGY,WHOSIS_000015,2017,17.09733162
WB_LMI,WHOSIS_000015,2016,18.54866677
THA,WHOSIS_000015,2018,23.63635624
NOR,WHOSIS_000015,2008,23.22438213
FIN,WHOSIS_000015,2002,21.89239091
BLZ,WHOSIS_000015,2021,20.13150172
SLB,WHOSIS_000015,2000,14.64191781
NAM,WHOSIS_000015,2002,13.7934815
MNG,WHOSIS_000015,2004,15.57320555
ISR,WHOSIS_000015,2018,24.93214999
BRN,WHOSIS_000015,2014,20.71043906
EST,WHOSIS_000015,2010,20.74869909
GLOBAL,WHOSIS_000015,2007,19.7400608
ERI,WHOSIS_000015,2004,13.6385638
ECU,WHOSIS_000015,2019,22.83036148
CUB,WHOSIS_000015,2006,22.05880265
VEN,WHOSIS_000015,2004,21.50605416
JPN,WHOSIS_000015,2007,25.564088
MNG,WHOSIS_000015,2010,16.2748874
SYR,WHOSIS_000015,2011,18.67298523
IRN,WHOSIS_000015,2010,22.01746547
TTO,WHOSIS_000015,2020,20.98485859
MUS,WHOSIS_000015,2019,20.40198039
MNE,WHOSIS_000015,2020,19.07234207
BEL,WHOSIS_000015,2003,21.77311541
TJK,WHOSIS_000015,2012,18.10383306
SGP,WHOSIS_000015,2017,25.3094713
CHE,WHOSIS_000015,2014,25.078051
CZE,WHOSIS_000015,2019,22.07977594
MDV,WHOSIS_000015,2000,17.06357384
LKA,WHOSIS_000015,2013,20.4311079
CHN,WHOSIS_000015,2011,19.57748173
IND,WHOSIS_000015,2016,18.49319894
SGP,WHOSIS_000015,2002,22.21996497
SLB,WHOSIS_000015,2013,15.21241194
GRD,WHOSIS_000015,2006,16.44523606
CHN,WHOSIS_000015,2007,19.21618754
LTU,WHOSIS_000015,2021,19.48611306
GNB,WHOSIS_000015,2021,14.08423899
BEL,WHOSIS_000015,2021,24.01595852
TON,WHOSIS_000015,2012,18.65950686
GHA,WHOSIS_000015,2019,16.98544118
ESP,WHOSIS_000015,2017,25.00704743
SVN,WHOSIS_000015,2017,23.39396313
BFA,WHOSIS_000015,2019,16.76592288
IND,WHOSIS_000015,2011,18.15284685
SEN,WHOSIS_000015,2020,17.31450365
CMR,WHOSIS_000015,2000,14.78741412
DOM,WHOSIS_000015,2021,21.21347181
SUR,WHOSIS_000015,2016,20.8291493
ERI,WHOSIS_000015,2021,14.79115776
MNE,WHOSIS_000015,2009,19.63550588
SVK,WHOSIS_000015,2019,21.42842818
KGZ,WHOSIS_000015,2004,16.57166741
BIH,WHOSIS_000015,2016,20.64822841
MRT,WHOSIS_000015,2015,18.63411775
VCT,WHOSIS_000015,2009,20.99729901
LTU,WHOSIS_000015,2018,20.9112621
WSM,WHOSIS_000015,2010,17.64766607
GUY,WHOSIS_000015,2009,16.83618414
SVK,WHOSIS_000015,2009,19.78879295
IND,WHOSIS_000015,2012,18.21999703
SAU,WHOSIS_000015,2006,18.11693801
MLI,WHOSIS_000015,2009,16.54724521
ATG,WHOSIS_000015,2002,20.32311661
HND,WHOSIS_000015,2012,17.44150845
SRB,WHOSIS_000015,2011,18.82792968
GNB,WHOSIS_000015,2011,13.77086509
ZMB,WHOSIS_000015,2002,12.9541631
SSD,WHOSIS_000015,2000,15.22866015
KGZ,WHOSIS_000015,2008,17.20770496
AZE,WHOSIS_000015,2006,15.82773735
BGD,WHOSIS_000015,2013,20.52272121
NIC,WHOSIS_000015,2002,23.44081494
FSM,WHOSIS_000015,2005,15.52966587
CAF,WHOSIS_000015,2011,11.97062878
CRI,WHOSIS_000015,2020,24.18262046
ECU,WHOSIS_000015,2010,21.68420827
AUT,WHOSIS_000015,2001,22.30235161
ITA,WHOSIS_000015,2011,24.31603508
WB_UMI,WHOSIS_000015,2003,18.13635502
PNG,WHOSIS_000015,2004,16.06140276
NLD,WHOSIS_000015,2012,23.44576771
IRN,WHOSIS_000015,2005,21.08625606
LCA,WHOSIS_000015,2019,22.15591095
SLV,WHOSIS_000015,2005,22.34244534
ISR,WHOSIS_000015,2020,24.57953061
VEN,WHOSIS_000015,2021,19.55053401
KHM,WHOSIS_000015,2002,15.67780417
COG,WHOSIS_000015,2002,13.50849138
BIH,WHOSIS_000015,2017,20.6847133
YEM,WHOSIS_000015,2002,17.09083802
SUR,WHOSIS_000015,2015,20.62787138
ECU,WHOSIS_000015,2012,21.83202333
THA,WHOSIS_000015,2000,20.71631377
MLI,WHOSIS_000015,2000,15.84480238
ECU,WHOSIS_000015,2007,21.33803126
GMB,WHOSIS_000015,2018,16.37622833
SYR,WHOSIS_000015,2018,18.60169707
EMR,WHOSIS_000015,2006,17.91177411
DJI,WHOSIS_000015,2014,17.11281225
MDG,WHOSIS_000015,2001,15.07257989
HTI,WHOSIS_000015,2000,15.19310752
PSE,WHOSIS_000015,2006,17.25819875
SOM,WHOSIS_000015,2021,12.32804856
LCA,WHOSIS_000015,2008,21.83762973
LAO,WHOSIS_000015,2003,15.24282031
NPL,WHOSIS_000015,2010,18.65634863
VEN,WHOSIS_000015,2012,21.73371908
TCD,WHOSIS_000015,2019,16.05078857
TKM,WHOSIS_000015,2004,16.4943954
ALB,WHOSIS_000015,2006,19.76513015
SEN,WHOSIS_000015,2008,17.3779023
SEAR,WHOSIS_000015,2006,17.91352331
COM,WHOSIS_000015,2004,16.98664703
UGA,WHOSIS_000015,2021,17.32266251
MKD,WHOSIS_000015,2003,17.96965846
SLE,WHOSIS_000015,2011,15.42410744
IND,WHOSIS_000015,2003,17.58517962
GLOBAL,WHOSIS_000015,2011,20.20917815
GMB,WHOSIS_000015,2016,16.29376704
BWA,WHOSIS_000015,2011,15.68664248
LBY,WHOSIS_000015,2012,20.0849241
BTN,WHOSIS_000015,2013,19.97666039
JAM,WHOSIS_000015,2018,18.8472663
ZWE,WHOSIS_000015,2019,14.31397044
LUX,WHOSIS_000015,2002,22.0767391
ZMB,WHOSIS_000015,2007,14.43831497
JOR,WHOSIS_000015,2006,18.87242367
KIR,WHOSIS_000015,2021,14.12346197
MAR,WHOSIS_000015,2010,19.12146574
PRI,WHOSIS_000015,2017,24.19760713
ISL,WHOSIS_000015,2004,23.30562992
ARE,WHOSIS_000015,2001,21.4931067
ETH,WHOSIS_000015,2006,15.47466507
GRC,WHOSIS_000015,2001,22.1640645
HTI,WHOSIS_000015,2005,15.31670288
PHL,WHOSIS_000015,2019,17.48059174
COD,WHOSIS_000015,2018,15.91808546
MMR,WHOSIS_000015,2008,14.99238439
SVN,WHOSIS_000015,2000,20.48144856
AMR,WHOSIS_000015,2006,21.86647894
GHA,WHOSIS_000015,2014,16.37698327
BGR,WHOSIS_000015,2019,19.69893168
PAN,WHOSIS_000015,2012,23.05156476
CHL,WHOSIS_000015,2006,22.58966846
BHR,WHOSIS_000015,2018,19.01646665
EGY,WHOSIS_000015,2015,16.36715788
CZE,WHOSIS_000015,2012,21.25598715
FSM,WHOSIS_000015,2009,15.67041076
ROU,WHOSIS_000015,2015,19.86801401
SGP,WHOSIS_000015,2011,24.2826409
OMN,WHOSIS_000015,2016,18.17885087
GNQ,WHOSIS_000015,2004,16.26940633
CMR,WHOSIS_000015,2015,16.06138132
AUT,WHOSIS_000015,2004,22.52237372
GHA,WHOSIS_000015,2017,16.7274102
RWA,WHOSIS_000015,2013,17.48650956
NGA,WHOSIS_000015,2013,17.98690379
TGO,WHOSIS_000015,2010,15.31714723
PSE,WHOSIS_000015,2019,19.90000935
IRN,WHOSIS_000015,2009,21.8388071
SEAR,WHOSIS_000015,2015,18.67929702
BEN,WHOSIS_000015,2009,17.00325163
DEU,WHOSIS_000015,2018,23.3143009
POL,WHOSIS_000015,2017,21.69220361
BOL,WHOSIS_000015,2020,14.71124973
ZAF,WHOSIS_000015,2009,16.55008377
COG,WHOSIS_000015,2010,14.81557897
SVK,WHOSIS_000015,2008,19.59605233
BFA,WHOSIS_000015,2016,16.4055172
LCA,WHOSIS_000015,2015,22.72808416
STP,WHOSIS_000015,2021,17.52210055
CMR,WHOSIS_000015,2001,14.75037523
GNB,WHOSIS_000015,2019,14.57223496
DJI,WHOSIS_000015,2013,17.02486882
COL,WHOSIS_000015,2008,21.17698133
KEN,WHOSIS_000015,2009,16.41190336
NER,WHOSIS_000015,2019,17.23890832
CZE,WHOSIS_000015,2002,19.49247345
NAM,WHOSIS_000015,2005,14.1216389
CHN,WHOSIS_000015,2009,19.31065411
BDI,WHOSIS_000015,2005,14.37773329
VCT,WHOSIS_000015,2004,20.0939377
IND,WHOSIS_000015,2005,17.87984179
TTO,WHOSIS_000015,2010,20.88647782
AFG,WHOSIS_000015,2005,13.65149415
MYS,WHOSIS_000015,2012,19.47662427
BOL,WHOSIS_000015,2005,18.48175696
EST,WHOSIS_000015,2021,21.02991669
BOL,WHOSIS_000015,2018,19.33097303
ISR,WHOSIS_000015,2001,22.31258773
MDV,WHOSIS_000015,2003,17.33837592
WPR,WHOSIS_000015,2007,20.19375099
MOZ,WHOSIS_000015,2001,14.72090862
PNG,WHOSIS_000015,2014,16.55253697
COM,WHOSIS_000015,2016,17.94943082
GUY,WHOSIS_000015,2002,16.26697807
BHR,WHOSIS_000015,2015,18.96539488
IRQ,WHOSIS_000015,2021,17.95921772
AFR,WHOSIS_000015,2005,15.80505218
HTI,WHOSIS_000015,2013,15.91527239
VNM,WHOSIS_000015,2005,18.77378828
BEL,WHOSIS_000015,2002,21.79619194
USA,WHOSIS_000015,2005,22.09202072
DJI,WHOSIS_000015,2012,16.93609777
IRQ,WHOSIS_000015,2016,20.11186533
RUS,WHOSIS_000015,2011,18.41582257
CRI,WHOSIS_000015,2009,24.55848497
AGO,WHOSIS_000015,2014,16.31137482
LBN,WHOSIS_000015,2003,21.26524204
PAK,WHOSIS_000015,2010,17.20713053
ITA,WHOSIS_000015,2007,23.86653849
PAK,WHOSIS_000015,2020,16.61860257
NAM,WHOSIS_000015,2001,13.94130618
FRA,WHOSIS_000015,2015,25.34315013
VNM,WHOSIS_000015,2002,18.85981431
LKA,WHOSIS_000015,2010,20.1701553
DEU,WHOSIS_000015,2000,21.76029114
DOM,WHOSIS_000015,2015,22.20465794
UKR,WHOSIS_000015,2008,17.32718017
TUR,WHOSIS_000015,2007,21.78796537
EMR,WHOSIS_000015,2009,18.22325347
ISL,WHOSIS_000015,2011,24.07986873
BOL,WHOSIS_000015,2015,19.07625643
SAU,WHOSIS_000015,2002,17.52697871
SWE,WHOSIS_000015,2013,23.96927926
HTI,WHOSIS_000015,2020,15.52428881
GIN,WHOSIS_000015,2008,15.61174202
UZB,WHOSIS_000015,2009,14.46387037
ARE,WHOSIS_000015,2005,22.47658348
TON,WHOSIS_000015,2002,18.08478881
EST,WHOSIS_000015,2016,22.05503651
ETH,WHOSIS_000015,2005,15.09736782
CHL,WHOSIS_000015,2016,24.19541471
WPR,WHOSIS_000015,2017,21.56873097
SWZ,WHOSIS_000015,2012,12.55662368
BGR,WHOSIS_000015,2007,18.43098147
NIC,WHOSIS_000015,2008,23.042878
BWA,WHOSIS_000015,2001,13.94358067
CAF,WHOSIS_000015,2021,12.09197527
LCA,WHOSIS_000015,2014,22.66628007
EMR,WHOSIS_000015,2014,18.58966427
BGD,WHOSIS_000015,2005,17.98411602
AFR,WHOSIS_000015,2010,16.48440932
CAF,WHOSIS_000015,2012,12.05155893
SLE,WHOSIS_000015,2001,15.08325316
CPV,WHOSIS_000015,2012,21.75832565
BHS,WHOSIS_000015,2003,20.16558744
URY,WHOSIS_000015,2008,21.54933238
TCD,WHOSIS_000015,2010,15.28602895
PER,WHOSIS_000015,2008,24.49666475
GRC,WHOSIS_000015,2000,21.80676083
DNK,WHOSIS_000015,2020,23.65605398
EGY,WHOSIS_000015,2014,16.91841932
LCA,WHOSIS_000015,2004,20.37794051
KHM,WHOSIS_000015,2016,17.17624691
STP,WHOSIS_000015,2013,17.49701448
ALB,WHOSIS_000015,2020,19.67182953
ETH,WHOSIS_000015,2009,16.72198978
EUR,WHOSIS_000015,2016,22.0889527
KIR,WHOSIS_000015,2015,14.8581828
COL,WHOSIS_000015,2016,22.45828104
BHS,WHOSIS_000015,2017,20.79572994
MDG,WHOSIS_000015,2003,14.98139494
BHR,WHOSIS_000015,2020,18.17285601
MNG,WHOSIS_000015,2002,15.10229683
ZAF,WHOSIS_000015,2012,17.33302198
MLI,WHOSIS_000015,2002,16.03688419
NIC,WHOSIS_000015,2015,24.27217613
AFR,WHOSIS_000015,2002,15.49359597
CHL,WHOSIS_000015,2019,24.56916856
GIN,WHOSIS_000015,2001,15.48349274
CIV,WHOSIS_000015,2014,16.16981855
PNG,WHOSIS_000015,2021,15.82546539
HND,WHOSIS_000015,2019,18.12682746
HTI,WHOSIS_000015,2010,10.89806606
BRA,WHOSIS_000015,2004,19.95543384
JAM,WHOSIS_000015,2016,18.63819506
MUS,WHOSIS_000015,2001,17.95970037
LKA,WHOSIS_000015,2015,20.70052716
OMN,WHOSIS_000015,2002,18.31191663
IRQ,WHOSIS_000015,2010,19.58567368
LAO,WHOSIS_000015,2007,15.96183175
PRY,WHOSIS_000015,2014,21.60117621
FRA,WHOSIS_000015,2020,24.74057221
BGR,WHOSIS_000015,2001,17.90271998
TCD,WHOSIS_000015,2004,14.73102888
WPR,WHOSIS_000015,2014,21.17864943
GAB,WHOSIS_000015,2008,15.28371543
SVN,WHOSIS_000015,2018,23.46252677
LBN,WHOSIS_000015,2012,21.98505882
UKR,WHOSIS_000015,2020,18.88392892
BHR,WHOSIS_000015,2010,17.27649142
ZWE,WHOSIS_000015,2006,12.657486
GMB,WHOSIS_000015,2009,16.13450978
OMN,WHOSIS_000015,2008,18.63355343
SWE,WHOSIS_000015,2011,23.85034668
PAN,WHOSIS_000015,2013,23.15018788
MYS,WHOSIS_000015,2011,19.1317295
SEN,WHOSIS_000015,2017,17.8994059
HUN,WHOSIS_000015,2014,20.1469017
PRK,WHOSIS_000015,2009,17.69748939
DOM,WHOSIS_000015,2009,21.8512274
LAO,WHOSIS_000015,2006,15.75551932
MLI,WHOSIS_000015,2015,16.71926901
DNK,WHOSIS_000015,2019,23.54762969
FJI,WHOSIS_000015,2019,16.01249437
HTI,WHOSIS_000015,2021,15.16541981
SDN,WHOSIS_000015,2018,19.03032242
ITA,WHOSIS_000015,2012,24.26345513
KHM,WHOSIS_000015,2021,16.76480772
AFR,WHOSIS_000015,2004,15.66213138
WB_UMI,WHOSIS_000015,2011,19.57810755
CMR,WHOSIS_000015,2017,16.43119709
WB_UMI,WHOSIS_000015,2001,18.12829058
HUN,WHOSIS_000015,2017,19.95036268
HTI,WHOSIS_000015,2017,16.17620204
CHN,WHOSIS_000015,2001,17.98165696
BOL,WHOSIS_000015,2004,18.37819339
SYR,WHOSIS_000015,2019,18.71446517
NGA,WHOSIS_000015,2018,18.53158363
MWI,WHOSIS_000015,2018,15.83882647
QAT,WHOSIS_000015,2000,15.18094647
BGR,WHOSIS_000015,2016,19.63016632
SUR,WHOSIS_000015,2006,19.93709956
COM,WHOSIS_000015,2012,17.6602001
SLV,WHOSIS_000015,2001,20.84858019
KGZ,WHOSIS_000015,2016,18.99403861
WB_UMI,WHOSIS_000015,2014,20.19016069
PAK,WHOSIS_000015,2011,17.31608233
SWZ,WHOSIS_000015,2019,14.21692587
BEN,WHOSIS_000015,2003,16.55778582
IND,WHOSIS_000015,2001,17.56575601
BLZ,WHOSIS_000015,2016,21.80840238
BGD,WHOSIS_000015,2015,20.60642044
IDN,WHOSIS_000015,2009,17.32450674
MNE,WHOSIS_000015,2016,20.50450086
USA,WHOSIS_000015,2008,22.61325978
BLZ,WHOSIS_000015,2009,21.40899888
ZAF,WHOSIS_000015,2016,17.7585983
ARM,WHOSIS_000015,2021,17.66873167
STP,WHOSIS_000015,2020,17.22642197
AGO,WHOSIS_000015,2012,15.88717829
TLS,WHOSIS_000015,2006,18.28423166
TJK,WHOSIS_000015,2017,19.76292845
SLB,WHOSIS_000015,2012,15.150974
AUS,WHOSIS_000015,2008,24.19055521
NOR,WHOSIS_000015,2002,22.03760882
ARE,WHOSIS_000015,2021,20.42266655
BGD,WHOSIS_000015,2009,18.59067316
IDN,WHOSIS_000015,2004,17.02976929
ISL,WHOSIS_000015,2013,24.30265387
COM,WHOSIS_000015,2020,17.59498248
GMB,WHOSIS_000015,2014,16.24707895
ISL,WHOSIS_000015,2005,23.38312189
LVA,WHOSIS_000015,2011,19.73029515
UZB,WHOSIS_000015,2002,13.17710931
MDG,WHOSIS_000015,2017,16.11559142
SUR,WHOSIS_000015,2010,20.73555077
BIH,WHOSIS_000015,2014,20.72231841
CHE,WHOSIS_000015,2007,24.27848349
SEAR,WHOSIS_000015,2001,17.60006232
PRY,WHOSIS_000015,2000,22.09901251
MNG,WHOSIS_000015,2016,17.61332321
GTM,WHOSIS_000015,2008,20.89646468
ZMB,WHOSIS_000015,2004,13.55237041
TGO,WHOSIS_000015,2009,15.19689972
WB_LI,WHOSIS_000015,2004,15.39511709
COM,WHOSIS_000015,2003,16.81795447
IRN,WHOSIS_000015,2002,20.732303
UKR,WHOSIS_000015,2000,16.77354344
AFG,WHOSIS_000015,2012,14.69956685
IND,WHOSIS_000015,2014,18.19354688
BIH,WHOSIS_000015,2004,20.57770357
LSO,WHOSIS_000015,2005,11.46908594
JPN,WHOSIS_000015,2013,26.02434027
CHN,WHOSIS_000015,2015,20.50799316
CPV,WHOSIS_000015,2004,20.82884728
WB_LI,WHOSIS_000015,2007,15.8792047
BIH,WHOSIS_000015,2001,20.08319552
IRL,WHOSIS_000015,2013,23.38292854
ZMB,WHOSIS_000015,2017,15.86837821
PER,WHOSIS_000015,2016,24.89447343
SYC,WHOSIS_000015,2002,19.01701462
ISL,WHOSIS_000015,2018,24.69225163
GNQ,WHOSIS_000015,2012,17.23870954
ZMB,WHOSIS_000015,2019,16.0024374
DEU,WHOSIS_000015,2016,23.4647781
COD,WHOSIS_000015,2016,15.69166667
CHN,WHOSIS_000015,2016,20.6147068
ECU,WHOSIS_000015,2018,22.61167259
QAT,WHOSIS_000015,2004,15.23675269
SOM,WHOSIS_000015,2014,13.26105494
KEN,WHOSIS_000015,2001,16.65636736
WSM,WHOSIS_000015,2009,17.22408756
GHA,WHOSIS_000015,2001,15.74535196
GRD,WHOSIS_000015,2008,16.43521174
LBR,WHOSIS_000015,2006,16.17069537
PSE,WHOSIS_000015,2014,19.02972254
ALB,WHOSIS_000015,2018,20.99241325
CAF,WHOSIS_000015,2015,12.23561751
GNQ,WHOSIS_000015,2000,14.97057945
GHA,WHOSIS_000015,2009,15.82794055
LBR,WHOSIS_000015,2007,16.2472478
GRD,WHOSIS_000015,2012,18.50993007
GHA,WHOSIS_000015,2011,16.02101157
TGO,WHOSIS_000015,2004,15.18324585
JAM,WHOSIS_000015,2010,19.19039879
BEN,WHOSIS_000015,2012,17.05435425
TJK,WHOSIS_000015,2011,17.64905013
ITA,WHOSIS_000015,2020,23.98743727
SRB,WHOSIS_000015,2014,19.36293738
GIN,WHOSIS_000015,2007,15.58093834
ESP,WHOSIS_000015,2013,24.93700261
JAM,WHOSIS_000015,2009,18.9786054
GNQ,WHOSIS_000015,2003,16.04484348
MLT,WHOSIS_000015,2020,24.44772912
COL,WHOSIS_000015,2007,21.06595403
MWI,WHOSIS_000015,2016,15.79311351
LAO,WHOSIS_000015,2005,15.57122788
DNK,WHOSIS_000015,2016,23.28903205
KAZ,WHOSIS_000015,2008,16.93913458
SYC,WHOSIS_000015,2003,18.79829768
CAN,WHOSIS_000015,2012,24.49125397
BWA,WHOSIS_000015,2016,17.08540718
CHN,WHOSIS_000015,2014,20.30558381
CYP,WHOSIS_000015,2015,24.05285277
SVN,WHOSIS_000015,2021,22.96481454
BWA,WHOSIS_000015,2004,14.80685352
BDI,WHOSIS_000015,2012,16.112647
DOM,WHOSIS_000015,2001,22.54885519
VEN,WHOSIS_000015,2000,21.20705107
CMR,WHOSIS_000015,2016,16.2515877
COG,WHOSIS_000015,2020,15.06930143
VEN,WHOSIS_000015,2007,21.84283391
CYP,WHOSIS_000015,2008,23.32536558
TTO,WHOSIS_000015,2017,21.31235229
SDN,WHOSIS_000015,2007,18.21291844
MWI,WHOSIS_000015,2005,13.57054175
NZL,WHOSIS_000015,2003,22.65414957
TON,WHOSIS_000015,2021,18.93906216
MMR,WHOSIS_000015,2020,17.58966177
GTM,WHOSIS_000015,2002,20.14137417
LAO,WHOSIS_000015,2015,17.06174653
SEAR,WHOSIS_000015,2010,18.26083924
JOR,WHOSIS_000015,2001,18.5323176
ZWE,WHOSIS_000015,2007,12.71685674
ISR,WHOSIS_000015,2002,22.29943528
WPR,WHOSIS_000015,2016,21.43676445
TZA,WHOSIS_000015,2009,16.87329072
MNE,WHOSIS_000015,2002,18.70443975
GNB,WHOSIS_000015,2009,13.54710595
SRB,WHOSIS_000015,2007,18.2554739
CPV,WHOSIS_000015,2018,19.50486848
UZB,WHOSIS_000015,2021,17.51542432
TJK,WHOSIS_000015,2021,18.3873219
SYC,WHOSIS_000015,2021,19.42044807
IND,WHOSIS_000015,2000,17.51009946
LBY,WHOSIS_000015,2003,20.09271035
WB_HI,WHOSIS_000015,2008,23.20813963
ECU,WHOSIS_000015,2001,20.79807829
GNQ,WHOSIS_000015,2017,17.10256245
MNG,WHOSIS_000015,2020,20.69534579
AZE,WHOSIS_000015,2005,16.30965572
MKD,WHOSIS_000015,2004,18.12657733
RUS,WHOSIS_000015,2016,19.10221175
ERI,WHOSIS_000015,2003,13.55400452
DOM,WHOSIS_000015,2005,21.58971041
IDN,WHOSIS_000015,2015,17.79949866
GRC,WHOSIS_000015,2012,23.24762185
WB_UMI,WHOSIS_000015,2004,18.19981192
USA,WHOSIS_000015,2003,21.69882256
WB_LMI,WHOSIS_000015,2008,17.64431023
DNK,WHOSIS_000015,2009,21.9826457
BHS,WHOSIS_000015,2008,20.86349172
IND,WHOSIS_000015,2017,18.50926485
KWT,WHOSIS_000015,2004,22.77985621
CYP,WHOSIS_000015,2021,24.15904583
CHE,WHOSIS_000015,2009,24.50735462
MNE,WHOSIS_000015,2010,19.78701419
PAN,WHOSIS_000015,2015,23.42114099
GAB,WHOSIS_000015,2012,15.79314277
ROU,WHOSIS_000015,2004,18.33970955
ALB,WHOSIS_000015,2019,20.92407445
LBY,WHOSIS_000015,2000,20.92264564
ARM,WHOSIS_000015,2008,18.26619847
PRT,WHOSIS_000015,2015,23.80278907
BIH,WHOSIS_000015,2009,20.54174563
SUR,WHOSIS_000015,2017,20.87406606
CPV,WHOSIS_000015,2017,21.10569734
LBR,WHOSIS_000015,2014,15.92656309
KIR,WHOSIS_000015,2002,14.3594099
PER,WHOSIS_000015,2013,24.56185636
CAF,WHOSIS_000015,2008,11.72324007
GUY,WHOSIS_000015,2001,16.38875218
KOR,WHOSIS_000015,2006,22.37965871
FRA,WHOSIS_000015,2001,23.12577783
LAO,WHOSIS_000015,2018,17.39214196
KGZ,WHOSIS_000015,2014,17.99086662
GEO,WHOSIS_000015,2005,18.80386282
NZL,WHOSIS_000015,2008,23.64390773
SRB,WHOSIS_000015,2012,19.03145593
FIN,WHOSIS_000015,2021,24.159705
ITA,WHOSIS_000015,2017,24.72623792
HUN,WHOSIS_000015,2002,18.71290307
KEN,WHOSIS_000015,2007,16.34251412
AFR,WHOSIS_000015,2014,17.02623801
SDN,WHOSIS_000015,2009,18.44283064
OMN,WHOSIS_000015,2018,19.25935557
MDG,WHOSIS_000015,2020,15.42938712
GNQ,WHOSIS_000015,2018,17.06746823
PER,WHOSIS_000015,2000,22.80997773
MEX,WHOSIS_000015,2021,18.51487998
MRT,WHOSIS_000015,2000,17.01845858
BHR,WHOSIS_000015,2013,18.36732944
LBR,WHOSIS_000015,2010,16.2127958
GRC,WHOSIS_000015,2010,23.41778696
AFR,WHOSIS_000015,2019,17.56669151
PRK,WHOSIS_000015,2004,17.71821653
TTO,WHOSIS_000015,2007,20.2863671
VCT,WHOSIS_000015,2010,20.93870159
MUS,WHOSIS_000015,2013,19.85370693
BLR,WHOSIS_000015,2001,16.83239794
GHA,WHOSIS_000015,2005,15.70213271
ECU,WHOSIS_000015,2009,21.71136252
NAM,WHOSIS_000015,2020,15.9861329
BEL,WHOSIS_000015,2005,22.32392582
TCD,WHOSIS_000015,2020,15.30541339
WSM,WHOSIS_000015,2008,17.59098319
EST,WHOSIS_000015,2001,18.78172772
ARE,WHOSIS_000015,2016,23.11769786
USA,WHOSIS_000015,2021,22.01269521
HRV,WHOSIS_000015,2018,21.61568462
SVK,WHOSIS_000015,2014,20.85836275
SSD,WHOSIS_000015,2007,15.83044484
MMR,WHOSIS_000015,2016,17.67820128
VUT,WHOSIS_000015,2019,16.18149976
ARE,WHOSIS_000015,2018,23.35479039
BWA,WHOSIS_000015,2007,15.85546323
BWA,WHOSIS_000015,2013,16.11567606
BRN,WHOSIS_000015,2005,20.37788863
TLS,WHOSIS_000015,2018,18.01304956
KWT,WHOSIS_000015,2001,22.97547358
KHM,WHOSIS_000015,2006,16.4401189
ISL,WHOSIS_000015,2006,23.46923427
SLE,WHOSIS_000015,2019,16.61936046
LAO,WHOSIS_000015,2011,16.73802082
TTO,WHOSIS_000015,2005,19.74139431
NZL,WHOSIS_000015,2016,24.70581627
KHM,WHOSIS_000015,2007,16.54850562
ARG,WHOSIS_000015,2010,20.97925023
DNK,WHOSIS_000015,2013,22.87335921
AMR,WHOSIS_000015,2008,22.03045561
KWT,WHOSIS_000015,2013,24.9439622
HND,WHOSIS_000015,2015,17.6689272
BLR,WHOSIS_000015,2020,18.03995728
COL,WHOSIS_000015,2003,20.35951368
JAM,WHOSIS_000015,2015,18.72427465
SWZ,WHOSIS_000015,2009,11.76012382
MRT,WHOSIS_000015,2017,18.64123096
SOM,WHOSIS_000015,2011,10.08021746
IND,WHOSIS_000015,2015,18.35637071
LAO,WHOSIS_000015,2020,17.15518033
MDG,WHOSIS_000015,2000,14.96155888
MEX,WHOSIS_000015,2015,21.92505913
BRB,WHOSIS_000015,2001,20.85131315
AFG,WHOSIS_000015,2013,14.83954168
ISL,WHOSIS_000015,2019,24.82204171
MEX,WHOSIS_000015,2005,21.43514563
CRI,WHOSIS_000015,2001,22.51948908
UZB,WHOSIS_000015,2016,16.4113146
MRT,WHOSIS_000015,2006,18.00019519
FIN,WHOSIS_000015,2008,23.23447831
ESP,WHOSIS_000015,2018,25.07910396
NGA,WHOSIS_000015,2008,17.30829675
VUT,WHOSIS_000015,2016,16.07520907
NER,WHOSIS_000015,2017,17.14861734
DOM,WHOSIS_000015,2008,21.69300524
EST,WHOSIS_000015,2008,20.08563199
TKM,WHOSIS_000015,2015,18.2673197
SWE,WHOSIS_000015,2018,24.34778008
SLB,WHOSIS_000015,2004,14.71607058
LVA,WHOSIS_000015,2002,18.2191495
ROU,WHOSIS_000015,2011,19.55780801
GEO,WHOSIS_000015,2008,18.72246295
HRV,WHOSIS_000015,2000,19.36947825
SAU,WHOSIS_000015,2018,20.5966701
RWA,WHOSIS_000015,2002,13.71811007
NER,WHOSIS_000015,2012,16.79444438
CHL,WHOSIS_000015,2017,24.27325992
CYP,WHOSIS_000015,2014,24.09970624
PNG,WHOSIS_000015,2010,16.32470266
KHM,WHOSIS_000015,2013,17.03287594
SWE,WHOSIS_000015,2004,23.02124096
AUS,WHOSIS_000015,2012,24.92954786
NGA,WHOSIS_000015,2001,16.26596724
BEN,WHOSIS_000015,2007,16.84153328
TKM,WHOSIS_000015,2017,18.27131482
CPV,WHOSIS_000015,2011,21.80955204
GRC,WHOSIS_000015,2018,23.84640299
NAM,WHOSIS_000015,2021,13.85341017
BDI,WHOSIS_000015,2009,15.74859616
JPN,WHOSIS_000015,2017,26.47948943
LAO,WHOSIS_000015,2004,15.41242726
COM,WHOSIS_000015,2007,17.29876353
GBR,WHOSIS_000015,2009,23.24254527
VNM,WHOSIS_000015,2017,19.37257087
ECU,WHOSIS_000015,2006,21.08774858
CUB,WHOSIS_000015,2012,22.34259204
NZL,WHOSIS_000015,2006,23.21269567
PRK,WHOSIS_000015,2020,18.67585401
KWT,WHOSIS_000015,2006,22.80495014
GNQ,WHOSIS_000015,2019,16.92426863
TKM,WHOSIS_000015,2019,18.23161399
LUX,WHOSIS_000015,2009,23.53639524
PAK,WHOSIS_000015,2019,18.00607282
ATG,WHOSIS_000015,2011,20.31536485
COD,WHOSIS_000015,2009,14.97560665
SLE,WHOSIS_000015,2014,15.70183862
SYC,WHOSIS_000015,2007,18.84359992
ROU,WHOSIS_000015,2006,18.63372026
IRN,WHOSIS_000015,2016,22.00367008
MLI,WHOSIS_000015,2001,15.95185992
THA,WHOSIS_000015,2006,21.25823904
BLR,WHOSIS_000015,2008,17.6296398
BLR,WHOSIS_000015,2021,18.06121069
MLI,WHOSIS_000015,2016,16.8519856
ATG,WHOSIS_000015,2006,20.54779511
MEX,WHOSIS_000015,2013,22.0282399
YEM,WHOSIS_000015,2015,18.26044974
BRB,WHOSIS_000015,2016,21.37793797
GNB,WHOSIS_000015,2003,13.13557587
BOL,WHOSIS_000015,2014,18.98779498
PHL,WHOSIS_000015,2004,17.9531686
FRA,WHOSIS_000015,2014,25.33188935
MUS,WHOSIS_000015,2002,18.07609265
SGP,WHOSIS_000015,2004,23.0477986
HTI,WHOSIS_000015,2004,15.08204882
POL,WHOSIS_000015,2004,19.97130869
NPL,WHOSIS_000015,2002,18.26957433
KGZ,WHOSIS_000015,2010,17.55494746
NZL,WHOSIS_000015,2005,23.40661859
UZB,WHOSIS_000015,2000,13.36578649
GAB,WHOSIS_000015,2018,16.21698597
ETH,WHOSIS_000015,2017,18.49870892
CAF,WHOSIS_000015,2020,12.05120809
CHL,WHOSIS_000015,2000,21.32319996
ROU,WHOSIS_000015,2005,18.36188292
WB_LMI,WHOSIS_000015,2005,17.54548111
THA,WHOSIS_000015,2013,23.25620689
MDV,WHOSIS_000015,2001,17.15530739
ATG,WHOSIS_000015,2001,20.1378267
SLE,WHOSIS_000015,2000,15.17290467
CYP,WHOSIS_000015,2006,22.75201052
MOZ,WHOSIS_000015,2014,14.17340725
SOM,WHOSIS_000015,2019,13.51782236
FRA,WHOSIS_000015,2017,25.13808567
BIH,WHOSIS_000015,2013,20.78124041
CIV,WHOSIS_000015,2021,16.76587753
LUX,WHOSIS_000015,2008,23.25639193
NGA,WHOSIS_000015,2006,16.96074568
GHA,WHOSIS_000015,2013,16.26935334
MYS,WHOSIS_000015,2005,18.85600421
GNQ,WHOSIS_000015,2009,17.2202435
COG,WHOSIS_000015,2021,15.18282108
MDG,WHOSIS_000015,2015,15.9848345
AUT,WHOSIS_000015,2021,23.45397014
IDN,WHOSIS_000015,2018,17.9973439
AUS,WHOSIS_000015,2004,23.77997296
GNB,WHOSIS_000015,2010,13.64633895
UGA,WHOSIS_000015,2007,15.77201879
UKR,WHOSIS_000015,2014,18.43853744
CMR,WHOSIS_000015,2013,15.84408767
PRK,WHOSIS_000015,2011,17.76689053
SWE,WHOSIS_000015,2012,23.78312501
URY,WHOSIS_000015,2000,20.690163
SWE,WHOSIS_000015,2006,23.22042103
BRB,WHOSIS_000015,2002,20.5677535
COL,WHOSIS_000015,2011,22.1376399
SWE,WHOSIS_000015,2008,23.429184
JPN,WHOSIS_000015,2008,25.60052137
BEL,WHOSIS_000015,2017,23.91096327
ESP,WHOSIS_000015,2020,24.18678758
GUY,WHOSIS_000015,2004,16.24788463
BFA,WHOSIS_000015,2009,15.94277899
SWZ,WHOSIS_000015,2007,11.4168425
CHL,WHOSIS_000015,2015,23.98126117
LBY,WHOSIS_000015,2016,19.75677218
TGO,WHOSIS_000015,2019,16.38398124
WB_LI,WHOSIS_000015,2013,16.59079426
PRT,WHOSIS_000015,2008,22.77122496
CHN,WHOSIS_000015,2004,18.05089452
VEN,WHOSIS_000015,2003,21.08650587
AUT,WHOSIS_000015,2014,23.91136159
PRT,WHOSIS_000015,2011,23.5796807
WB_HI,WHOSIS_000015,2005,22.60647188
MDV,WHOSIS_000015,2015,20.49473045
SLE,WHOSIS_000015,2015,15.99501146
ATG,WHOSIS_000015,2003,20.44989409
SGP,WHOSIS_000015,2020,25.95262733
LSO,WHOSIS_000015,2002,12.94409677
GRD,WHOSIS_000015,2020,20.41077784
MAR,WHOSIS_000015,2015,19.023948
PRY,WHOSIS_000015,2002,22.39804118
PAK,WHOSIS_000015,2007,16.91305326
GEO,WHOSIS_000015,2018,19.15162538
MOZ,WHOSIS_000015,2019,15.1544145
GIN,WHOSIS_000015,2000,15.48697647
UKR,WHOSIS_000015,2013,18.52325351
AGO,WHOSIS_000015,2019,16.35454867
MLI,WHOSIS_000015,2017,16.97069882
DEU,WHOSIS_000015,2012,23.41116206
GBR,WHOSIS_000015,2001,21.47709636
POL,WHOSIS_000015,2007,20.40649205
VEN,WHOSIS_000015,2015,21.22333475
COD,WHOSIS_000015,2001,14.46834455
PER,WHOSIS_000015,2017,24.20763332
CHE,WHOSIS_000015,2021,25.34891723
NLD,WHOSIS_000015,2020,23.71520248
PAK,WHOSIS_000015,2004,16.54521678
ROU,WHOSIS_000015,2000,18.18719981
WB_LMI,WHOSIS_000015,2017,18.61289167
MEX,WHOSIS_000015,2011,21.81838462
GHA,WHOSIS_000015,2004,15.69826089
COD,WHOSIS_000015,2010,15.04557702
COG,WHOSIS_000015,2001,13.27812767
SEAR,WHOSIS_000015,2000,17.52526607
GTM,WHOSIS_000015,2003,20.18640937
NOR,WHOSIS_000015,2019,24.7183078
PER,WHOSIS_000015,2018,23.94177874
BWA,WHOSIS_000015,2019,17.92924475
CIV,WHOSIS_000015,2015,16.38402966
GTM,WHOSIS_000015,2016,20.64830447
AUS,WHOSIS_000015,2010,24.74700775
TGO,WHOSIS_000015,2001,15.20310245
MUS,WHOSIS_000015,2009,19.20499531
THA,WHOSIS_000015,2001,21.08580118
DZA,WHOSIS_000015,2021,20.95845339
BEL,WHOSIS_000015,2000,21.64458021
SVK,WHOSIS_000015,2013,20.53174696
ZAF,WHOSIS_000015,2021,15.27070826
LBR,WHOSIS_000015,2009,16.21435392
AUT,WHOSIS_000015,2019,24.09196083
EGY,WHOSIS_000015,2009,17.01347436
ZWE,WHOSIS_000015,2005,12.61286272
COM,WHOSIS_000015,2013,17.75209947
ZAF,WHOSIS_000015,2014,17.63046936
CYP,WHOSIS_000015,2002,22.08537648
CAN,WHOSIS_000015,2006,23.59698903
FJI,WHOSIS_000015,2006,15.50799569
KHM,WHOSIS_000015,2020,17.25481815
MKD,WHOSIS_000015,2014,19.0483178
YEM,WHOSIS_000015,2011,18.12353717
KWT,WHOSIS_000015,2009,23.0699846
BFA,WHOSIS_000015,2015,16.3745196
SVK,WHOSIS_000015,2002,18.84338306
GNQ,WHOSIS_000015,2005,16.54257979
ETH,WHOSIS_000015,2019,18.66844338
RWA,WHOSIS_000015,2011,17.2495806
BRA,WHOSIS_000015,2016,20.93636169
KGZ,WHOSIS_000015,2007,17.0394436
PSE,WHOSIS_000015,2021,18.22304195
OMN,WHOSIS_000015,2005,18.9256043
PHL,WHOSIS_000015,2011,18.03515076
GBR,WHOSIS_000015,2004,22.02962053
PRY,WHOSIS_000015,2001,22.29849811
PRT,WHOSIS_000015,2020,23.61985222
BOL,WHOSIS_000015,2017,19.23957823
GNB,WHOSIS_000015,2000,12.9693534
BLR,WHOSIS_000015,2009,17.67847268
SLV,WHOSIS_000015,2008,22.64008458
AUT,WHOSIS_000015,2003,22.1073993
ECU,WHOSIS_000015,2014,22.39290276
CHE,WHOSIS_000015,2019,25.45129453
PNG,WHOSIS_000015,2007,16.07068725
DZA,WHOSIS_000015,2000,20.04499547
NER,WHOSIS_000015,2008,16.74444165
KIR,WHOSIS_000015,2001,14.30395209
NOR,WHOSIS_000015,2018,24.54566811
UKR,WHOSIS_000015,2010,17.71833346
PRK,WHOSIS_000015,2021,19.11147109
KHM,WHOSIS_000015,2018,17.26474187
NZL,WHOSIS_000015,2013,24.3882867
TJK,WHOSIS_000015,2006,16.71921225
WSM,WHOSIS_000015,2016,17.49092355
ZWE,WHOSIS_000015,2012,13.65509395
WB_UMI,WHOSIS_000015,2008,19.18521073
ARG,WHOSIS_000015,2017,21.36729589
UGA,WHOSIS_000015,2009,16.33330654
ROU,WHOSIS_000015,2012,19.68068923
MNE,WHOSIS_000015,2007,19.199105
IDN,WHOSIS_000015,2010,17.35491089
MEX,WHOSIS_000015,2019,22.20426216
ISR,WHOSIS_000015,2000,21.94931945
TZA,WHOSIS_000015,2015,17.71305883
TON,WHOSIS_000015,2019,19.03959635
AFG,WHOSIS_000015,2020,13.78294687
TON,WHOSIS_000015,2008,18.62892292
CAN,WHOSIS_000015,2019,24.99224077
AGO,WHOSIS_000015,2002,14.43913781
DJI,WHOSIS_000015,2020,16.78123788
BEN,WHOSIS_000015,2018,17.64817102
CIV,WHOSIS_000015,2020,16.34943269
GMB,WHOSIS_000015,2000,16.05538685
BHR,WHOSIS_000015,2019,19.0564066
HTI,WHOSIS_000015,2003,15.30568336
ECU,WHOSIS_000015,2008,21.34124639
MEX,WHOSIS_000015,2001,21.54131768
CUB,WHOSIS_000015,2020,21.42618062
BGR,WHOSIS_000015,2020,18.41452313
ARG,WHOSIS_000015,2008,21.12801455
MNE,WHOSIS_000015,2013,20.04334503
GNB,WHOSIS_000015,2014,14.02320711
AMR,WHOSIS_000015,2019,22.63702418
GUY,WHOSIS_000015,2005,16.32490724
BRA,WHOSIS_000015,2008,20.5428555
VUT,WHOSIS_000015,2009,15.52541275
KOR,WHOSIS_000015,2020,26.20635023
VUT,WHOSIS_000015,2005,15.28516123
STP,WHOSIS_000015,2004,16.98350858
KWT,WHOSIS_000015,2007,23.03036583
WB_HI,WHOSIS_000015,2004,22.56613836
WB_HI,WHOSIS_000015,2012,23.70942567
JOR,WHOSIS_000015,2018,23.37069203
NPL,WHOSIS_000015,2000,17.79225024
GAB,WHOSIS_000015,2017,16.18666217
RWA,WHOSIS_000015,2000,12.68495851
TON,WHOSIS_000015,2014,18.75960283
TZA,WHOSIS_000015,2014,17.64696434
LKA,WHOSIS_000015,2003,19.67619988
BRB,WHOSIS_000015,2015,21.38027439
SLB,WHOSIS_000015,2020,14.98078795
SGP,WHOSIS_000015,2008,23.53244643
MAR,WHOSIS_000015,2000,19.06423521
TGO,WHOSIS_000015,2008,15.09951306
TZA,WHOSIS_000015,2018,17.99634623
CAF,WHOSIS_000015,2004,11.32002604
GMB,WHOSIS_000015,2007,16.04447629
MYS,WHOSIS_000015,2008,19.00642837
MUS,WHOSIS_000015,2018,20.2929285
PSE,WHOSIS_000015,2018,19.90249522
CAF,WHOSIS_000015,2010,11.91124421
GLOBAL,WHOSIS_000015,2003,18.98199732
TUN,WHOSIS_000015,2021,18.68813107
FRA,WHOSIS_000015,2013,25.00377746
SRB,WHOSIS_000015,2000,17.11163076
GIN,WHOSIS_000015,2013,15.90780657
SWE,WHOSIS_000015,2009,23.64850223
SSD,WHOSIS_000015,2019,15.59797593
UKR,WHOSIS_000015,2021,17.45924395
CHE,WHOSIS_000015,2020,24.77863525
LBY,WHOSIS_000015,2002,20.13101407
RWA,WHOSIS_000015,2010,17.09577386
COM,WHOSIS_000015,2017,18.00729036
PAN,WHOSIS_000015,2010,22.59784889
TGO,WHOSIS_000015,2021,16.08884611
FSM,WHOSIS_000015,2014,15.85268455
AFG,WHOSIS_000015,2004,13.53001346
GNB,WHOSIS_000015,2006,13.29389727
GRC,WHOSIS_000015,2008,23.01871329
BLZ,WHOSIS_000015,2015,21.74834029
LCA,WHOSIS_000015,2018,22.18510298
GAB,WHOSIS_000015,2005,15.01628737
AFG,WHOSIS_000015,2017,15.06061771
NIC,WHOSIS_000015,2012,23.39155901
CMR,WHOSIS_000015,2012,15.74815337
AZE,WHOSIS_000015,2018,20.17889418
PNG,WHOSIS_000015,2002,15.99043456
SVN,WHOSIS_000015,2010,22.7790852
SGP,WHOSIS_000015,2012,24.50708275
TUN,WHOSIS_000015,2009,20.90657665
KEN,WHOSIS_000015,2012,16.61180652
NZL,WHOSIS_000015,2000,22.38428215
FRA,WHOSIS_000015,2018,25.5904376
TTO,WHOSIS_000015,2015,21.42506444
MKD,WHOSIS_000015,2002,17.77935659
DJI,WHOSIS_000015,2009,16.71193541
TTO,WHOSIS_000015,2009,20.68132125
BGR,WHOSIS_000015,2003,18.02940913
BRB,WHOSIS_000015,2020,21.64805423
BLZ,WHOSIS_000015,2008,21.18855114
JOR,WHOSIS_000015,2019,23.48184686
NAM,WHOSIS_000015,2011,15.83591188
PAN,WHOSIS_000015,2008,22.7601146
WB_HI,WHOSIS_000015,2015,23.87526346
SUR,WHOSIS_000015,2014,20.55246045
BFA,WHOSIS_000015,2002,15.36828291
WB_LMI,WHOSIS_000015,2004,17.44127263
ETH,WHOSIS_000015,2020,18.21295713
NPL,WHOSIS_000015,2005,18.62966811
STP,WHOSIS_000015,2017,17.67578392
BFA,WHOSIS_000015,2008,15.87874186
PSE,WHOSIS_000015,2020,19.31390387
ETH,WHOSIS_000015,2016,18.38308917
KOR,WHOSIS_000015,2016,25.29676853
BEL,WHOSIS_000015,2008,22.98060577
BRB,WHOSIS_000015,2000,20.63763685
MYS,WHOSIS_000015,2020,21.50418052
WB_HI,WHOSIS_000015,2020,23.51978852
IRL,WHOSIS_000015,2001,20.65984366
SSD,WHOSIS_000015,2004,15.58291476
MRT,WHOSIS_000015,2019,18.62558684
SYR,WHOSIS_000015,2001,17.68751522
TKM,WHOSIS_000015,2007,16.49890106
BEN,WHOSIS_000015,2020,17.4136372
TTO,WHOSIS_000015,2003,19.15390129
SLB,WHOSIS_000015,2009,14.93391519
SLE,WHOSIS_000015,2016,16.24156438
ECU,WHOSIS_000015,2013,22.11557327
LKA,WHOSIS_000015,2021,21.56868816
COG,WHOSIS_000015,2011,14.97540356
HRV,WHOSIS_000015,2003,19.22712424
OMN,WHOSIS_000015,2001,18.11416357
SYC,WHOSIS_000015,2020,23.28999925
WB_UMI,WHOSIS_000015,2020,20.17565604
ALB,WHOSIS_000015,2000,19.10216415
LVA,WHOSIS_000015,2019,20.7714034
SSD,WHOSIS_000015,2010,16.04957035
GMB,WHOSIS_000015,2006,16.04105123
DOM,WHOSIS_000015,2004,21.64237807
KHM,WHOSIS_000015,2003,15.867143
VUT,WHOSIS_000015,2004,15.25938791
ARM,WHOSIS_000015,2002,17.63148722
ARG,WHOSIS_000015,2015,21.39126316
EGY,WHOSIS_000015,2002,17.10789018
WB_LI,WHOSIS_000015,2016,16.89096058
NER,WHOSIS_000015,2006,16.41792791
CMR,WHOSIS_000015,2008,15.25604742
GRD,WHOSIS_000015,2021,18.56485585
TZA,WHOSIS_000015,2019,18.05464667
JOR,WHOSIS_000015,2012,21.52160949
TLS,WHOSIS_000015,2007,18.29665924
ISR,WHOSIS_000015,2016,24.59940364
VUT,WHOSIS_000015,2014,15.98805966
MDA,WHOSIS_000015,2007,15.65637362
ROU,WHOSIS_000015,2001,18.20394294
ISR,WHOSIS_000015,2005,22.77797426
MOZ,WHOSIS_000015,2009,14.17153142
DNK,WHOSIS_000015,2021,23.46319617
IRQ,WHOSIS_000015,2005,19.27560086
GRC,WHOSIS_000015,2017,23.482727
RWA,WHOSIS_000015,2015,17.65672349
PRK,WHOSIS_000015,2013,17.94609543
PHL,WHOSIS_000015,2015,17.58295408
TZA,WHOSIS_000015,2021,17.67319117
MDG,WHOSIS_000015,2002,14.99968042
SWZ,WHOSIS_000015,2006,11.28414476
CAN,WHOSIS_000015,2009,24.00955132
WB_LMI,WHOSIS_000015,2013,18.26405342
MDG,WHOSIS_000015,2016,16.0513933
ISL,WHOSIS_000015,2017,24.56621892
BRB,WHOSIS_000015,2006,20.62692605
WPR,WHOSIS_000015,2006,19.89903995
NAM,WHOSIS_000015,2013,16.1640291
MOZ,WHOSIS_000015,2005,14.48676521
IRL,WHOSIS_000015,2006,22.20624948
BTN,WHOSIS_000015,2002,18.87106152
ISR,WHOSIS_000015,2006,23.10840433
SGP,WHOSIS_000015,2005,23.22388869
WSM,WHOSIS_000015,2006,17.48692457
NER,WHOSIS_000015,2013,16.86950735
TGO,WHOSIS_000015,2015,15.89353048
GLOBAL,WHOSIS_000015,2015,20.68564071
SWE,WHOSIS_000015,2002,22.50620669
ZWE,WHOSIS_000015,2014,13.96896598
PNG,WHOSIS_000015,2011,16.31465825
SLE,WHOSIS_000015,2013,15.82503076
SEAR,WHOSIS_000015,2003,17.66357316
DOM,WHOSIS_000015,2011,22.24607503
FSM,WHOSIS_000015,2013,15.82646913
FIN,WHOSIS_000015,2010,23.2893116
SEN,WHOSIS_000015,2011,17.65260575
MMR,WHOSIS_000015,2005,15.5597912
KIR,WHOSIS_000015,2016,14.93505881
GMB,WHOSIS_000015,2001,16.05469335
WPR,WHOSIS_000015,2020,21.92680389
STP,WHOSIS_000015,2010,17.37952805
SVN,WHOSIS_000015,2009,22.3984348
POL,WHOSIS_000015,2014,21.74890345
CMR,WHOSIS_000015,2009,15.41653627
GEO,WHOSIS_000015,2012,18.20384117
WB_LMI,WHOSIS_000015,2001,17.31454832
FJI,WHOSIS_000015,2015,15.75346982
JPN,WHOSIS_000015,2006,25.45751704
BEN,WHOSIS_000015,2013,17.16774852
GTM,WHOSIS_000015,2017,20.832068
JOR,WHOSIS_000015,2005,18.74572595
DNK,WHOSIS_000015,2008,21.91184985
CUB,WHOSIS_000015,2008,21.83177553
GBR,WHOSIS_000015,2013,23.55615597
TZA,WHOSIS_000015,2012,17.39349655
SVN,WHOSIS_000015,2014,23.46441556
MAR,WHOSIS_000015,2008,19.06237277
KOR,WHOSIS_000015,2000,20.32716655
PAK,WHOSIS_000015,2021,16.92709233
CHN,WHOSIS_000015,2006,18.89291155
EGY,WHOSIS_000015,2006,17.13071159
BTN,WHOSIS_000015,2014,19.99256181
MAR,WHOSIS_000015,2005,19.07051424
NAM,WHOSIS_000015,2010,15.59979883
PNG,WHOSIS_000015,2019,16.77263705
ISL,WHOSIS_000015,2020,24.87346201
NIC,WHOSIS_000015,2009,23.13165382
KHM,WHOSIS_000015,2004,16.05818508
BDI,WHOSIS_000015,2011,15.98435432
AZE,WHOSIS_000015,2003,16.1098503
ISL,WHOSIS_000015,2008,23.64286883
ERI,WHOSIS_000015,2019,15.09442182
NPL,WHOSIS_000015,2019,18.60376285
SWZ,WHOSIS_000015,2001,12.13983511
DNK,WHOSIS_000015,2006,21.52561597
ZWE,WHOSIS_000015,2009,12.83160442
TUN,WHOSIS_000015,2001,20.33079302
COD,WHOSIS_000015,2012,15.22659226
ZAF,WHOSIS_000015,2010,16.71316509
COD,WHOSIS_000015,2007,14.87350232
GLOBAL,WHOSIS_000015,2018,20.93490789
CAN,WHOSIS_000015,2010,24.20460306
SLV,WHOSIS_000015,2010,22.4347533
SAU,WHOSIS_000015,2015,20.98998551
GIN,WHOSIS_000015,2010,15.69441083
ROU,WHOSIS_000015,2021,17.80856931
USA,WHOSIS_000015,2017,23.10186399
NGA,WHOSIS_000015,2009,17.46571498
PAK,WHOSIS_000015,2009,17.12197317
PER,WHOSIS_000015,2020,18.65580016
MOZ,WHOSIS_000015,2010,14.02493509
MYS,WHOSIS_000015,2009,18.92461366
ERI,WHOSIS_000015,2007,13.9362902
CZE,WHOSIS_000015,2005,19.91527113
SSD,WHOSIS_000015,2001,15.34800166
LKA,WHOSIS_000015,2012,20.47484857
SUR,WHOSIS_000015,2018,20.73275971
HRV,WHOSIS_000015,2015,21.0315807
LBY,WHOSIS_000015,2014,19.89504277
ROU,WHOSIS_000015,2019,20.20930333
MDA,WHOSIS_000015,2020,17.71717504
CPV,WHOSIS_000015,2014,21.75005005
MLT,WHOSIS_000015,2018,24.6717031
COG,WHOSIS_000015,2008,14.51672237
TTO,WHOSIS_000015,2001,18.98259903
SWZ,WHOSIS_000015,2000,12.63465055
GUY,WHOSIS_000015,2020,16.6213924
BLZ,WHOSIS_000015,2005,20.25866858
EGY,WHOSIS_000015,2012,16.61447639
BFA,WHOSIS_000015,2020,16.45794529
DNK,WHOSIS_000015,2001,20.69116562
GNQ,WHOSIS_000015,2014,17.54835207
BLZ,WHOSIS_000015,2020,20.82386184
DJI,WHOSIS_000015,2010,16.76428505
PRK,WHOSIS_000015,2017,18.62030988
TLS,WHOSIS_000015,2010,18.22789749
LAO,WHOSIS_000015,2014,16.96054655
SVN,WHOSIS_000015,2006,21.87538124
BEN,WHOSIS_000015,2005,16.73847199
ESP,WHOSIS_000015,2011,24.49559316
FIN,WHOSIS_000015,2018,24.1134444
EST,WHOSIS_000015,2006,19.48932285
ALB,WHOSIS_000015,2017,21.0646848
ATG,WHOSIS_000015,2009,20.23411102
CRI,WHOSIS_000015,2016,24.38589698
COL,WHOSIS_000015,2005,20.68850154
SVK,WHOSIS_000015,2011,20.2855172
IND,WHOSIS_000015,2006,17.8648763
HUN,WHOSIS_000015,2020,19.50229193
CYP,WHOSIS_000015,2020,24.26172879
PHL,WHOSIS_000015,2000,18.86834849
BFA,WHOSIS_000015,2000,15.27996343
TON,WHOSIS_000015,2000,17.88964783
MDV,WHOSIS_000015,2018,21.48156848
AGO,WHOSIS_000015,2020,15.98671698
BGD,WHOSIS_000015,2006,18.01108903
BLZ,WHOSIS_000015,2019,21.68908118
OMN,WHOSIS_000015,2014,18.68868466
PRT,WHOSIS_000015,2007,22.62945198
WSM,WHOSIS_000015,2015,17.51327315
PRK,WHOSIS_000015,2018,18.73830826
NIC,WHOSIS_000015,2020,20.39177212
PRK,WHOSIS_000015,2010,17.70971137
MRT,WHOSIS_000015,2020,17.25539744
ITA,WHOSIS_000015,2004,23.39786355
TKM,WHOSIS_000015,2010,18.52690782
CHL,WHOSIS_000015,2010,22.9052797
UKR,WHOSIS_000015,2012,18.3615779
MLI,WHOSIS_000015,2011,16.62183426
ERI,WHOSIS_000015,2017,14.93174441
GMB,WHOSIS_000015,2015,16.27990045
CRI,WHOSIS_000015,2006,23.73278917
POL,WHOSIS_000015,2012,21.22840421
EMR,WHOSIS_000015,2015,18.50303983
LBR,WHOSIS_000015,2003,15.72205503
BEN,WHOSIS_000015,2006,16.81763556
GBR,WHOSIS_000015,2014,23.80784474
COG,WHOSIS_000015,2003,13.62818722
GNB,WHOSIS_000015,2008,13.48694298
FIN,WHOSIS_000015,2004,22.57798224
BRA,WHOSIS_000015,2005,20.3502439
AUT,WHOSIS_000015,2000,21.95262046
LUX,WHOSIS_000015,2007,23.05001834
BLZ,WHOSIS_000015,2001,19.16295305
AGO,WHOSIS_000015,2006,14.94039736
RWA,WHOSIS_000015,2009,16.91409415
PAK,WHOSIS_000015,2015,17.64220733
NGA,WHOSIS_000015,2011,17.72909371
HRV,WHOSIS_000015,2004,19.83066216
HRV,WHOSIS_000015,2016,21.52159429
MOZ,WHOSIS_000015,2000,14.67882881
VCT,WHOSIS_000015,2012,20.72311387
JPN,WHOSIS_000015,2012,25.86170721
ZWE,WHOSIS_000015,2017,14.17376133
WPR,WHOSIS_000015,2013,20.95630647
LTU,WHOSIS_000015,2014,20.5937347
OMN,WHOSIS_000015,2011,18.22585224
LSO,WHOSIS_000015,2015,11.98727205
GUY,WHOSIS_000015,2013,17.04181102
PRI,WHOSIS_000015,2013,24.28007169
GLOBAL,WHOSIS_000015,2010,20.04018166
BEL,WHOSIS_000015,2004,22.32184079
DOM,WHOSIS_000015,2000,22.4899481
LBR,WHOSIS_000015,2012,16.40013089
SRB,WHOSIS_000015,2021,17.18225524
VNM,WHOSIS_000015,2007,18.78457901
RUS,WHOSIS_000015,2021,16.95572815
PRK,WHOSIS_000015,2008,17.71530807
BLR,WHOSIS_000015,2007,17.60928667
PHL,WHOSIS_000015,2013,17.74872109
MAR,WHOSIS_000015,2001,19.0887127
COL,WHOSIS_000015,2020,21.17573947
JPN,WHOSIS_000015,2010,25.76784814
VUT,WHOSIS_000015,2020,15.7941198
ZMB,WHOSIS_000015,2010,15.01128604
BRB,WHOSIS_000015,2012,21.39869194
BFA,WHOSIS_000015,2018,16.65960659
TJK,WHOSIS_000015,2015,19.23473139
MNE,WHOSIS_000015,2018,20.66052619
MDG,WHOSIS_000015,2019,16.24979284
SLE,WHOSIS_000015,2004,14.90748344
FRA,WHOSIS_000015,2008,24.41885655
ITA,WHOSIS_000015,2005,23.30541307
LSO,WHOSIS_000015,2010,12.077586
TUN,WHOSIS_000015,2005,20.57258434
IRN,WHOSIS_000015,2018,22.17230628
CYP,WHOSIS_000015,2012,23.92759432
FJI,WHOSIS_000015,2018,15.9497713
IND,WHOSIS_000015,2013,18.17433499
STP,WHOSIS_000015,2019,17.7725705
MWI,WHOSIS_000015,2013,15.54328761
ESP,WHOSIS_000015,2009,24.15149539
CYP,WHOSIS_000015,2001,21.93504632
SSD,WHOSIS_000015,2013,15.96542309
KEN,WHOSIS_000015,2004,16.28078631
SEN,WHOSIS_000015,2003,16.8756743
BGD,WHOSIS_000015,2000,17.37540739
KAZ,WHOSIS_000015,2000,15.90128821
NOR,WHOSIS_000015,2014,24.14741768
BRN,WHOSIS_000015,2012,20.83093085
ROU,WHOSIS_000015,2016,20.04122172
UKR,WHOSIS_000015,2004,16.86615007
JOR,WHOSIS_000015,2002,18.63186157
CHL,WHOSIS_000015,2020,23.48811948
PAK,WHOSIS_000015,2013,17.47634271
SWE,WHOSIS_000015,2016,24.22380502
NGA,WHOSIS_000015,2003,16.48506581
AGO,WHOSIS_000015,2004,14.56373314
GEO,WHOSIS_000015,2013,18.53511558
ZMB,WHOSIS_000015,2014,15.55939289
ECU,WHOSIS_000015,2015,22.42969892
BGD,WHOSIS_000015,2001,17.46788341
MAR,WHOSIS_000015,2016,18.99418547
FRA,WHOSIS_000015,2002,23.15191311
MKD,WHOSIS_000015,2011,18.74540114
BFA,WHOSIS_000015,2004,15.54107537
LBN,WHOSIS_000015,2017,22.97832889
SVN,WHOSIS_000015,2011,22.93851424
DJI,WHOSIS_000015,2002,16.04719407
LTU,WHOSIS_000015,2020,20.1362562
LKA,WHOSIS_000015,2018,21.40261266
ESP,WHOSIS_000015,2010,24.42004089
SYR,WHOSIS_000015,2007,18.80785562
JPN,WHOSIS_000015,2018,26.56360419
YEM,WHOSIS_000015,2018,18.03425845
SVN,WHOSIS_000015,2008,22.42244877
SOM,WHOSIS_000015,2015,13.31078064
QAT,WHOSIS_000015,2015,21.11958872
EST,WHOSIS_000015,2020,22.38761466
TON,WHOSIS_000015,2017,18.91944471
IRN,WHOSIS_000015,2007,21.46283391
PAK,WHOSIS_000015,2000,16.34088129
LBY,WHOSIS_000015,2020,18.79448531
MWI,WHOSIS_000015,2012,15.35658141
EGY,WHOSIS_000015,2019,17.17587033
FJI,WHOSIS_000015,2021,14.47892891
BDI,WHOSIS_000015,2003,13.72780815
TZA,WHOSIS_000015,2002,15.76360416
YEM,WHOSIS_000015,2014,18.29521747
SAU,WHOSIS_000015,2005,17.95094061
WB_LMI,WHOSIS_000015,2000,17.26582102
EST,WHOSIS_000015,2017,22.10220558
NLD,WHOSIS_000015,2001,21.48585392
SDN,WHOSIS_000015,2010,18.56130217
NIC,WHOSIS_000015,2011,23.32769742
WB_HI,WHOSIS_000015,2003,22.17113699
IRQ,WHOSIS_000015,2014,19.91455096
MRT,WHOSIS_000015,2005,17.80009822
MOZ,WHOSIS_000015,2020,14.6160214
ISL,WHOSIS_000015,2002,23.0533235
TON,WHOSIS_000015,2006,18.71634146
ETH,WHOSIS_000015,2011,17.42119482
HUN,WHOSIS_000015,2005,18.82349726
LAO,WHOSIS_000015,2008,16.14745507
WB_LI,WHOSIS_000015,2019,17.16414079
UZB,WHOSIS_000015,2001,13.54574223
TJK,WHOSIS_000015,2016,19.46892269
WB_UMI,WHOSIS_000015,2010,19.3368039
SEAR,WHOSIS_000015,2014,18.52023769
CHN,WHOSIS_000015,2008,19.24588352
MLT,WHOSIS_000015,2000,20.81986885
NPL,WHOSIS_000015,2001,18.0779521
AFG,WHOSIS_000015,2010,14.41805384
LBY,WHOSIS_000015,2009,20.0911715
QAT,WHOSIS_000015,2012,18.51815561
LAO,WHOSIS_000015,2016,17.18076904
BHR,WHOSIS_000015,2008,16.48934199
JPN,WHOSIS_000015,2003,25.14989889
VCT,WHOSIS_000015,2019,20.50946152
BTN,WHOSIS_000015,2018,20.08282837
LUX,WHOSIS_000015,2004,22.34793387
PHL,WHOSIS_000015,2007,18.14173276
AMR,WHOSIS_000015,2017,22.52112238
UGA,WHOSIS_000015,2012,16.98290922
RUS,WHOSIS_000015,2018,19.53249651
BGD,WHOSIS_000015,2010,18.72123434
YEM,WHOSIS_000015,2007,17.71870539
COL,WHOSIS_000015,2010,21.67572391
KWT,WHOSIS_000015,2014,25.02980787
YEM,WHOSIS_000015,2008,17.84069852
BHR,WHOSIS_000015,2014,18.93267462
PER,WHOSIS_000015,2002,23.10987307
EMR,WHOSIS_000015,2019,18.87525456
EGY,WHOSIS_000015,2003,16.77425953
BRA,WHOSIS_000015,2019,21.31973184
AGO,WHOSIS_000015,2007,15.18371028
NZL,WHOSIS_000015,2018,24.65132818
GNQ,WHOSIS_000015,2015,17.28066732
GRC,WHOSIS_000015,2014,23.75128688
COL,WHOSIS_000015,2006,20.7874395
BRB,WHOSIS_000015,2008,20.84838843
LBN,WHOSIS_000015,2001,20.92013562
KEN,WHOSIS_000015,2018,17.27040785
TLS,WHOSIS_000015,2012,18.1300406
CAN,WHOSIS_000015,2021,24.77169702
GRD,WHOSIS_000015,2018,18.489851
OMN,WHOSIS_000015,2009,18.18980334
MDV,WHOSIS_000015,2002,17.22018533
BGR,WHOSIS_000015,2014,19.45001704
SYR,WHOSIS_000015,2003,18.22980195
FRA,WHOSIS_000015,2003,22.99653479
ZAF,WHOSIS_000015,2018,18.29667874
HRV,WHOSIS_000015,2019,21.86588645
GBR,WHOSIS_000015,2011,23.65039132
HUN,WHOSIS_000015,2004,18.84862282
HND,WHOSIS_000015,2018,18.00897934
LBN,WHOSIS_000015,2014,22.19558656
GEO,WHOSIS_000015,2017,18.96529305
TUR,WHOSIS_000015,2010,21.09611632
TUR,WHOSIS_000015,2006,21.84607569
AUT,WHOSIS_000015,2009,23.21683533
TTO,WHOSIS_000015,2016,21.12366802
FJI,WHOSIS_000015,2002,14.96258458
PHL,WHOSIS_000015,2014,17.86140257
ATG,WHOSIS_000015,2005,20.6141644
LBR,WHOSIS_000015,2016,16.7775995
ZMB,WHOSIS_000015,2012,15.27380197
ZAF,WHOSIS_000015,2006,16.34876268
EGY,WHOSIS_000015,2018,17.05040891
CHL,WHOSIS_000015,2011,23.52955397
VCT,WHOSIS_000015,2015,20.72220463
AFR,WHOSIS_000015,2009,16.35625809
TUN,WHOSIS_000015,2019,21.73947311
EGY,WHOSIS_000015,2013,17.17790124
GRD,WHOSIS_000015,2003,16.48971747
TGO,WHOSIS_000015,2002,15.17670428
CAF,WHOSIS_000015,2000,11.12846411
GIN,WHOSIS_000015,2006,15.58062574
PRY,WHOSIS_000015,2011,21.48948106
SDN,WHOSIS_000015,2008,18.33782283
NOR,WHOSIS_000015,2003,22.49225444
AGO,WHOSIS_000015,2009,15.45181349
GMB,WHOSIS_000015,2005,16.01917022
CHL,WHOSIS_000015,2003,21.76009187
TON,WHOSIS_000015,2013,18.70959393
KEN,WHOSIS_000015,2010,16.45442143
ECU,WHOSIS_000015,2005,21.10512655
SLE,WHOSIS_000015,2002,14.9548684
URY,WHOSIS_000015,2012,21.50047027
CUB,WHOSIS_000015,2009,22.00522001
ECU,WHOSIS_000015,2002,20.81755187
MDG,WHOSIS_000015,2011,15.78889985
MMR,WHOSIS_000015,2015,17.55589518
ARE,WHOSIS_000015,2004,21.99598518
JAM,WHOSIS_000015,2007,17.71437445
UZB,WHOSIS_000015,2012,14.88417774
KOR,WHOSIS_000015,2012,24.08529466
EUR,WHOSIS_000015,2013,21.79003645
WPR,WHOSIS_000015,2001,19.07003543
SYR,WHOSIS_000015,2002,17.773296
TUR,WHOSIS_000015,2011,21.15608054
GBR,WHOSIS_000015,2008,22.81079061
MNG,WHOSIS_000015,2007,16.26950975
WB_LMI,WHOSIS_000015,2009,17.90425441
ERI,WHOSIS_000015,2011,14.25989444
GRC,WHOSIS_000015,2020,23.367098
BEL,WHOSIS_000015,2016,23.87800898
MUS,WHOSIS_000015,2014,20.04021999
NLD,WHOSIS_000015,2019,24.6493218
CHN,WHOSIS_000015,2018,20.88222402
PHL,WHOSIS_000015,2005,17.98672936
PRT,WHOSIS_000015,2000,21.21780803
LSO,WHOSIS_000015,2021,12.01567917
ZMB,WHOSIS_000015,2005,13.8631887
BLZ,WHOSIS_000015,2010,21.45187046
SYR,WHOSIS_000015,2004,18.41374057
BRN,WHOSIS_000015,2001,19.66153873
LBN,WHOSIS_000015,2000,20.72397415
LBY,WHOSIS_000015,2018,19.82999021
TGO,WHOSIS_000015,2014,15.7600854
AMR,WHOSIS_000015,2021,20.70643021
WSM,WHOSIS_000015,2004,17.3427251
WB_LI,WHOSIS_000015,2006,15.72303534
BLZ,WHOSIS_000015,2018,21.55645608
GAB,WHOSIS_000015,2010,15.53413293
NOR,WHOSIS_000015,2004,22.88345743
LSO,WHOSIS_000015,2011,12.17390234
MNE,WHOSIS_000015,2011,19.90393275
IND,WHOSIS_000015,2004,17.72908166
SGP,WHOSIS_000015,2006,23.56083586
NGA,WHOSIS_000015,2017,18.44349287
COL,WHOSIS_000015,2014,22.33971502
USA,WHOSIS_000015,2009,22.94843133
BDI,WHOSIS_000015,2007,15.30539689
TUN,WHOSIS_000015,2015,21.36988895
IRQ,WHOSIS_000015,2018,20.03034652
SLE,WHOSIS_000015,2006,14.96492861
COM,WHOSIS_000015,2019,18.05372692
SVK,WHOSIS_000015,2020,20.65130735
CHN,WHOSIS_000015,2013,20.05989766
MMR,WHOSIS_000015,2002,15.05449028
ROU,WHOSIS_000015,2010,19.22726113
QAT,WHOSIS_000015,2018,21.67852391
THA,WHOSIS_000015,2005,21.03872519
AUS,WHOSIS_000015,2000,23.10886062
VCT,WHOSIS_000015,2003,19.988845
SLB,WHOSIS_000015,2008,14.88788245
STP,WHOSIS_000015,2014,17.49989922
GAB,WHOSIS_000015,2011,15.63816802
CMR,WHOSIS_000015,2018,16.63626167
SWE,WHOSIS_000015,2019,24.77590193
VNM,WHOSIS_000015,2016,19.26468651
HUN,WHOSIS_000015,2008,19.51230481
WB_LMI,WHOSIS_000015,2002,17.3391311
MLT,WHOSIS_000015,2005,21.89583982
ARG,WHOSIS_000015,2005,20.6539759
JPN,WHOSIS_000015,2004,25.30871647
ISL,WHOSIS_000015,2012,24.20975893
URY,WHOSIS_000015,2021,20.16683824
CZE,WHOSIS_000015,2015,21.49316283
GMB,WHOSIS_000015,2013,16.24615554
BIH,WHOSIS_000015,2012,20.81885133
CHE,WHOSIS_000015,2018,25.39635102
RUS,WHOSIS_000015,2019,19.9327063
GBR,WHOSIS_000015,2002,21.54170329
BLR,WHOSIS_000015,2014,19.0385687
IRN,WHOSIS_000015,2014,22.16483182
IRN,WHOSIS_000015,2012,22.25344652
PRY,WHOSIS_000015,2010,21.45240447
SSD,WHOSIS_000015,2006,15.73690406
AMR,WHOSIS_000015,2003,21.26430519
CRI,WHOSIS_000015,2007,24.21559693
VNM,WHOSIS_000015,2015,19.15746598
LAO,WHOSIS_000015,2021,17.18471152
CAF,WHOSIS_000015,2019,12.61115426
TTO,WHOSIS_000015,2013,21.4347249
QAT,WHOSIS_000015,2010,17.23571598
TUR,WHOSIS_000015,2000,20.32310108
VNM,WHOSIS_000015,2013,19.07354273
SDN,WHOSIS_000015,2006,18.08784381
YEM,WHOSIS_000015,2003,17.20298255
DJI,WHOSIS_000015,2011,16.83710476
GRC,WHOSIS_000015,2011,23.47043724
NPL,WHOSIS_000015,2011,18.59744202
UGA,WHOSIS_000015,2018,17.63259211
WB_LI,WHOSIS_000015,2005,15.56680249
ARG,WHOSIS_000015,2018,21.59019598
BLR,WHOSIS_000015,2002,16.48657019
EUR,WHOSIS_000015,2001,19.73580947
DZA,WHOSIS_000015,2019,21.42999644
TUN,WHOSIS_000015,2020,20.92259544
NIC,WHOSIS_000015,2000,24.04251098
CAF,WHOSIS_000015,2005,11.39504853
VUT,WHOSIS_000015,2017,16.10154757
PRK,WHOSIS_000015,2000,16.48943722
HND,WHOSIS_000015,2010,18.56341521
MKD,WHOSIS_000015,2000,17.78117826
LBN,WHOSIS_000015,2006,21.44787635
MMR,WHOSIS_000015,2010,16.64331044
AUT,WHOSIS_000015,2006,22.9535151
GNQ,WHOSIS_000015,2011,17.15725058
LSO,WHOSIS_000015,2013,12.11766782
MKD,WHOSIS_000015,2005,18.16510297
COL,WHOSIS_000015,2018,22.63233436
TTO,WHOSIS_000015,2002,19.28181718
ZMB,WHOSIS_000015,2013,15.42147461
KOR,WHOSIS_000015,2009,23.68665893
VNM,WHOSIS_000015,2011,18.93774713
IRQ,WHOSIS_000015,2000,18.98221986
MDV,WHOSIS_000015,2007,18.0491771
SWZ,WHOSIS_000015,2020,13.59165521
FJI,WHOSIS_000015,2011,15.4847344
SWZ,WHOSIS_000015,2002,11.73425787
ISL,WHOSIS_000015,2015,24.40174107
CHL,WHOSIS_000015,2004,21.83518869
MLI,WHOSIS_000015,2006,16.41743402
SWE,WHOSIS_000015,2005,23.02929574
TKM,WHOSIS_000015,2012,18.62938177
BFA,WHOSIS_000015,2007,15.77604305
COL,WHOSIS_000015,2013,22.40471404
ZMB,WHOSIS_000015,2001,12.77953632
CHL,WHOSIS_000015,2013,23.69681396
SGP,WHOSIS_000015,2010,24.11699702
KEN,WHOSIS_000015,2014,16.80829427
GHA,WHOSIS_000015,2007,15.73044821
BLR,WHOSIS_000015,2005,16.8604886
CYP,WHOSIS_000015,2018,24.25311882
VUT,WHOSIS_000015,2018,16.13960669
BFA,WHOSIS_000015,2006,15.68430459
ZAF,WHOSIS_000015,2003,16.399462
YEM,WHOSIS_000015,2019,17.98244342
COD,WHOSIS_000015,2008,14.89168733
GLOBAL,WHOSIS_000015,2013,20.4996201
ITA,WHOSIS_000015,2014,24.86459719
ALB,WHOSIS_000015,2007,19.96971281
MLT,WHOSIS_000015,2004,21.68383976
URY,WHOSIS_000015,2016,21.50623601
KEN,WHOSIS_000015,2021,15.82901124
KIR,WHOSIS_000015,2010,14.60903896
TTO,WHOSIS_000015,2011,21.31229715
EUR,WHOSIS_000015,2011,21.54873054
MNG,WHOSIS_000015,2014,17.35449586
BDI,WHOSIS_000015,2010,15.87263395
PRT,WHOSIS_000015,2017,24.06710756
SLV,WHOSIS_000015,2000,20.82942756
MDG,WHOSIS_000015,2013,15.90830691
HUN,WHOSIS_000015,2019,20.20892155
LSO,WHOSIS_000015,2008,11.78514099
IDN,WHOSIS_000015,2017,17.94857792
WB_LI,WHOSIS_000015,2017,16.99318281
KEN,WHOSIS_000015,2006,16.30106953
NLD,WHOSIS_000015,2003,21.68961024
SSD,WHOSIS_000015,2020,15.11599491
ARE,WHOSIS_000015,2012,23.09535789
NLD,WHOSIS_000015,2002,21.48824392
QAT,WHOSIS_000015,2005,15.41457726
LVA,WHOSIS_000015,2021,18.86235256
BRB,WHOSIS_000015,2011,21.29137347
NLD,WHOSIS_000015,2016,23.72654846
WSM,WHOSIS_000015,2001,17.1431323
COD,WHOSIS_000015,2005,14.73961469
UZB,WHOSIS_000015,2013,15.33992526
WB_LMI,WHOSIS_000015,2014,18.29009975
CUB,WHOSIS_000015,2002,22.28004718
GRC,WHOSIS_000015,2016,23.7115626
SDN,WHOSIS_000015,2004,17.79218671
SOM,WHOSIS_000015,2012,12.05205553
MKD,WHOSIS_000015,2019,19.31699039
GMB,WHOSIS_000015,2019,16.45335726
ERI,WHOSIS_000015,2012,14.39299684
CHL,WHOSIS_000015,2002,21.71531485
ISL,WHOSIS_000015,2001,22.85393346
CIV,WHOSIS_000015,2003,14.58530179
SEAR,WHOSIS_000015,2017,18.84789659
LBN,WHOSIS_000015,2011,21.89518423
MOZ,WHOSIS_000015,2007,14.33180212
SGP,WHOSIS_000015,2019,25.83176362
SYC,WHOSIS_000015,2009,19.05329238
LBR,WHOSIS_000015,2021,16.75537212
FJI,WHOSIS_000015,2007,15.49876912
DNK,WHOSIS_000015,2005,21.48196873
FSM,WHOSIS_000015,2015,15.82413258
MWI,WHOSIS_000015,2004,13.36611395
IRQ,WHOSIS_000015,2020,16.83707374
PRT,WHOSIS_000015,2009,22.94581037
HUN,WHOSIS_000015,2010,19.66386108
ARE,WHOSIS_000015,2003,21.67485729
KGZ,WHOSIS_000015,2000,16.5508497
TUR,WHOSIS_000015,2016,20.69001936
JOR,WHOSIS_000015,2007,19.90392226
ARE,WHOSIS_000015,2017,23.19075226
TGO,WHOSIS_000015,2013,15.64083999
SWE,WHOSIS_000015,2017,24.28458787
OMN,WHOSIS_000015,2013,18.82904237
LSO,WHOSIS_000015,2018,12.65125704
BHR,WHOSIS_000015,2012,17.97310043
ARG,WHOSIS_000015,2002,20.25785254
MYS,WHOSIS_000015,2003,18.54337097
BHS,WHOSIS_000015,2012,20.78673215
SVK,WHOSIS_000015,2010,19.78911804
WB_HI,WHOSIS_000015,2010,23.54272513
YEM,WHOSIS_000015,2006,17.59705297
SGP,WHOSIS_000015,2009,24.00619342
MRT,WHOSIS_000015,2018,18.65074185
SYC,WHOSIS_000015,2000,19.19433426
ARE,WHOSIS_000015,2019,23.54726938
SWE,WHOSIS_000015,2021,24.70965506
SSD,WHOSIS_000015,2008,15.89707131
NPL,WHOSIS_000015,2012,18.55752444
MAR,WHOSIS_000015,2012,19.1227856
KEN,WHOSIS_000015,2015,16.92287653
NZL,WHOSIS_000015,2007,23.45221657
PRT,WHOSIS_000015,2018,23.9736097
LBR,WHOSIS_000015,2002,15.67260053
LAO,WHOSIS_000015,2012,16.84152759
SOM,WHOSIS_000015,2004,12.60717124
HND,WHOSIS_000015,2008,19.163498
NAM,WHOSIS_000015,2012,16.05968721
TUR,WHOSIS_000015,2008,21.5183128
IDN,WHOSIS_000015,2016,17.87221377
ETH,WHOSIS_000015,2002,14.16334791
CUB,WHOSIS_000015,2017,21.42716537
THA,WHOSIS_000015,2020,23.56903682
COD,WHOSIS_000015,2021,15.39876743
SWE,WHOSIS_000015,2007,23.30518128
SLV,WHOSIS_000015,2004,22.16493389
SYR,WHOSIS_000015,2008,18.66593385
IRN,WHOSIS_000015,2019,22.18931374
SEN,WHOSIS_000015,2000,16.55550064
NER,WHOSIS_000015,2010,16.76220211
CPV,WHOSIS_000015,2013,21.79929005
BLR,WHOSIS_000015,2017,19.41048878
VUT,WHOSIS_000015,2012,15.79281185
CHE,WHOSIS_000015,2016,25.28747385
GNQ,WHOSIS_000015,2010,17.21597917
CHE,WHOSIS_000015,2005,23.92977157
TGO,WHOSIS_000015,2006,15.17008142
CAN,WHOSIS_000015,2004,23.09463515
BGD,WHOSIS_000015,2004,17.80936416
ZMB,WHOSIS_000015,2008,14.73712182
AUS,WHOSIS_000015,2018,25.60978847
ISR,WHOSIS_000015,2007,23.06881298
BRA,WHOSIS_000015,2017,21.14559935
WPR,WHOSIS_000015,2003,19.15345302
FIN,WHOSIS_000015,2007,23.019122
KEN,WHOSIS_000015,2020,16.65016332
BWA,WHOSIS_000015,2014,16.33036951
TGO,WHOSIS_000015,2012,15.56188166
MLI,WHOSIS_000015,2003,16.15359751
TGO,WHOSIS_000015,2016,16.00543333
AUS,WHOSIS_000015,2003,23.67113732
ERI,WHOSIS_000015,2001,13.36961137
CYP,WHOSIS_000015,2007,23.05176499
CUB,WHOSIS_000015,2014,21.93213475
WSM,WHOSIS_000015,2005,17.38720451
MLT,WHOSIS_000015,2012,23.55197695
EUR,WHOSIS_000015,2012,21.60112122
DEU,WHOSIS_000015,2003,21.90886899
LUX,WHOSIS_000015,2020,24.76663176
TLS,WHOSIS_000015,2016,18.07254414
NAM,WHOSIS_000015,2016,16.21761903
MWI,WHOSIS_000015,2014,15.68632506
WPR,WHOSIS_000015,2010,20.3627085
GIN,WHOSIS_000015,2004,15.52574115
TCD,WHOSIS_000015,2005,14.87078864
SGP,WHOSIS_000015,2016,25.38420803
LBN,WHOSIS_000015,2021,19.35515012
GNB,WHOSIS_000015,2012,13.86608866
TZA,WHOSIS_000015,2007,16.5314954
FRA,WHOSIS_000015,2000,23.0063933
MUS,WHOSIS_000015,2016,20.25919617
ESP,WHOSIS_000015,2014,25.01431518
DJI,WHOSIS_000015,2018,17.37626603
FIN,WHOSIS_000015,2015,23.93386083
MWI,WHOSIS_000015,2000,13.0836877
TJK,WHOSIS_000015,2001,17.2782227
KGZ,WHOSIS_000015,2015,18.40316672
SUR,WHOSIS_000015,2008,20.38516706
NGA,WHOSIS_000015,2021,18.54917776
CHE,WHOSIS_000015,2010,24.64740571
VEN,WHOSIS_000015,2018,20.77996126
AUS,WHOSIS_000015,2005,23.88163963
GRC,WHOSIS_000015,2013,23.70434387
DEU,WHOSIS_000015,2014,23.52380471
HRV,WHOSIS_000015,2012,21.01187788
KGZ,WHOSIS_000015,2021,18.2712503
MYS,WHOSIS_000015,2007,19.16098517
SYR,WHOSIS_000015,2016,18.45783078
BRN,WHOSIS_000015,2003,20.01232165
SSD,WHOSIS_000015,2016,15.85727311
MUS,WHOSIS_000015,2012,19.74184337
MDA,WHOSIS_000015,2006,15.18208617
KWT,WHOSIS_000015,2008,22.37938089
SUR,WHOSIS_000015,2003,19.19374887
NGA,WHOSIS_000015,2015,18.23246033
BIH,WHOSIS_000015,2006,20.72736798
THA,WHOSIS_000015,2002,20.9643717
GHA,WHOSIS_000015,2012,16.16043406
HND,WHOSIS_000015,2021,16.11392306
BOL,WHOSIS_000015,2008,18.65091749
WPR,WHOSIS_000015,2009,20.31336718
CIV,WHOSIS_000015,2001,14.55571444
QAT,WHOSIS_000015,2021,19.47329241
BIH,WHOSIS_000015,2020,19.06506284
BEL,WHOSIS_000015,2009,23.16103018
COL,WHOSIS_000015,2009,21.66016224
MUS,WHOSIS_000015,2003,18.1424409
MEX,WHOSIS_000015,2012,21.93331052
JOR,WHOSIS_000015,2015,22.43139485
CZE,WHOSIS_000015,2000,19.33457177
GMB,WHOSIS_000015,2017,16.31835524
LKA,WHOSIS_000015,2004,18.53948654
PAN,WHOSIS_000015,2003,21.94718823
PRK,WHOSIS_000015,2002,16.47392568
ESP,WHOSIS_000015,2002,22.9458594
UKR,WHOSIS_000015,2015,18.93714251
NER,WHOSIS_000015,2007,16.49529756
EUR,WHOSIS_000015,2007,20.76954461
BRN,WHOSIS_000015,2018,20.51399392
JAM,WHOSIS_000015,2000,18.62445194
ITA,WHOSIS_000015,2015,24.48195461
PRI,WHOSIS_000015,2006,23.32015574
PER,WHOSIS_000015,2021,18.41650958
BTN,WHOSIS_000015,2015,20.00104744
POL,WHOSIS_000015,2005,20.10291078
FIN,WHOSIS_000015,2006,22.95221731
CRI,WHOSIS_000015,2014,24.48536162
CUB,WHOSIS_000015,2010,21.72046809
TZA,WHOSIS_000015,2001,15.60307643
CHE,WHOSIS_000015,2004,23.87498263
GHA,WHOSIS_000015,2021,16.74918266
HND,WHOSIS_000015,2002,19.27760108
PHL,WHOSIS_000015,2006,17.95112864
GAB,WHOSIS_000015,2004,14.7595984
RUS,WHOSIS_000015,2008,17.40162732
AMR,WHOSIS_000015,2015,22.46548152
EGY,WHOSIS_000015,2007,17.11937288
PHL,WHOSIS_000015,2016,17.53003866
HRV,WHOSIS_000015,2006,20.1937274
SSD,WHOSIS_000015,2011,16.0973915
AFG,WHOSIS_000015,2016,14.98933457
CMR,WHOSIS_000015,2021,16.0521343
POL,WHOSIS_000015,2019,21.79844667
KOR,WHOSIS_000015,2007,22.77145187
SUR,WHOSIS_000015,2000,19.58724536
MEX,WHOSIS_000015,2014,21.96837015
LTU,WHOSIS_000015,2009,19.68418864
PNG,WHOSIS_000015,2006,15.98245626
MKD,WHOSIS_000015,2015,19.09152632
MAR,WHOSIS_000015,2019,18.97482489
LCA,WHOSIS_000015,2021,17.69910433
IRL,WHOSIS_000015,2021,23.90136875
CRI,WHOSIS_000015,2005,23.81310141
DEU,WHOSIS_000015,2005,22.45363212
CRI,WHOSIS_000015,2002,23.32028148
KOR,WHOSIS_000015,2010,23.75876231
ATG,WHOSIS_000015,2017,20.19148019
SLE,WHOSIS_000015,2009,15.13047612
SGP,WHOSIS_000015,2021,26.0456406
MNG,WHOSIS_000015,2005,15.698948
AUT,WHOSIS_000015,2020,23.48625502
MDV,WHOSIS_000015,2016,20.84914331
ARM,WHOSIS_000015,2016,19.23403462
ERI,WHOSIS_000015,2018,15.02046207
ITA,WHOSIS_000015,2010,24.36380002
NER,WHOSIS_000015,2005,16.2434551
USA,WHOSIS_000015,2001,21.48296432
SVK,WHOSIS_000015,2015,20.64627139
BLR,WHOSIS_000015,2013,18.7320385
TLS,WHOSIS_000015,2003,18.17867867
TUN,WHOSIS_000015,2011,21.13495564
TJK,WHOSIS_000015,2008,16.66147117
ESP,WHOSIS_000015,2004,23.33032149
ISR,WHOSIS_000015,2019,24.88417278
IRQ,WHOSIS_000015,2009,19.46134996
BRA,WHOSIS_000015,2020,20.30059588
USA,WHOSIS_000015,2014,23.17842265
MYS,WHOSIS_000015,2004,18.67439825
ZWE,WHOSIS_000015,2020,13.96030971
CUB,WHOSIS_000015,2005,21.54229199
VEN,WHOSIS_000015,2009,21.95626061
GNB,WHOSIS_000015,2020,13.67977105
NGA,WHOSIS_000015,2020,17.93124386
PRK,WHOSIS_000015,2012,17.83524932
MWI,WHOSIS_000015,2019,15.89980708
TLS,WHOSIS_000015,2014,17.88100188
TUN,WHOSIS_000015,2013,21.26370376
NER,WHOSIS_000015,2002,15.96427184
GIN,WHOSIS_000015,2016,16.13564797
BLZ,WHOSIS_000015,2013,21.94297399
TJK,WHOSIS_000015,2009,16.7767755
LTU,WHOSIS_000015,2019,21.22475633
KOR,WHOSIS_000015,2011,24.06908436
IRQ,WHOSIS_000015,2019,19.63143943
GNQ,WHOSIS_000015,2013,17.42868175
GRC,WHOSIS_000015,2003,22.27397144
MWI,WHOSIS_000015,2001,13.18164128
UGA,WHOSIS_000015,2016,17.38550823
MDV,WHOSIS_000015,2008,18.26357833
TZA,WHOSIS_000015,2011,17.22284578
LVA,WHOSIS_000015,2016,20.35712509
WPR,WHOSIS_000015,2005,19.35962164
LBN,WHOSIS_000015,2010,21.92586477
TUR,WHOSIS_000015,2003,21.36428862
KIR,WHOSIS_000015,2013,14.75970831
SWE,WHOSIS_000015,2014,24.19364292
CIV,WHOSIS_000015,2012,15.79392768
BLZ,WHOSIS_000015,2006,20.33190419
ZAF,WHOSIS_000015,2007,16.43784582
GLOBAL,WHOSIS_000015,2021,19.61231631
PRI,WHOSIS_000015,2008,23.71649462
ISR,WHOSIS_000015,2011,24.19823251
USA,WHOSIS_000015,2010,22.98243483
BWA,WHOSIS_000015,2000,14.0764548
AMR,WHOSIS_000015,2016,22.47784399
MDA,WHOSIS_000015,2003,14.66304249
GLOBAL,WHOSIS_000015,2016,20.79983618
MDA,WHOSIS_000015,2015,17.77722812
SAU,WHOSIS_000015,2011,21.01093162
RWA,WHOSIS_000015,2021,17.51690866
BRB,WHOSIS_000015,2017,21.35169009
UGA,WHOSIS_000015,2011,16.77706099
KOR,WHOSIS_000015,2019,26.13226493
KAZ,WHOSIS_000015,2015,18.6400706
VNM,WHOSIS_000015,2018,19.46602924
GBR,WHOSIS_000015,2021,23.21983245
PAN,WHOSIS_000015,2000,22.13156658
SVN,WHOSIS_000015,2003,20.60204062
BHS,WHOSIS_000015,2000,20.05308788
EUR,WHOSIS_000015,2006,20.56654751
CZE,WHOSIS_000015,2018,21.87854713
TTO,WHOSIS_000015,2004,19.44187372
IRQ,WHOSIS_000015,2007,19.23709929
LKA,WHOSIS_000015,2002,19.80484204
WPR,WHOSIS_000015,2018,21.67504397
TUR,WHOSIS_000015,2012,21.19236922
LBY,WHOSIS_000015,2001,20.5097
MDV,WHOSIS_000015,2005,17.72873003
JPN,WHOSIS_000015,2002,25.11137693
PAN,WHOSIS_000015,2004,22.05146405
SWZ,WHOSIS_000015,2021,13.05345252
KWT,WHOSIS_000015,2010,23.99086883
IND,WHOSIS_000015,2007,17.69606792
COL,WHOSIS_000015,2002,20.47337338
COD,WHOSIS_000015,2006,14.80916478
PER,WHOSIS_000015,2001,23.17797571
AUT,WHOSIS_000015,2010,23.43764751
VUT,WHOSIS_000015,2010,15.61050386
GHA,WHOSIS_000015,2016,16.60902455
MMR,WHOSIS_000015,2018,17.86032836
GBR,WHOSIS_000015,2000,21.31186688
AFG,WHOSIS_000015,2019,15.1613711
SOM,WHOSIS_000015,2007,12.83089325
LKA,WHOSIS_000015,2019,21.7578139
DNK,WHOSIS_000015,2010,22.19648527
IDN,WHOSIS_000015,2012,17.54406603
SLB,WHOSIS_000015,2006,14.78188095
CIV,WHOSIS_000015,2013,15.97003607
ZWE,WHOSIS_000015,2018,14.25485532
DOM,WHOSIS_000015,2019,22.60310281
THA,WHOSIS_000015,2016,23.65209098
KOR,WHOSIS_000015,2015,25.04039908
ISR,WHOSIS_000015,2012,24.06204126
HUN,WHOSIS_000015,2015,19.88715916
ITA,WHOSIS_000015,2002,23.03132737
AFR,WHOSIS_000015,2020,16.8646222
MYS,WHOSIS_000015,2002,18.70914682
MRT,WHOSIS_000015,2012,18.56487254
BWA,WHOSIS_000015,2010,15.61557277
IND,WHOSIS_000015,2019,18.51853566
IRL,WHOSIS_000015,2002,21.01837039
PER,WHOSIS_000015,2014,24.94110844
LKA,WHOSIS_000015,2016,21.04507556
CPV,WHOSIS_000015,2010,21.96195165
NOR,WHOSIS_000015,2012,23.62857922
URY,WHOSIS_000015,2019,21.70617475
KWT,WHOSIS_000015,2021,22.39403312
ETH,WHOSIS_000015,2021,17.83111068
NGA,WHOSIS_000015,2012,17.86256337
AUS,WHOSIS_000015,2019,25.34695408
BWA,WHOSIS_000015,2021,14.35606075
BOL,WHOSIS_000015,2010,18.73124779
MDV,WHOSIS_000015,2019,17.90289867
CZE,WHOSIS_000015,2003,19.38126094
FRA,WHOSIS_000015,2010,24.7083418
MDG,WHOSIS_000015,2021,15.64225436
GNB,WHOSIS_000015,2018,14.46134045
ZMB,WHOSIS_000015,2000,12.69548274
UGA,WHOSIS_000015,2017,17.53303275
PRK,WHOSIS_000015,2015,18.25497459
MLT,WHOSIS_000015,2011,23.39003957
QAT,WHOSIS_000015,2013,19.229892
CPV,WHOSIS_000015,2021,18.98005748
HRV,WHOSIS_000015,2009,20.37586745
GEO,WHOSIS_000015,2002,17.49566091
EUR,WHOSIS_000015,2005,20.16823648
GHA,WHOSIS_000015,2015,16.49652073
LAO,WHOSIS_000015,2000,14.72154528
VEN,WHOSIS_000015,2008,21.70199511
GAB,WHOSIS_000015,2009,15.38338902
HUN,WHOSIS_000015,2007,19.26498715
KEN,WHOSIS_000015,2003,16.36099388
EMR,WHOSIS_000015,2003,17.54935139
KHM,WHOSIS_000015,2017,17.20597775
UKR,WHOSIS_000015,2018,19.35759046
COM,WHOSIS_000015,2002,16.56054174
COM,WHOSIS_000015,2006,17.23465708
FIN,WHOSIS_000015,2011,23.55746159
CRI,WHOSIS_000015,2018,24.56719363
BHS,WHOSIS_000015,2013,20.89472185
WB_UMI,WHOSIS_000015,2019,20.80136251
AFR,WHOSIS_000015,2008,16.22714516
MEX,WHOSIS_000015,2009,21.73926544
AGO,WHOSIS_000015,2021,15.84597502
GAB,WHOSIS_000015,2002,14.64935362
HUN,WHOSIS_000015,2009,19.57571067
KWT,WHOSIS_000015,2003,22.92960255
COG,WHOSIS_000015,2004,13.79071333
SYC,WHOSIS_000015,2001,19.26073436
ISR,WHOSIS_000015,2021,24.06180381
DEU,WHOSIS_000015,2021,23.15530539
TCD,WHOSIS_000015,2012,15.49748412
BEN,WHOSIS_000015,2011,17.04016384
NOR,WHOSIS_000015,2007,23.0854551
MRT,WHOSIS_000015,2011,18.50371947
UKR,WHOSIS_000015,2006,16.98100435
SDN,WHOSIS_000015,2012,18.74737952
ETH,WHOSIS_000015,2008,16.33355815
HRV,WHOSIS_000015,2014,21.44456984
LBN,WHOSIS_000015,2009,21.77925258
ARG,WHOSIS_000015,2004,20.46208446
WSM,WHOSIS_000015,2021,17.72630899
SLB,WHOSIS_000015,2005,14.74696797
IRN,WHOSIS_000015,2000,20.55341014
OMN,WHOSIS_000015,2017,18.50373314
PRI,WHOSIS_000015,2014,24.55455136
TTO,WHOSIS_000015,2014,21.41994909
COD,WHOSIS_000015,2002,14.54397778
UZB,WHOSIS_000015,2014,15.53791999
URY,WHOSIS_000015,2020,22.34416158
JPN,WHOSIS_000015,2019,26.65768529
FJI,WHOSIS_000015,2009,15.52752397
YEM,WHOSIS_000015,2010,18.05529964
JPN,WHOSIS_000015,2021,26.63246482
WB_HI,WHOSIS_000015,2000,21.82837008
BRN,WHOSIS_000015,2009,20.74243607
GAB,WHOSIS_000015,2021,16.03308734
CPV,WHOSIS_000015,2000,20.68094949
IRQ,WHOSIS_000015,2001,19.12543192
STP,WHOSIS_000015,2016,17.55522973
AFG,WHOSIS_000015,2006,13.77638867
WB_UMI,WHOSIS_000015,2021,19.76438211
KGZ,WHOSIS_000015,2012,17.64322965
YEM,WHOSIS_000015,2016,18.20096627
MLT,WHOSIS_000015,2021,24.29105945
BHR,WHOSIS_000015,2006,15.66397393
MAR,WHOSIS_000015,2014,19.07028238
KAZ,WHOSIS_000015,2018,19.13354948
ERI,WHOSIS_000015,2006,13.84460809
URY,WHOSIS_000015,2007,20.69253161
NPL,WHOSIS_000015,2008,18.64966949
BFA,WHOSIS_000015,2001,15.30207595
ITA,WHOSIS_000015,2013,24.65804338
THA,WHOSIS_000015,2003,21.02706021
KIR,WHOSIS_000015,2017,14.99580242
SSD,WHOSIS_000015,2009,15.95262335
ERI,WHOSIS_000015,2002,13.47400437
LBN,WHOSIS_000015,2002,21.13721052
GLOBAL,WHOSIS_000015,2014,20.62264018
AUT,WHOSIS_000015,2005,22.66473812
NPL,WHOSIS_000015,2021,17.42060762
PAK,WHOSIS_000015,2003,16.45481044
BGR,WHOSIS_000015,2005,18.16114416
BFA,WHOSIS_000015,2010,15.99692174
WB_LI,WHOSIS_000015,2012,16.4295836
ZAF,WHOSIS_000015,2011,17.00813198
BLZ,WHOSIS_000015,2002,19.86036187
BEL,WHOSIS_000015,2006,22.68445501
SWZ,WHOSIS_000015,2018,13.98404598
URY,WHOSIS_000015,2002,20.74986456
GRC,WHOSIS_000015,2005,22.697607
RWA,WHOSIS_000015,2014,17.56936263
IRL,WHOSIS_000015,2005,22.03853072
AFG,WHOSIS_000015,2009,14.26714314
WB_HI,WHOSIS_000015,2018,24.10941807
ATG,WHOSIS_000015,2008,19.71496975
NER,WHOSIS_000015,2000,15.80731419
FIN,WHOSIS_000015,2000,21.60328441
SDN,WHOSIS_000015,2001,17.48545595
PAK,WHOSIS_000015,2005,16.47992125
TON,WHOSIS_000015,2009,18.28825176
MUS,WHOSIS_000015,2008,18.99916996
PRK,WHOSIS_000015,2007,17.73027304
MWI,WHOSIS_000015,2010,14.8435981
SOM,WHOSIS_000015,2016,13.35633655
STP,WHOSIS_000015,2003,17.01743985
ARE,WHOSIS_000015,2006,23.13830588
BRB,WHOSIS_000015,2013,21.37420367
MMR,WHOSIS_000015,2021,17.09295667
RUS,WHOSIS_000015,2012,18.66694131
WB_UMI,WHOSIS_000015,2015,20.34898506
BRB,WHOSIS_000015,2009,21.18871264
SAU,WHOSIS_000015,2003,17.64135272
KEN,WHOSIS_000015,2017,17.17781897
BGR,WHOSIS_000015,2021,16.7897446
MDG,WHOSIS_000015,2012,15.85496594
GUY,WHOSIS_000015,2000,16.45420694
ROU,WHOSIS_000015,2009,19.17564264
FJI,WHOSIS_000015,2001,14.79117614
PSE,WHOSIS_000015,2000,17.3242856
SEAR,WHOSIS_000015,2013,18.49688293
CUB,WHOSIS_000015,2015,21.83974041
MOZ,WHOSIS_000015,2016,14.56234808
HND,WHOSIS_000015,2004,19.20069631
LAO,WHOSIS_000015,2017,17.29392175
SYC,WHOSIS_000015,2006,18.80604108
SWE,WHOSIS_000015,2020,24.15804629
MNE,WHOSIS_000015,2014,20.20465134
FSM,WHOSIS_000015,2008,15.63847726
AMR,WHOSIS_000015,2011,22.33672257
DJI,WHOSIS_000015,2017,17.30690551
CAF,WHOSIS_000015,2003,11.26614996
TCD,WHOSIS_000015,2000,14.64437027
GMB,WHOSIS_000015,2012,16.2462625
NIC,WHOSIS_000015,2014,23.81968889
SLV,WHOSIS_000015,2003,21.63554907
NAM,WHOSIS_000015,2008,15.26716952
NGA,WHOSIS_000015,2010,17.60837334
CHN,WHOSIS_000015,2021,21.21162403
SWZ,WHOSIS_000015,2013,12.76883454
MRT,WHOSIS_000015,2016,18.65924627
SDN,WHOSIS_000015,2005,17.96272484
TLS,WHOSIS_000015,2015,18.05652895
KWT,WHOSIS_000015,2015,24.71102111
LBN,WHOSIS_000015,2015,22.39780324
IRN,WHOSIS_000015,2008,21.68107147
SSD,WHOSIS_000015,2012,16.03260842
LBR,WHOSIS_000015,2005,16.06750396
URY,WHOSIS_000015,2018,21.8099406
MNG,WHOSIS_000015,2003,15.32446474
RWA,WHOSIS_000015,2017,17.77397217
WB_LI,WHOSIS_000015,2000,14.75661371
KAZ,WHOSIS_000015,2021,16.40343227
SYC,WHOSIS_000015,2014,19.59984087
LCA,WHOSIS_000015,2017,22.2594782
LTU,WHOSIS_000015,2001,19.2952346
PAN,WHOSIS_000015,2011,23.13128488
USA,WHOSIS_000015,2007,22.59993279
GIN,WHOSIS_000015,2014,15.85641162
SWZ,WHOSIS_000015,2011,12.33556653
SEN,WHOSIS_000015,2016,17.88686958
PRY,WHOSIS_000015,2017,21.33076
MKD,WHOSIS_000015,2009,18.6436699
EUR,WHOSIS_000015,2019,22.4720274
LBR,WHOSIS_000015,2013,16.5278024
TTO,WHOSIS_000015,2006,20.12663507
LBR,WHOSIS_000015,2017,16.89886009
SVN,WHOSIS_000015,2002,20.75212695
FSM,WHOSIS_000015,2006,15.57318784
WB_UMI,WHOSIS_000015,2000,18.08861628
SRB,WHOSIS_000015,2009,18.51985819
TLS,WHOSIS_000015,2001,18.04348813
TKM,WHOSIS_000015,2016,18.34479088
SEN,WHOSIS_000015,2013,17.65424148
VCT,WHOSIS_000015,2020,20.1251998
ZWE,WHOSIS_000015,2008,12.72473536
DJI,WHOSIS_000015,2021,16.65787055
DEU,WHOSIS_000015,2019,23.57321953
CIV,WHOSIS_000015,2006,14.9360799
ERI,WHOSIS_000015,2020,14.71543653
GHA,WHOSIS_000015,2002,15.69694995
CPV,WHOSIS_000015,2003,20.81656459
HND,WHOSIS_000015,2005,19.22309171
VEN,WHOSIS_000015,2005,21.66224226
MDV,WHOSIS_000015,2020,18.62187905
CYP,WHOSIS_000015,2003,22.17663158
IRN,WHOSIS_000015,2017,22.03217516
WSM,WHOSIS_000015,2020,17.41507442
SAU,WHOSIS_000015,2007,18.39858177
LUX,WHOSIS_000015,2003,22.22701321
MUS,WHOSIS_000015,2007,18.75549061
TUN,WHOSIS_000015,2014,21.31414322
SVN,WHOSIS_000015,2013,23.0889023
DZA,WHOSIS_000015,2005,20.49820956
BRB,WHOSIS_000015,2004,20.28308417
GIN,WHOSIS_000015,2002,15.45394892
TZA,WHOSIS_000015,2010,17.03272374
MDV,WHOSIS_000015,2021,17.75482481
TKM,WHOSIS_000015,2000,17.26382632
SAU,WHOSIS_000015,2004,17.82588281
BGD,WHOSIS_000015,2014,20.38697761
SUR,WHOSIS_000015,2012,21.03596489
ISL,WHOSIS_000015,2009,23.77321702
PNG,WHOSIS_000015,2013,16.46323557
CYP,WHOSIS_000015,2005,22.50693047
LTU,WHOSIS_000015,2005,19.07246653
JOR,WHOSIS_000015,2020,21.37651676
TUN,WHOSIS_000015,2010,20.98686071
SUR,WHOSIS_000015,2002,19.22546978
VCT,WHOSIS_000015,2014,20.70672197
RWA,WHOSIS_000015,2005,15.4572319
MLI,WHOSIS_000015,2019,17.17561491
BHR,WHOSIS_000015,2001,15.04693695
PRT,WHOSIS_000015,2003,21.49778912
USA,WHOSIS_000015,2006,22.40281934
GNQ,WHOSIS_000015,2007,16.99434253
PNG,WHOSIS_000015,2020,16.07375942
GTM,WHOSIS_000015,2014,20.57195351
UKR,WHOSIS_000015,2009,17.67185819
PNG,WHOSIS_000015,2001,15.99023069
VEN,WHOSIS_000015,2001,21.08720356
SLB,WHOSIS_000015,2021,14.82649264
COG,WHOSIS_000015,2014,15.15601788
HTI,WHOSIS_000015,2001,15.23505529
VCT,WHOSIS_000015,2021,19.93157562
PNG,WHOSIS_000015,2018,16.7412055
GRD,WHOSIS_000015,2015,18.36465711
AUS,WHOSIS_000015,2011,24.7074049
FRA,WHOSIS_000015,2016,25.47997762
WB_HI,WHOSIS_000015,2006,22.95250142
URY,WHOSIS_000015,2010,21.40840306
BHS,WHOSIS_000015,2011,20.69335519
IRQ,WHOSIS_000015,2013,19.90804497
JPN,WHOSIS_000015,2005,25.1602261
SYR,WHOSIS_000015,2005,18.63616626
GEO,WHOSIS_000015,2014,18.49501583
LUX,WHOSIS_000015,2013,24.18479758
CUB,WHOSIS_000015,2003,21.87587292
MWI,WHOSIS_000015,2008,14.35597101
MOZ,WHOSIS_000015,2011,13.97173994
MNE,WHOSIS_000015,2001,18.8054918
IRL,WHOSIS_000015,2018,24.09220595
BHR,WHOSIS_000015,2002,15.13039881
LAO,WHOSIS_000015,2009,16.34616032
ZAF,WHOSIS_000015,2020,17.04444597
GUY,WHOSIS_000015,2010,16.90799887
BDI,WHOSIS_000015,2002,13.41108067
TZA,WHOSIS_000015,2013,17.53716878
JOR,WHOSIS_000015,2009,21.07216853
MLI,WHOSIS_000015,2018,17.06289691
BGR,WHOSIS_000015,2000,17.60318779
AUT,WHOSIS_000015,2002,22.22608994
SDN,WHOSIS_000015,2020,17.86337385
NLD,WHOSIS_000015,2018,24.21544231
COD,WHOSIS_000015,2003,14.51044933
KEN,WHOSIS_000015,2019,17.37420401
BLR,WHOSIS_000015,2015,19.17733013
EGY,WHOSIS_000015,2011,17.10381767
SVK,WHOSIS_000015,2005,18.98387534
TJK,WHOSIS_000015,2018,19.94286068
LBY,WHOSIS_000015,2017,19.74990626
CAN,WHOSIS_000015,2002,22.74018023
LBY,WHOSIS_000015,2010,20.0282412
PER,WHOSIS_000015,2010,23.86319419
POL,WHOSIS_000015,2010,20.98142471
ARG,WHOSIS_000015,2013,21.32814112
BGR,WHOSIS_000015,2008,18.72643763
PRI,WHOSIS_000015,2020,24.85975997
PRY,WHOSIS_000015,2018,21.14422404
SSD,WHOSIS_000015,2005,15.67768983
AUT,WHOSIS_000015,2017,23.85334845
LVA,WHOSIS_000015,2014,20.19806142
GHA,WHOSIS_000015,2020,16.65871007
DEU,WHOSIS_000015,2015,23.21810677
EST,WHOSIS_000015,2003,18.87110797
MDA,WHOSIS_000015,2013,17.81909643
MUS,WHOSIS_000015,2021,19.87445259
SYR,WHOSIS_000015,2010,18.74707368
TGO,WHOSIS_000015,2003,15.12463098
URY,WHOSIS_000015,2003,20.49110275
ALB,WHOSIS_000015,2002,20.60641858
CAF,WHOSIS_000015,2009,11.8353995
MUS,WHOSIS_000015,2015,20.16611715
MRT,WHOSIS_000015,2008,18.29197894
TUR,WHOSIS_000015,2009,21.07658049
FSM,WHOSIS_000015,2019,16.03994448
UGA,WHOSIS_000015,2006,15.48251621
MYS,WHOSIS_000015,2017,19.57650103
SSD,WHOSIS_000015,2002,15.43544846
NOR,WHOSIS_000015,2001,22.02854562
ATG,WHOSIS_000015,2000,19.94261092
EST,WHOSIS_000015,2012,21.38601701
ECU,WHOSIS_000015,2016,22.43608497
ALB,WHOSIS_000015,2015,21.11179276
GAB,WHOSIS_000015,2001,14.50761996
ARM,WHOSIS_000015,2003,17.66077585
HTI,WHOSIS_000015,2014,15.97226353
MYS,WHOSIS_000015,2016,19.59035911
GUY,WHOSIS_000015,2003,16.20028334
ERI,WHOSIS_000015,2000,13.2240678
QAT,WHOSIS_000015,2009,16.74930628
JPN,WHOSIS_000015,2011,25.65474901
HUN,WHOSIS_000015,2018,20.03515614
SVK,WHOSIS_000015,2006,19.16065928
HTI,WHOSIS_000015,2018,16.22722149
GIN,WHOSIS_000015,2018,16.42226508
BWA,WHOSIS_000015,2006,15.82125838
WSM,WHOSIS_000015,2017,17.51976602
SGP,WHOSIS_000015,2015,25.07133363
THA,WHOSIS_000015,2021,22.74765278
TUN,WHOSIS_000015,2004,20.49830109
BRA,WHOSIS_000015,2001,19.8654418
GEO,WHOSIS_000015,2006,18.60839715
ETH,WHOSIS_000015,2014,18.13871966
ARM,WHOSIS_000015,2005,17.93185113
BGD,WHOSIS_000015,2008,18.3598523
GMB,WHOSIS_000015,2003,16.00447627
LSO,WHOSIS_000015,2004,11.84220533
MOZ,WHOSIS_000015,2003,14.64599917
UKR,WHOSIS_000015,2019,19.49329149
STP,WHOSIS_000015,2015,17.50722991
CMR,WHOSIS_000015,2011,15.66601176
BRN,WHOSIS_000015,2004,20.19599432
CUB,WHOSIS_000015,2001,21.3686036
UKR,WHOSIS_000015,2005,16.69056961
BOL,WHOSIS_000015,2002,18.06883551
WSM,WHOSIS_000015,2002,17.22012189
AUT,WHOSIS_000015,2016,23.93158758
MNE,WHOSIS_000015,2015,20.35792219
PAN,WHOSIS_000015,2001,21.94670748
PNG,WHOSIS_000015,2008,16.14383962
MDA,WHOSIS_000015,2012,17.25334471
STP,WHOSIS_000015,2012,17.44143996
TUN,WHOSIS_000015,2012,21.20583779
LUX,WHOSIS_000015,2017,24.68525188
TKM,WHOSIS_000015,2001,17.32254763
GIN,WHOSIS_000015,2015,15.9881184
LTU,WHOSIS_000015,2004,19.38670498
WB_UMI,WHOSIS_000015,2013,20.02663141
BEN,WHOSIS_000015,2001,16.31838183
MDA,WHOSIS_000015,2008,16.04845763
SYR,WHOSIS_000015,2012,18.47591376
TGO,WHOSIS_000015,2020,15.98336611
BDI,WHOSIS_000015,2000,12.73315326
LCA,WHOSIS_000015,2016,22.37449969
FSM,WHOSIS_000015,2020,15.46431721
MMR,WHOSIS_000015,2012,17.08387483
BEL,WHOSIS_000015,2011,23.37640838
SEN,WHOSIS_000015,2007,17.33857077
CAN,WHOSIS_000015,2018,24.79029936
LBN,WHOSIS_000015,2020,22.2261492
LAO,WHOSIS_000015,2010,16.54773873
LSO,WHOSIS_000015,2001,13.09619963
POL,WHOSIS_000015,2003,19.69037925
FSM,WHOSIS_000015,2021,15.79515307
KIR,WHOSIS_000015,2011,14.61954549
LKA,WHOSIS_000015,2001,19.65611326
TCD,WHOSIS_000015,2017,15.93355102
UGA,WHOSIS_000015,2005,15.13814579
ISL,WHOSIS_000015,2016,24.47564
AFG,WHOSIS_000015,2018,15.05852084
CAN,WHOSIS_000015,2003,22.88500286
NLD,WHOSIS_000015,2017,23.87412846
DNK,WHOSIS_000015,2012,22.73974451
KEN,WHOSIS_000015,2013,16.69894381
VCT,WHOSIS_000015,2006,20.63699126
LTU,WHOSIS_000015,2012,20.24945122
RWA,WHOSIS_000015,2007,16.3502379
MLT,WHOSIS_000015,2001,21.04083745
FIN,WHOSIS_000015,2017,24.0653898
IDN,WHOSIS_000015,2000,17.34750251
GEO,WHOSIS_000015,2015,18.55175917
ETH,WHOSIS_000015,2015,18.2480737
IDN,WHOSIS_000015,2008,17.30795043
ITA,WHOSIS_000015,2008,23.99177683
WB_LI,WHOSIS_000015,2020,16.58561096
DZA,WHOSIS_000015,2002,20.23826163
LVA,WHOSIS_000015,2000,18.30686956
SVK,WHOSIS_000015,2007,19.3086853
NER,WHOSIS_000015,2014,16.90888672
MNE,WHOSIS_000015,2004,18.6547746
NLD,WHOSIS_000015,2015,23.62729243
ETH,WHOSIS_000015,2003,14.43723178
BTN,WHOSIS_000015,2020,20.5136033
LVA,WHOSIS_000015,2010,19.21077328
UKR,WHOSIS_000015,2017,19.45561186
CAN,WHOSIS_000015,2007,23.59799323
LCA,WHOSIS_000015,2020,21.73756032
TLS,WHOSIS_000015,2021,17.44880986
OMN,WHOSIS_000015,2019,19.51055932
BEN,WHOSIS_000015,2010,17.01461425
MLI,WHOSIS_000015,2014,16.65713293
GHA,WHOSIS_000015,2000,15.82555107
NZL,WHOSIS_000015,2009,23.76908136
ESP,WHOSIS_000015,2019,25.38684821
RWA,WHOSIS_000015,2012,17.38394741
GEO,WHOSIS_000015,2004,17.36096392
TKM,WHOSIS_000015,2006,16.25255005
KHM,WHOSIS_000015,2011,16.87791737
GTM,WHOSIS_000015,2018,20.75605797
LVA,WHOSIS_000015,2018,20.40844355
BHS,WHOSIS_000015,2010,20.63558956
ROU,WHOSIS_000015,2013,20.03674642
BRN,WHOSIS_000015,2017,20.52671666
AZE,WHOSIS_000015,2017,19.92338573
BHR,WHOSIS_000015,2005,15.26791555
WSM,WHOSIS_000015,2012,17.59018498
BRN,WHOSIS_000015,2019,20.9242874
SEN,WHOSIS_000015,2012,17.67823066
NLD,WHOSIS_000015,2006,22.54623427
GEO,WHOSIS_000015,2010,18.03415749
DJI,WHOSIS_000015,2000,15.96903246
CHE,WHOSIS_000015,2017,25.26770451
URY,WHOSIS_000015,2004,20.71360548
PRY,WHOSIS_000015,2013,21.42895561
UZB,WHOSIS_000015,2003,13.21777018
IRL,WHOSIS_000015,2000,20.18570228
AFR,WHOSIS_000015,2015,17.12243235
MRT,WHOSIS_000015,2021,17.4245746
MMR,WHOSIS_000015,2017,17.77282858
BHS,WHOSIS_000015,2019,20.20485794
MRT,WHOSIS_000015,2014,18.63953547
HRV,WHOSIS_000015,2021,20.29464219
MKD,WHOSIS_000015,2013,19.26446835
COG,WHOSIS_000015,2019,15.56248566
SEAR,WHOSIS_000015,2016,18.81571085
TLS,WHOSIS_000015,2019,17.95840629
SEAR,WHOSIS_000015,2009,18.15024258
LUX,WHOSIS_000015,2014,24.37344554
PRI,WHOSIS_000015,2003,22.82345695
ATG,WHOSIS_000015,2007,19.66251623
TCD,WHOSIS_000015,2001,14.65382332
ATG,WHOSIS_000015,2004,20.53045972
ECU,WHOSIS_000015,2000,20.55528432
AZE,WHOSIS_000015,2009,16.62959105
MNG,WHOSIS_000015,2009,16.13221647
KIR,WHOSIS_000015,2020,14.56414306
GTM,WHOSIS_000015,2005,20.1268723
ISL,WHOSIS_000015,2003,23.20617713
WPR,WHOSIS_000015,2008,20.22650718
BWA,WHOSIS_000015,2002,13.93860963
EMR,WHOSIS_000015,2007,18.02524918
SRB,WHOSIS_000015,2008,18.48275079
SYC,WHOSIS_000015,2005,18.84426255
ITA,WHOSIS_000015,2009,24.0992369
RUS,WHOSIS_000015,2000,16.39318389
IDN,WHOSIS_000015,2014,17.71717424
JOR,WHOSIS_000015,2016,22.66627762
CMR,WHOSIS_000015,2007,15.08616601
WB_UMI,WHOSIS_000015,2012,19.83006183
HRV,WHOSIS_000015,2020,21.05494928
AGO,WHOSIS_000015,2018,16.39554075
TZA,WHOSIS_000015,2017,17.91340942
SUR,WHOSIS_000015,2013,20.61745104
BIH,WHOSIS_000015,2008,20.59953467
MDA,WHOSIS_000015,2017,18.69876986
WB_HI,WHOSIS_000015,2001,22.04273499
GNB,WHOSIS_000015,2015,14.10776576
BDI,WHOSIS_000015,2013,16.20306649
CIV,WHOSIS_000015,2008,15.255694
PRI,WHOSIS_000015,2019,25.31904308
TTO,WHOSIS_000015,2008,20.13128795
AGO,WHOSIS_000015,2011,15.75922108
ISL,WHOSIS_000015,2000,22.62111693
CUB,WHOSIS_000015,2013,22.18527523
BTN,WHOSIS_000015,2005,19.23573314
JAM,WHOSIS_000015,2001,18.50385319
CAN,WHOSIS_000015,2001,22.67040229
NAM,WHOSIS_000015,2017,16.27019476
PAN,WHOSIS_000015,2016,23.40957617
GRD,WHOSIS_000015,2011,17.88334865
GMB,WHOSIS_000015,2020,15.94735158
WB_HI,WHOSIS_000015,2013,23.81663299
BRB,WHOSIS_000015,2019,20.93891136
SLV,WHOSIS_000015,2015,21.28911434
CHE,WHOSIS_000015,2012,24.71580079
ZAF,WHOSIS_000015,2013,17.58845402
TLS,WHOSIS_000015,2002,18.12837317
GRD,WHOSIS_000015,2004,16.1163374
MRT,WHOSIS_000015,2004,17.67849722
GTM,WHOSIS_000015,2021,17.28191154
GEO,WHOSIS_000015,2016,18.42818325
DZA,WHOSIS_000015,2003,20.24954588
KWT,WHOSIS_000015,2020,22.32044925
HND,WHOSIS_000015,2003,19.25752864
SLB,WHOSIS_000015,2002,14.65830841
ARG,WHOSIS_000015,2012,21.32456481
NIC,WHOSIS_000015,2021,21.17029097
DEU,WHOSIS_000015,2013,23.12819719
AZE,WHOSIS_000015,2016,19.34194268
EST,WHOSIS_000015,2005,19.45303282
IDN,WHOSIS_000015,2007,17.28607823
VNM,WHOSIS_000015,2000,18.90941874
LCA,WHOSIS_000015,2009,22.14767514
GAB,WHOSIS_000015,2007,15.27953132
AFG,WHOSIS_000015,2001,13.13425771
MLI,WHOSIS_000015,2004,16.26729276
GMB,WHOSIS_000015,2021,15.73824949
MWI,WHOSIS_000015,2020,15.58820216
PHL,WHOSIS_000015,2010,18.01651913
GNB,WHOSIS_000015,2017,14.36277365
DJI,WHOSIS_000015,2006,16.33293408
ESP,WHOSIS_000015,2015,24.7076249
LVA,WHOSIS_000015,2012,19.72717736
ITA,WHOSIS_000015,2021,24.38122646
POL,WHOSIS_000015,2015,21.49055215
SOM,WHOSIS_000015,2005,12.70319278
MNE,WHOSIS_000015,2019,20.2538438
LBR,WHOSIS_000015,2015,16.39342461
BEL,WHOSIS_000015,2012,23.20664784
NOR,WHOSIS_000015,2006,23.14472725
RUS,WHOSIS_000015,2010,17.78650053
AUS,WHOSIS_000015,2021,25.68856914
EMR,WHOSIS_000015,2011,18.35705332
WB_LI,WHOSIS_000015,2018,17.08115854
BOL,WHOSIS_000015,2003,18.21854947
ESP,WHOSIS_000015,2001,22.89258493
GLOBAL,WHOSIS_000015,2012,20.35998526
MOZ,WHOSIS_000015,2012,13.95814287
MNG,WHOSIS_000015,2001,14.98446379
BGR,WHOSIS_000015,2017,19.51591865
ALB,WHOSIS_000015,2012,21.17209675
SAU,WHOSIS_000015,2021,20.08639906
WPR,WHOSIS_000015,2000,19.02354037
FJI,WHOSIS_000015,2014,15.68828156
FRA,WHOSIS_000015,2019,25.68524847
GUY,WHOSIS_000015,2011,16.94625976
BGD,WHOSIS_000015,2020,19.73070691
LVA,WHOSIS_000015,2007,18.37167922
UZB,WHOSIS_000015,2006,13.56840917
NGA,WHOSIS_000015,2016,18.31430382
KHM,WHOSIS_000015,2008,16.66404005
SLV,WHOSIS_000015,2020,19.92504809
CHL,WHOSIS_000015,2007,22.55232021
CRI,WHOSIS_000015,2003,23.08011503
PNG,WHOSIS_000015,2015,16.6254099
EST,WHOSIS_000015,2011,21.36359827
CRI,WHOSIS_000015,2017,24.40765132
ALB,WHOSIS_000015,2013,21.50140799
MEX,WHOSIS_000015,2007,21.85885007
NGA,WHOSIS_000015,2007,17.13738625
ALB,WHOSIS_000015,2011,21.5889414
FIN,WHOSIS_000015,2009,23.25376271
EGY,WHOSIS_000015,2016,16.79389641
SAU,WHOSIS_000015,2013,21.60682028
KEN,WHOSIS_000015,2005,16.27272838
SSD,WHOSIS_000015,2015,15.94909827
ERI,WHOSIS_000015,2014,14.63240293
UGA,WHOSIS_000015,2003,14.46529598
ETH,WHOSIS_000015,2001,13.83289019
RWA,WHOSIS_000015,2008,16.65516674
SOM,WHOSIS_000015,2009,12.95209891
FSM,WHOSIS_000015,2004,15.46969247
THA,WHOSIS_000015,2004,20.84779905
ZMB,WHOSIS_000015,2021,14.96351005
CYP,WHOSIS_000015,2016,23.96869453
MWI,WHOSIS_000015,2007,14.10692099
VUT,WHOSIS_000015,2006,15.33278815
BEL,WHOSIS_000015,2015,23.5766486
WPR,WHOSIS_000015,2021,21.7469163
STP,WHOSIS_000015,2002,16.98586003
BLR,WHOSIS_000015,2010,17.67666923
TUR,WHOSIS_000015,2019,21.25746889
EST,WHOSIS_000015,2014,21.66407717
MUS,WHOSIS_000015,2017,20.28036165
IRQ,WHOSIS_000015,2011,19.7071444
HTI,WHOSIS_000015,2011,15.69064948
BRA,WHOSIS_000015,2014,21.02791805
TLS,WHOSIS_000015,2011,18.1699617
FJI,WHOSIS_000015,2008,15.44221209
SLE,WHOSIS_000015,2020,16.13994326
COL,WHOSIS_000015,2001,20.3016876
ETH,WHOSIS_000015,2007,15.91759665
VEN,WHOSIS_000015,2002,21.56014348
MUS,WHOSIS_000015,2011,19.58035277
SYC,WHOSIS_000015,2019,19.3823347
ZWE,WHOSIS_000015,2000,13.60365256
BTN,WHOSIS_000015,2009,19.71476992
LBN,WHOSIS_000015,2007,21.55902804
DOM,WHOSIS_000015,2013,21.86001832
FIN,WHOSIS_000015,2019,24.36080945
MMR,WHOSIS_000015,2011,16.85224266
IRQ,WHOSIS_000015,2006,19.28952786
PHL,WHOSIS_000015,2009,17.84926812
AGO,WHOSIS_000015,2013,16.04107475
LKA,WHOSIS_000015,2020,24.40206861
BEN,WHOSIS_000015,2008,16.95876479
AMR,WHOSIS_000015,2012,22.45345438
MNG,WHOSIS_000015,2000,15.14747163
PRY,WHOSIS_000015,2007,21.89684363
DJI,WHOSIS_000015,2007,16.51327403
PHL,WHOSIS_000015,2018,17.70260635
WB_UMI,WHOSIS_000015,2006,18.87060592
MUS,WHOSIS_000015,2000,17.81454237
NAM,WHOSIS_000015,2009,15.45617922
BTN,WHOSIS_000015,2000,18.24464605
SYC,WHOSIS_000015,2015,19.52638479
ZAF,WHOSIS_000015,2002,16.64317429
CIV,WHOSIS_000015,2018,16.89889709
GMB,WHOSIS_000015,2004,16.00455467
PRT,WHOSIS_000015,2004,22.14078345
YEM,WHOSIS_000015,2001,16.97777592
PAN,WHOSIS_000015,2007,22.58913029
LKA,WHOSIS_000015,2017,21.17564395
KEN,WHOSIS_000015,2016,17.06351066
EUR,WHOSIS_000015,2020,21.34859031
IRQ,WHOSIS_000015,2004,19.23182804
GMB,WHOSIS_000015,2002,16.02185406
HND,WHOSIS_000015,2016,17.79379899
DEU,WHOSIS_000015,2010,23.16570343
VNM,WHOSIS_000015,2004,18.79906076
VNM,WHOSIS_000015,2014,19.13589594
MWI,WHOSIS_000015,2021,15.27900022
EUR,WHOSIS_000015,2014,21.92517902
GLOBAL,WHOSIS_000015,2005,19.27447788
TGO,WHOSIS_000015,2005,15.16839456
TUR,WHOSIS_000015,2020,19.82148207
LTU,WHOSIS_000015,2010,19.81142068
STP,WHOSIS_000015,2007,17.15492
GNB,WHOSIS_000015,2004,13.12608781
ARG,WHOSIS_000015,2011,21.16306601
GUY,WHOSIS_000015,2021,15.85199466
TCD,WHOSIS_000015,2006,14.93946129
FSM,WHOSIS_000015,2011,15.74742537
NPL,WHOSIS_000015,2014,18.51145307
WB_UMI,WHOSIS_000015,2007,19.1318138
CPV,WHOSIS_000015,2019,19.58726929
CYP,WHOSIS_000015,2004,22.30479287
KIR,WHOSIS_000015,2000,14.21377596
BLR,WHOSIS_000015,2019,19.67089003
SVN,WHOSIS_000015,2019,23.8236893
TKM,WHOSIS_000015,2009,18.02759136
PRI,WHOSIS_000015,2001,22.13463902
BOL,WHOSIS_000015,2021,13.83951499
SLB,WHOSIS_000015,2010,15.01714036
POL,WHOSIS_000015,2020,20.55251892
AFG,WHOSIS_000015,2003,13.40411981
GIN,WHOSIS_000015,2012,15.83516647
BEN,WHOSIS_000015,2021,17.36055839
URY,WHOSIS_000015,2011,21.57805366
MEX,WHOSIS_000015,2004,21.60036005
LTU,WHOSIS_000015,2015,20.29643445
GUY,WHOSIS_000015,2018,18.26633783
TTO,WHOSIS_000015,2012,21.715063
LUX,WHOSIS_000015,2005,22.57075342
NZL,WHOSIS_000015,2015,24.28120003
BEN,WHOSIS_000015,2000,16.22864649
SDN,WHOSIS_000015,2015,18.9236294
GUY,WHOSIS_000015,2007,16.61324993
WPR,WHOSIS_000015,2004,19.16005311
AMR,WHOSIS_000015,2009,22.26294429
SDN,WHOSIS_000015,2013,18.80261163
SVN,WHOSIS_000015,2001,20.72133553
COM,WHOSIS_000015,2021,17.17791337
USA,WHOSIS_000015,2011,23.03726159
TON,WHOSIS_000015,2015,18.79913122
LVA,WHOSIS_000015,2013,19.9905794
GIN,WHOSIS_000015,2003,15.48949547
ESP,WHOSIS_000015,2016,25.07616612
ALB,WHOSIS_000015,2003,19.912964
DOM,WHOSIS_000015,2014,22.15987539
DOM,WHOSIS_000015,2017,22.34877324
ARE,WHOSIS_000015,2009,23.72763398
MMR,WHOSIS_000015,2019,17.9161972
BGD,WHOSIS_000015,2002,17.43467049
AMR,WHOSIS_000015,2018,22.60593627
SLV,WHOSIS_000015,2014,21.38045248
GLOBAL,WHOSIS_000015,2006,19.58869762
SWZ,WHOSIS_000015,2016,13.57147256
DJI,WHOSIS_000015,2015,17.17086995
AUS,WHOSIS_000015,2002,23.35313707
ZAF,WHOSIS_000015,2015,17.62515884
SDN,WHOSIS_000015,2016,18.97339985
LVA,WHOSIS_000015,2003,18.2239115
NGA,WHOSIS_000015,2019,18.61056669
KAZ,WHOSIS_000015,2013,18.13797604
RUS,WHOSIS_000015,2015,19.1135714
WSM,WHOSIS_000015,2013,17.58782305
BEL,WHOSIS_000015,2001,21.90538274
PNG,WHOSIS_000015,2009,16.24485215
WB_LI,WHOSIS_000015,2009,16.13954327
CRI,WHOSIS_000015,2000,22.54607118
NLD,WHOSIS_000015,2007,22.86600726
ZMB,WHOSIS_000015,2011,15.12085376
BLR,WHOSIS_000015,2018,19.41941275
AGO,WHOSIS_000015,2000,14.03890374
TJK,WHOSIS_000015,2019,20.10328131
LKA,WHOSIS_000015,2009,19.86701289
KIR,WHOSIS_000015,2019,15.14463506
BTN,WHOSIS_000015,2012,19.94051426
EGY,WHOSIS_000015,2021,14.94538984
TKM,WHOSIS_000015,2020,17.42179071
AUS,WHOSIS_000015,2014,25.05188367
SEAR,WHOSIS_000015,2011,18.34777141
SRB,WHOSIS_000015,2010,18.65666323
SLE,WHOSIS_000015,2018,16.506589
WSM,WHOSIS_000015,2000,17.07805063
TZA,WHOSIS_000015,2004,16.00159028
MYS,WHOSIS_000015,2006,19.06372181
PER,WHOSIS_000015,2012,24.29279527
SUR,WHOSIS_000015,2020,20.61900377
DZA,WHOSIS_000015,2017,21.42315462
NOR,WHOSIS_000015,2011,23.70336448
NZL,WHOSIS_000015,2011,23.94342632
COG,WHOSIS_000015,2005,14.02647237
ETH,WHOSIS_000015,2012,17.72199839
ARE,WHOSIS_000015,2002,21.50416036
NZL,WHOSIS_000015,2002,22.34778911
MLI,WHOSIS_000015,2020,16.27997415
EST,WHOSIS_000015,2000,18.60678725
EMR,WHOSIS_000015,2021,17.25918155
UKR,WHOSIS_000015,2011,18.22424265
SLV,WHOSIS_000015,2002,21.85583414
STP,WHOSIS_000015,2001,16.98739402
CHN,WHOSIS_000015,2010,19.38114383
IND,WHOSIS_000015,2010,18.16428922
LTU,WHOSIS_000015,2008,19.46921404
ATG,WHOSIS_000015,2013,20.35398202
DNK,WHOSIS_000015,2017,23.40127447
BTN,WHOSIS_000015,2010,19.8142754
PSE,WHOSIS_000015,2001,17.29572617
MRT,WHOSIS_000015,2001,17.16142994
MDA,WHOSIS_000015,2000,14.93310548
PRT,WHOSIS_000015,2001,21.47935898
VUT,WHOSIS_000015,2002,15.25413399
EMR,WHOSIS_000015,2012,18.39056634
BDI,WHOSIS_000015,2015,16.40705102
ESP,WHOSIS_000015,2012,24.51119467
HUN,WHOSIS_000015,2000,17.95830806
ISR,WHOSIS_000015,2003,22.42208294
SAU,WHOSIS_000015,2020,20.03225487
IRN,WHOSIS_000015,2001,20.64518434
TKM,WHOSIS_000015,2005,16.13789625
HRV,WHOSIS_000015,2011,20.92410711
JOR,WHOSIS_000015,2017,22.97096097
NIC,WHOSIS_000015,2003,23.16338805
YEM,WHOSIS_000015,2021,16.59617551
VCT,WHOSIS_000015,2002,19.83602056
SEAR,WHOSIS_000015,2004,17.71769854
PRY,WHOSIS_000015,2006,21.9294279
KGZ,WHOSIS_000015,2001,17.07679663
MNG,WHOSIS_000015,2021,17.91422185
PNG,WHOSIS_000015,2016,16.64700534
SLV,WHOSIS_000015,2012,22.45673768
UGA,WHOSIS_000015,2014,17.24131818
TLS,WHOSIS_000015,2013,18.00102006
DNK,WHOSIS_000015,2014,23.19542497
MEX,WHOSIS_000015,2008,21.53351637
PER,WHOSIS_000015,2009,23.90142786
FIN,WHOSIS_000015,2001,21.87339762
SLV,WHOSIS_000015,2021,19.93692134
STP,WHOSIS_000015,2009,17.30907336
ARE,WHOSIS_000015,2008,23.79891607
RWA,WHOSIS_000015,2020,17.82591393
CIV,WHOSIS_000015,2017,16.74030183
WSM,WHOSIS_000015,2014,17.55485345
MNE,WHOSIS_000015,2017,20.57334796
ATG,WHOSIS_000015,2018,20.20909197
TLS,WHOSIS_000015,2008,18.27300693
ARM,WHOSIS_000015,2020,17.83601331
PAK,WHOSIS_000015,2018,17.92909369
VEN,WHOSIS_000015,2020,20.11724278
BHS,WHOSIS_000015,2007,20.98703959
WB_LMI,WHOSIS_000015,2003,17.31887655
FSM,WHOSIS_000015,2000,15.21350094
GLOBAL,WHOSIS_000015,2009,19.97959363
NGA,WHOSIS_000015,2014,18.1082415
CZE,WHOSIS_000015,2011,21.19371291
VCT,WHOSIS_000015,2016,20.75684442
EMR,WHOSIS_000015,2010,18.27964002
UZB,WHOSIS_000015,2011,14.61074477
UGA,WHOSIS_000015,2000,13.92565394
NER,WHOSIS_000015,2016,17.03410109
CHL,WHOSIS_000015,2008,23.26909219
EUR,WHOSIS_000015,2002,19.67198293
PAN,WHOSIS_000015,2014,23.20745062
SWZ,WHOSIS_000015,2010,12.01778558
ITA,WHOSIS_000015,2019,25.13758907
SOM,WHOSIS_000015,2003,12.55249828
ROU,WHOSIS_000015,2008,19.15987431
KAZ,WHOSIS_000015,2016,18.70061376
HRV,WHOSIS_000015,2007,20.07249201
FIN,WHOSIS_000015,2005,22.8070723
ISL,WHOSIS_000015,2007,23.54889807
TUR,WHOSIS_000015,2017,20.92371768
ETH,WHOSIS_000015,2018,18.59853448
DZA,WHOSIS_000015,2018,21.40551412
HRV,WHOSIS_000015,2005,19.70836132
CAN,WHOSIS_000015,2011,24.36586898
PER,WHOSIS_000015,2006,24.0817102
MOZ,WHOSIS_000015,2006,14.41768701
COM,WHOSIS_000015,2014,17.83951102
SSD,WHOSIS_000015,2014,15.96004771
FIN,WHOSIS_000015,2016,23.87113592
RUS,WHOSIS_000015,2005,16.41920033
DZA,WHOSIS_000015,2004,20.40233449
BRN,WHOSIS_000015,2000,19.58223422
URY,WHOSIS_000015,2009,21.71334331
NZL,WHOSIS_000015,2004,22.64713779
ITA,WHOSIS_000015,2016,24.99521515
IRL,WHOSIS_000015,2011,23.26583937
BWA,WHOSIS_000015,2017,17.54663717
SYR,WHOSIS_000015,2006,18.75976695
MMR,WHOSIS_000015,2009,16.4175679
SAU,WHOSIS_000015,2001,17.38159032
WB_LI,WHOSIS_000015,2010,16.21546086
IND,WHOSIS_000015,2018,18.44900544
UGA,WHOSIS_000015,2019,17.69688518
CYP,WHOSIS_000015,2013,24.11788674
RUS,WHOSIS_000015,2001,16.33337883
PRI,WHOSIS_000015,2005,22.9676086
EST,WHOSIS_000015,2007,19.67533332
BWA,WHOSIS_000015,2018,17.80353757
TLS,WHOSIS_000015,2005,18.26590387
LUX,WHOSIS_000015,2011,23.86866191
LSO,WHOSIS_000015,2012,12.14081654
CMR,WHOSIS_000015,2019,16.79676876
EGY,WHOSIS_000015,2010,16.94579504
TZA,WHOSIS_000015,2008,16.73212711
BGR,WHOSIS_000015,2018,19.64968114
USA,WHOSIS_000015,2019,23.23711251
MWI,WHOSIS_000015,2009,14.60742492
AFG,WHOSIS_000015,2015,14.92862864
WB_HI,WHOSIS_000015,2014,24.01036037
BWA,WHOSIS_000015,2012,15.98781127
SUR,WHOSIS_000015,2007,20.27856395
AZE,WHOSIS_000015,2001,16.52297757
QAT,WHOSIS_000015,2001,15.08086326
PSE,WHOSIS_000015,2008,17.42507016
CIV,WHOSIS_000015,2007,15.09110763
LUX,WHOSIS_000015,2016,24.59423896
WB_HI,WHOSIS_000015,2017,24.02266754
NPL,WHOSIS_000015,2015,18.27749685
TON,WHOSIS_000015,2010,18.59869017
SUR,WHOSIS_000015,2004,19.33497105
NOR,WHOSIS_000015,2015,24.19713932
CUB,WHOSIS_000015,2004,21.74734672
CIV,WHOSIS_000015,2011,15.60116148
IRN,WHOSIS_000015,2004,20.94741386
GIN,WHOSIS_000015,2021,16.33463833
SGP,WHOSIS_000015,2014,24.84527519
EMR,WHOSIS_000015,2018,18.82220375
BRB,WHOSIS_000015,2010,21.2661746
NZL,WHOSIS_000015,2017,24.21431843
CHN,WHOSIS_000015,2003,18.04791543
ARM,WHOSIS_000015,2014,19.08982924
YEM,WHOSIS_000015,2005,17.45958694
PRI,WHOSIS_000015,2018,25.39739031
SWZ,WHOSIS_000015,2005,11.15689862
CZE,WHOSIS_000015,2014,21.75987712
JAM,WHOSIS_000015,2002,18.98286839
WB_HI,WHOSIS_000015,2002,22.12685399
BIH,WHOSIS_000015,2015,20.54841501
ATG,WHOSIS_000015,2010,20.29572821
NIC,WHOSIS_000015,2004,23.07163603
TUN,WHOSIS_000015,2000,20.26779448
BGR,WHOSIS_000015,2002,17.96326439
BGR,WHOSIS_000015,2006,18.30353696
STP,WHOSIS_000015,2018,17.69674945
PRT,WHOSIS_000015,2021,23.98575494
FIN,WHOSIS_000015,2020,24.31046785
DJI,WHOSIS_000015,2005,16.26041553
ZMB,WHOSIS_000015,2016,15.7768328
AFR,WHOSIS_000015,2017,17.36200148
AGO,WHOSIS_000015,2015,16.40929808
FJI,WHOSIS_000015,2003,14.90155763
CYP,WHOSIS_000015,2010,23.68301241
KOR,WHOSIS_000015,2021,26.16439506
MNG,WHOSIS_000015,2018,18.21003931
TLS,WHOSIS_000015,2004,18.23509957
NOR,WHOSIS_000015,2020,24.89418974
DZA,WHOSIS_000015,2012,21.03775548
NPL,WHOSIS_000015,2018,18.54833717
CIV,WHOSIS_000015,2000,14.58738491
NLD,WHOSIS_000015,2013,23.59278489
ZMB,WHOSIS_000015,2003,13.20150169
MEX,WHOSIS_000015,2018,22.27799995
CUB,WHOSIS_000015,2019,21.56952033
TUR,WHOSIS_000015,2018,21.3004571
LTU,WHOSIS_000015,2017,20.76874102
SEN,WHOSIS_000015,2019,17.90351657
PRI,WHOSIS_000015,2016,24.87449102
SYC,WHOSIS_000015,2004,18.88629339
GLOBAL,WHOSIS_000015,2017,20.87035848
EUR,WHOSIS_000015,2018,22.23707473
RUS,WHOSIS_000015,2002,16.04913696
BGD,WHOSIS_000015,2007,18.07742203
TJK,WHOSIS_000015,2005,16.76412785
BIH,WHOSIS_000015,2003,20.42553389
OMN,WHOSIS_000015,2000,17.73102541
SEN,WHOSIS_000015,2002,16.75072708
SRB,WHOSIS_000015,2013,19.30682763
UGA,WHOSIS_000015,2020,17.3299693
LBY,WHOSIS_000015,2005,20.35284566
WPR,WHOSIS_000015,2002,19.16185384
IRN,WHOSIS_000015,2006,21.23889602
UKR,WHOSIS_000015,2007,17.14125603
COM,WHOSIS_000015,2018,18.06183791
IRL,WHOSIS_000015,2008,22.6201293
TCD,WHOSIS_000015,2007,15.02512625
SEN,WHOSIS_000015,2005,17.12872181
SUR,WHOSIS_000015,2019,20.68990284
AFG,WHOSIS_000015,2008,14.07866752
CUB,WHOSIS_000015,2016,21.98930604
DOM,WHOSIS_000015,2002,22.46335428
LTU,WHOSIS_000015,2002,19.1793922
USA,WHOSIS_000015,2012,23.13527285
NLD,WHOSIS_000015,2000,21.32364525
BDI,WHOSIS_000015,2021,16.04668987
BIH,WHOSIS_000015,2021,18.34285697
AUT,WHOSIS_000015,2013,23.61643538
IDN,WHOSIS_000015,2013,17.63627974
PRI,WHOSIS_000015,2004,22.81416938
EUR,WHOSIS_000015,2017,22.14097757
TGO,WHOSIS_000015,2018,16.23673092
DJI,WHOSIS_000015,2003,16.1058491
HRV,WHOSIS_000015,2013,21.33788547
AFR,WHOSIS_000015,2006,15.93317138
BRA,WHOSIS_000015,2007,20.48254687
SLV,WHOSIS_000015,2019,22.00822022
KHM,WHOSIS_000015,2019,17.32014798
EUR,WHOSIS_000015,2009,21.09021714
BHR,WHOSIS_000015,2017,18.84949311
BRB,WHOSIS_000015,2003,20.28249979
COL,WHOSIS_000015,2017,22.55035437
AZE,WHOSIS_000015,2021,18.4425435
BTN,WHOSIS_000015,2008,19.66374583
BGD,WHOSIS_000015,2017,20.35285278
BHR,WHOSIS_000015,2009,16.92072325
CPV,WHOSIS_000015,2020,19.10650779
CYP,WHOSIS_000015,2011,23.76732553
TUN,WHOSIS_000015,2008,20.82502457
HTI,WHOSIS_000015,2007,15.51046333
QAT,WHOSIS_000015,2007,16.12561146
CRI,WHOSIS_000015,2015,24.64265792
MAR,WHOSIS_000015,2007,19.00731216
EST,WHOSIS_000015,2013,21.51381789
AFG,WHOSIS_000015,2000,13.14075398
BOL,WHOSIS_000015,2001,17.98597331
AUS,WHOSIS_000015,2015,25.01702235
AMR,WHOSIS_000015,2004,21.51007257
SYR,WHOSIS_000015,2013,18.52292342
CAN,WHOSIS_000015,2013,24.53386046
BTN,WHOSIS_000015,2021,20.85984609
GNB,WHOSIS_000015,2005,13.20399726
UGA,WHOSIS_000015,2004,14.7660439
EGY,WHOSIS_000015,2020,15.86903998
SAU,WHOSIS_000015,2008,18.86350909
MLT,WHOSIS_000015,2019,24.58946258
IDN,WHOSIS_000015,2003,17.31878935
FIN,WHOSIS_000015,2003,22.13409718
BOL,WHOSIS_000015,2007,18.60463824
PRY,WHOSIS_000015,2021,17.23450931
CUB,WHOSIS_000015,2021,18.11544533
MMR,WHOSIS_000015,2013,17.2567718
JAM,WHOSIS_000015,2008,18.32231326
TUR,WHOSIS_000015,2014,20.91044046
KWT,WHOSIS_000015,2017,25.61865209
HUN,WHOSIS_000015,2013,20.04289331
MDG,WHOSIS_000015,2008,15.64004279
LVA,WHOSIS_000015,2005,18.17629
THA,WHOSIS_000015,2010,22.17480481
BGD,WHOSIS_000015,2003,17.53626186
COL,WHOSIS_000015,2012,22.25861579
MYS,WHOSIS_000015,2019,19.79903923
IND,WHOSIS_000015,2002,17.65496596
KEN,WHOSIS_000015,2002,16.52370232
ARE,WHOSIS_000015,2011,23.16820778
CMR,WHOSIS_000015,2003,14.72055592
KHM,WHOSIS_000015,2014,17.07898135
PRI,WHOSIS_000015,2010,24.13832873
PAK,WHOSIS_000015,2008,17.02094708
MDG,WHOSIS_000015,2010,15.72670973
EMR,WHOSIS_000015,2013,18.6053204
GAB,WHOSIS_000015,2014,16.03476429
QAT,WHOSIS_000015,2006,15.82079501
SLB,WHOSIS_000015,2014,15.25841226
QAT,WHOSIS_000015,2008,16.46242286
PSE,WHOSIS_000015,2003,17.29632762
LKA,WHOSIS_000015,2005,19.59252052
FSM,WHOSIS_000015,2012,15.79447483
BIH,WHOSIS_000015,2019,20.53511988
CPV,WHOSIS_000015,2006,21.52282635
MMR,WHOSIS_000015,2006,15.74845584
DOM,WHOSIS_000015,2020,21.24084594
PRY,WHOSIS_000015,2015,21.38481454
VUT,WHOSIS_000015,2021,15.64462395
PRY,WHOSIS_000015,2003,22.31083228
BTN,WHOSIS_000015,2001,18.65979232
SLE,WHOSIS_000015,2017,16.30151645
NIC,WHOSIS_000015,2007,23.16755267
PRT,WHOSIS_000015,2005,21.9342575
SGP,WHOSIS_000015,2013,24.62133885
DJI,WHOSIS_000015,2004,16.12791485
IRL,WHOSIS_000015,2007,22.40032205
NIC,WHOSIS_000015,2019,24.50439571
TON,WHOSIS_000015,2016,18.85510466
MUS,WHOSIS_000015,2010,19.42597592
PHL,WHOSIS_000015,2020,17.65144512
KIR,WHOSIS_000015,2009,14.60354208
EMR,WHOSIS_000015,2005,17.76191067
GMB,WHOSIS_000015,2011,16.22208349
KHM,WHOSIS_000015,2009,16.73325753
MYS,WHOSIS_000015,2001,18.61535595
MWI,WHOSIS_000015,2003,13.31496442
MYS,WHOSIS_000015,2014,19.58482468
WB_LI,WHOSIS_000015,2021,16.48374448
AUT,WHOSIS_000015,2015,23.594043
UKR,WHOSIS_000015,2003,16.73096335
TCD,WHOSIS_000015,2016,15.89191772
CZE,WHOSIS_000015,2017,21.82624538
NPL,WHOSIS_000015,2004,18.56328448
LBY,WHOSIS_000015,2011,19.7652017
FSM,WHOSIS_000015,2001,15.29181302
CAF,WHOSIS_000015,2018,12.47503006
JOR,WHOSIS_000015,2011,21.393655
PHL,WHOSIS_000015,2012,17.78914463
WPR,WHOSIS_000015,2015,21.3332786
VUT,WHOSIS_000015,2013,15.90334311
GAB,WHOSIS_000015,2020,15.84096308
TUR,WHOSIS_000015,2015,20.74024502
EMR,WHOSIS_000015,2008,18.11689836
BOL,WHOSIS_000015,2009,18.70297198
SEN,WHOSIS_000015,2006,17.25685357
PRK,WHOSIS_000015,2003,17.70280625
TTO,WHOSIS_000015,2018,21.42495785
DNK,WHOSIS_000015,2018,23.26410711
KAZ,WHOSIS_000015,2010,17.22542603
CPV,WHOSIS_000015,2005,20.83653858
KEN,WHOSIS_000015,2000,16.71432994
SDN,WHOSIS_000015,2002,17.58754085
LCA,WHOSIS_000015,2010,22.52230387
DNK,WHOSIS_000015,2003,20.89375794
NER,WHOSIS_000015,2011,16.73932307
IRN,WHOSIS_000015,2011,22.17358886
KGZ,WHOSIS_000015,2009,17.33082968
HUN,WHOSIS_000015,2021,18.68027418
MMR,WHOSIS_000015,2000,14.80213758
BEL,WHOSIS_000015,2014,23.8774097
KHM,WHOSIS_000015,2010,16.80076676
NOR,WHOSIS_000015,2005,22.99694701
DOM,WHOSIS_000015,2007,21.55003643
EUR,WHOSIS_000015,2015,21.89002848
AZE,WHOSIS_000015,2000,16.00106628
AMR,WHOSIS_000015,2005,21.61744218
MUS,WHOSIS_000015,2004,18.21907234
AGO,WHOSIS_000015,2003,14.53417377
LSO,WHOSIS_000015,2020,12.83167197
KWT,WHOSIS_000015,2002,22.53879593
AZE,WHOSIS_000015,2002,16.34120018
ISR,WHOSIS_000015,2014,24.43271158
SEN,WHOSIS_000015,2010,17.56310776
DOM,WHOSIS_000015,2003,22.08506303
TJK,WHOSIS_000015,2014,19.00792962
BFA,WHOSIS_000015,2017,16.5328442
NZL,WHOSIS_000015,2001,22.1364772
BHS,WHOSIS_000015,2009,20.67063326
MDG,WHOSIS_000015,2009,15.67886149
BWA,WHOSIS_000015,2008,15.73389469
OMN,WHOSIS_000015,2012,18.57096979
EMR,WHOSIS_000015,2020,17.42080143
ESP,WHOSIS_000015,2007,23.73675836
BRN,WHOSIS_000015,2010,20.84390889
CHN,WHOSIS_000015,2017,20.76357371
SRB,WHOSIS_000015,2005,17.63394599
STP,WHOSIS_000015,2011,17.46101562
NGA,WHOSIS_000015,2005,16.81146789
WB_LI,WHOSIS_000015,2001,14.88985113
BIH,WHOSIS_000015,2011,20.66906445
ROU,WHOSIS_000015,2014,19.97698826
MNG,WHOSIS_000015,2012,16.91726653
CHL,WHOSIS_000015,2014,23.78901162
PRK,WHOSIS_000015,2014,18.10016791
BOL,WHOSIS_000015,2011,18.76168346
GRD,WHOSIS_000015,2007,16.56692368
AFR,WHOSIS_000015,2007,16.08669956
NAM,WHOSIS_000015,2018,16.35600311
PRI,WHOSIS_000015,2000,22.11150439
QAT,WHOSIS_000015,2011,17.91109797
NLD,WHOSIS_000015,2011,23.53835339
AFG,WHOSIS_000015,2002,13.2193292
SYC,WHOSIS_000015,2012,19.49262889
GIN,WHOSIS_000015,2009,15.64070001
KHM,WHOSIS_000015,2005,16.26266404
AGO,WHOSIS_000015,2001,14.22573837
ATG,WHOSIS_000015,2015,20.250021
RWA,WHOSIS_000015,2001,13.15915584
HND,WHOSIS_000015,2013,17.54828794
OMN,WHOSIS_000015,2020,17.83044299
GBR,WHOSIS_000015,2006,22.56052564
PSE,WHOSIS_000015,2013,18.79235717
ZAF,WHOSIS_000015,2008,16.50171687
SRB,WHOSIS_000015,2015,19.29573929
PRT,WHOSIS_000015,2006,22.53854514
KAZ,WHOSIS_000015,2012,17.59015873
NPL,WHOSIS_000015,2020,17.98744551
MWI,WHOSIS_000015,2015,15.75284793
SWE,WHOSIS_000015,2003,22.71582149
IRL,WHOSIS_000015,2015,23.65784396
IDN,WHOSIS_000015,2001,17.34646448
CHN,WHOSIS_000015,2005,18.29722364
IRL,WHOSIS_000015,2017,24.03896521
AFR,WHOSIS_000015,2012,16.78626411
MLI,WHOSIS_000015,2005,16.35343218
AUS,WHOSIS_000015,2007,24.29351353
ARG,WHOSIS_000015,2007,20.46592956
PRI,WHOSIS_000015,2012,24.37805362
GUY,WHOSIS_000015,2016,17.63808766
DZA,WHOSIS_000015,2009,20.82473243
NER,WHOSIS_000015,2015,17.00419802
LBR,WHOSIS_000015,2004,15.92739514
SLE,WHOSIS_000015,2021,16.63244538
GBR,WHOSIS_000015,2015,23.52313598
TCD,WHOSIS_000015,2015,15.8049422
TCD,WHOSIS_000015,2008,15.0539791
KIR,WHOSIS_000015,2003,14.41652954
SOM,WHOSIS_000015,2006,12.7695699
CPV,WHOSIS_000015,2007,21.73324289
PSE,WHOSIS_000015,2017,19.66986037
LBY,WHOSIS_000015,2004,20.3211723
NIC,WHOSIS_000015,2018,24.44351338
COM,WHOSIS_000015,2008,17.40473984
KWT,WHOSIS_000015,2005,22.69188462
LKA,WHOSIS_000015,2014,20.55673834
PRT,WHOSIS_000015,2002,21.56595082
SLV,WHOSIS_000015,2018,22.28168982
GMB,WHOSIS_000015,2010,16.1931177
BLZ,WHOSIS_000015,2000,18.51737547
MLT,WHOSIS_000015,2017,24.54450046
ERI,WHOSIS_000015,2010,14.11934259
ETH,WHOSIS_000015,2013,17.96396833
SLB,WHOSIS_000015,2001,14.65137157
MKD,WHOSIS_000015,2001,18.20906034
CAF,WHOSIS_000015,2007,11.58812568
BLR,WHOSIS_000015,2011,17.98073788
GEO,WHOSIS_000015,2007,18.87316121
LVA,WHOSIS_000015,2008,18.86341459
MKD,WHOSIS_000015,2018,19.86985852
MAR,WHOSIS_000015,2003,19.13209837
ARE,WHOSIS_000015,2007,23.6055517
COG,WHOSIS_000015,2006,14.22092238
PRI,WHOSIS_000015,2015,25.00754565
BOL,WHOSIS_000015,2006,18.59216596
SWE,WHOSIS_000015,2015,24.02194907
PAK,WHOSIS_000015,2017,17.82690787
GAB,WHOSIS_000015,2003,14.66162443
BEN,WHOSIS_000015,2004,16.64822892
PER,WHOSIS_000015,2005,23.75766697
MDA,WHOSIS_000015,2014,17.70936041
LBN,WHOSIS_000015,2013,22.08044634
VNM,WHOSIS_000015,2001,18.89043172
CHE,WHOSIS_000015,2015,24.82196461
ZMB,WHOSIS_000015,2006,14.11503126
URY,WHOSIS_000015,2014,22.01388916
GUY,WHOSIS_000015,2015,17.33061781
JAM,WHOSIS_000015,2020,18.76311374
RWA,WHOSIS_000015,2016,17.74236589
BFA,WHOSIS_000015,2013,16.13818564
BLZ,WHOSIS_000015,2003,20.10600948
SAU,WHOSIS_000015,2009,19.48687398
VCT,WHOSIS_000015,2013,20.56744911
GTM,WHOSIS_000015,2010,20.67869085
ALB,WHOSIS_000015,2005,19.9075264
MDV,WHOSIS_000015,2004,17.24470252
USA,WHOSIS_000015,2013,23.10772608
MDA,WHOSIS_000015,2002,14.84229548
LBY,WHOSIS_000015,2019,19.90152515
NER,WHOSIS_000015,2001,15.79489298
ITA,WHOSIS_000015,2006,23.80254816
MNE,WHOSIS_000015,2021,18.38274647
BRN,WHOSIS_000015,2006,20.52063698
MNE,WHOSIS_000015,2006,18.94606575
BLZ,WHOSIS_000015,2014,21.73664675
PAK,WHOSIS_000015,2012,17.40830109
EST,WHOSIS_000015,2019,22.49883118
JAM,WHOSIS_000015,2011,19.07822205
WB_UMI,WHOSIS_000015,2005,18.41598726
JAM,WHOSIS_000015,2006,19.73959455
WB_LI,WHOSIS_000015,2008,16.01069786
WPR,WHOSIS_000015,2011,20.51842915
MKD,WHOSIS_000015,2007,18.01746575
USA,WHOSIS_000015,2000,21.3384137
LBR,WHOSIS_000015,2000,15.44814237
TUN,WHOSIS_000015,2006,20.6617299
BLZ,WHOSIS_000015,2011,21.71919709
WB_HI,WHOSIS_000015,2021,23.42491976
SYR,WHOSIS_000015,2009,18.76646767
PER,WHOSIS_000015,2004,23.43477119
ISR,WHOSIS_000015,2010,24.14165789
CHE,WHOSIS_000015,2000,22.98729168
BRA,WHOSIS_000015,2018,21.31898905
CRI,WHOSIS_000015,2011,24.39402431
CPV,WHOSIS_000015,2001,20.74511251
NPL,WHOSIS_000015,2007,18.63277169
PSE,WHOSIS_000015,2012,18.25067124
SRB,WHOSIS_000015,2004,17.62357968
SDN,WHOSIS_000015,2019,19.04331081
KOR,WHOSIS_000015,2017,25.56158832
JAM,WHOSIS_000015,2004,19.11357568
WB_UMI,WHOSIS_000015,2002,18.1514234
KGZ,WHOSIS_000015,2002,16.22659168
MYS,WHOSIS_000015,2015,19.40285045
KAZ,WHOSIS_000015,2019,19.15182192
GRC,WHOSIS_000015,2009,23.25563029
BLR,WHOSIS_000015,2006,17.15404363
BIH,WHOSIS_000015,2002,20.23687482
NOR,WHOSIS_000015,2010,23.50331898
LKA,WHOSIS_000015,2008,19.69206041
COG,WHOSIS_000015,2018,15.49557167
TUR,WHOSIS_000015,2004,21.60769045
LUX,WHOSIS_000015,2000,21.87714748
CIV,WHOSIS_000015,2010,15.51400646
GUY,WHOSIS_000015,2019,18.00642795
GBR,WHOSIS_000015,2007,22.70637916
ZAF,WHOSIS_000015,2019,18.70505626
CPV,WHOSIS_000015,2009,21.84179386
CAF,WHOSIS_000015,2016,12.31700479
SLB,WHOSIS_000015,2018,15.46197199
SVN,WHOSIS_000015,2007,21.9661435
MWI,WHOSIS_000015,2002,13.25043092
BHR,WHOSIS_000015,2000,14.85176259
SGP,WHOSIS_000015,2000,21.48104793
SLB,WHOSIS_000015,2015,15.32369749
THA,WHOSIS_000015,2017,23.79022005
HUN,WHOSIS_000015,2016,20.21107783
MDA,WHOSIS_000015,2010,15.89605735
DZA,WHOSIS_000015,2010,20.88527533
DJI,WHOSIS_000015,2001,16.01285702
SSD,WHOSIS_000015,2018,15.67875498
SYR,WHOSIS_000015,2021,18.34935198
BIH,WHOSIS_000015,2010,20.66270057
TTO,WHOSIS_000015,2000,18.8413953
VUT,WHOSIS_000015,2015,16.02194026
BHR,WHOSIS_000015,2003,14.97409343
CHE,WHOSIS_000015,2001,23.28997788
VEN,WHOSIS_000015,2019,20.67012838
RWA,WHOSIS_000015,2003,14.2813218
LBN,WHOSIS_000015,2018,23.15726353
GTM,WHOSIS_000015,2009,20.79091171
MAR,WHOSIS_000015,2011,19.11618826
SEAR,WHOSIS_000015,2019,18.89577247
BLR,WHOSIS_000015,2004,16.89820652
GNB,WHOSIS_000015,2007,13.38898748
TUR,WHOSIS_000015,2013,21.08817851
GEO,WHOSIS_000015,2009,17.88618694
LBR,WHOSIS_000015,2018,17.00676868
ETH,WHOSIS_000015,2000,13.44395886
NOR,WHOSIS_000015,2016,24.32516266
FSM,WHOSIS_000015,2002,15.17883172
KIR,WHOSIS_000015,2008,14.59071315
MDV,WHOSIS_000015,2014,20.17033941
ARG,WHOSIS_000015,2003,20.09133044
MRT,WHOSIS_000015,2007,18.13746386
GBR,WHOSIS_000015,2012,23.5130764
EUR,WHOSIS_000015,2004,20.10931541
COG,WHOSIS_000015,2015,15.2366622
TTO,WHOSIS_000015,2021,19.42785584
GTM,WHOSIS_000015,2004,20.24510146
BHR,WHOSIS_000015,2016,18.79581463
MAR,WHOSIS_000015,2013,19.10470962
PRI,WHOSIS_000015,2021,24.60965301
CMR,WHOSIS_000015,2020,16.23802514
BRA,WHOSIS_000015,2011,20.61291032
SEAR,WHOSIS_000015,2021,16.3590254
TKM,WHOSIS_000015,2014,18.36642346
LSO,WHOSIS_000015,2007,11.48401238
KHM,WHOSIS_000015,2012,16.96548418
BRN,WHOSIS_000015,2007,20.57038947
ALB,WHOSIS_000015,2004,20.21346155
KIR,WHOSIS_000015,2018,14.9162371
ARE,WHOSIS_000015,2000,21.37697292
SSD,WHOSIS_000015,2017,15.77458429
SVK,WHOSIS_000015,2003,18.83740602
CYP,WHOSIS_000015,2017,24.1097081
HND,WHOSIS_000015,2007,19.30492206
WB_HI,WHOSIS_000015,2019,24.28143685
LCA,WHOSIS_000015,2007,21.56940297
MDG,WHOSIS_000015,2018,16.1864853
BHS,WHOSIS_000015,2015,20.58907868
AMR,WHOSIS_000015,2013,22.47210817
MYS,WHOSIS_000015,2013,19.61371092
MNE,WHOSIS_000015,2005,18.76127334
VCT,WHOSIS_000015,2007,20.86283495
ATG,WHOSIS_000015,2019,20.1435743
HND,WHOSIS_000015,2006,19.25939856
HRV,WHOSIS_000015,2008,20.2903705
LSO,WHOSIS_000015,2009,11.99920882
ECU,WHOSIS_000015,2021,20.00126652
AZE,WHOSIS_000015,2019,20.8574964
POL,WHOSIS_000015,2000,19.19504344
CAN,WHOSIS_000015,2000,22.4695338
PRY,WHOSIS_000015,2009,21.67657141
VEN,WHOSIS_000015,2006,21.85164523
LKA,WHOSIS_000015,2006,19.57826711
BTN,WHOSIS_000015,2003,18.99455379
SYC,WHOSIS_000015,2010,19.43302698
AZE,WHOSIS_000015,2012,17.66236957
HTI,WHOSIS_000015,2016,16.04646761
BTN,WHOSIS_000015,2019,20.12381654
BGR,WHOSIS_000015,2012,19.24888396
SAU,WHOSIS_000015,2000,17.26948798
URY,WHOSIS_000015,2006,21.3851711
OMN,WHOSIS_000015,2007,18.87620615
VEN,WHOSIS_000015,2013,21.79666685
EUR,WHOSIS_000015,2003,19.66257326
ARM,WHOSIS_000015,2006,17.93985079
MDV,WHOSIS_000015,2012,19.48889401
VCT,WHOSIS_000015,2011,20.78896462
BEN,WHOSIS_000015,2017,17.49678123
FJI,WHOSIS_000015,2010,15.4827544
NZL,WHOSIS_000015,2019,24.72088442
BRA,WHOSIS_000015,2006,20.36910892
JPN,WHOSIS_000015,2001,24.89272366
BEN,WHOSIS_000015,2014,17.25505002
ZAF,WHOSIS_000015,2017,18.06823737
HRV,WHOSIS_000015,2002,19.45573381
BLZ,WHOSIS_000015,2004,20.09154814
HUN,WHOSIS_000015,2011,19.80409529
MOZ,WHOSIS_000015,2017,14.77118466
GIN,WHOSIS_000015,2005,15.57099939
GAB,WHOSIS_000015,2013,15.944417
IRN,WHOSIS_000015,2020,19.81772694
VUT,WHOSIS_000015,2000,15.25027474
SEAR,WHOSIS_000015,2007,17.8352615
BDI,WHOSIS_000015,2001,13.08253002
NIC,WHOSIS_000015,2005,22.84431083
EMR,WHOSIS_000015,2016,18.64225705
TKM,WHOSIS_000015,2013,18.50821665
QAT,WHOSIS_000015,2014,19.95357931
KOR,WHOSIS_000015,2004,21.64576674
POL,WHOSIS_000015,2011,21.26762592
GHA,WHOSIS_000015,2008,15.78070534
MDG,WHOSIS_000015,2014,15.94309724
PAN,WHOSIS_000015,2002,22.08646653
LBR,WHOSIS_000015,2001,15.61118644
IRL,WHOSIS_000015,2014,23.67198507
NAM,WHOSIS_000015,2014,16.17536599
PNG,WHOSIS_000015,2012,16.37727394
GTM,WHOSIS_000015,2020,18.90073441
ERI,WHOSIS_000015,2008,13.97186379
KOR,WHOSIS_000015,2003,21.36742162
LKA,WHOSIS_000015,2011,20.21680768
SEN,WHOSIS_000015,2001,16.6940378
TUN,WHOSIS_000015,2002,20.38236902
MWI,WHOSIS_000015,2017,15.8260155
BHS,WHOSIS_000015,2021,18.58299912
KGZ,WHOSIS_000015,2019,19.45853006
PSE,WHOSIS_000015,2004,17.24563866
SVN,WHOSIS_000015,2015,23.28605634
PHL,WHOSIS_000015,2001,18.5560492
IRN,WHOSIS_000015,2013,22.21194314
CHN,WHOSIS_000015,2000,17.9559461
SSD,WHOSIS_000015,2003,15.50599478
TLS,WHOSIS_000015,2000,17.93818609
TJK,WHOSIS_000015,2010,17.29399538
MLT,WHOSIS_000015,2013,23.79867175
YEM,WHOSIS_000015,2004,17.31962862
AFR,WHOSIS_000015,2016,17.23701569
COM,WHOSIS_000015,2011,17.52451205
DNK,WHOSIS_000015,2007,21.69735968
KHM,WHOSIS_000015,2000,15.32132333
GNQ,WHOSIS_000015,2006,16.78156706
MNG,WHOSIS_000015,2008,16.3695187
MLI,WHOSIS_000015,2010,16.57035327
KIR,WHOSIS_000015,2014,14.80551406
COL,WHOSIS_000015,2004,20.62438718
NLD,WHOSIS_000015,2004,22.10753185
MOZ,WHOSIS_000015,2018,14.97844692
SLE,WHOSIS_000015,2012,15.60794004
GLOBAL,WHOSIS_000015,2008,19.80279039
BRB,WHOSIS_000015,2005,20.56590636
NAM,WHOSIS_000015,2006,14.50479697
JAM,WHOSIS_000015,2013,19.29440192
ZWE,WHOSIS_000015,2021,13.63169673
UZB,WHOSIS_000015,2019,17.8188925
SLV,WHOSIS_000015,2009,22.57577976
JPN,WHOSIS_000015,2009,25.8936853
PRK,WHOSIS_000015,2001,16.47815245
IRQ,WHOSIS_000015,2003,19.13158529
MOZ,WHOSIS_000015,2008,14.28893225
AFR,WHOSIS_000015,2000,15.35185862
MUS,WHOSIS_000015,2005,18.32507241
SWE,WHOSIS_000015,2001,22.53352686
PRK,WHOSIS_000015,2006,17.75030012
NER,WHOSIS_000015,2018,17.20620332
TLS,WHOSIS_000015,2009,18.20161732
NAM,WHOSIS_000015,2015,16.17104926
SYC,WHOSIS_000015,2013,19.54854991
FJI,WHOSIS_000015,2012,15.57025043
SUR,WHOSIS_000015,2001,19.42948501
WB_HI,WHOSIS_000015,2016,24.07799571
TUN,WHOSIS_000015,2016,21.4300946
MEX,WHOSIS_000015,2006,21.75996888
SVK,WHOSIS_000015,2021,18.75371814
ZAF,WHOSIS_000015,2005,16.43655262
MMR,WHOSIS_000015,2014,17.45159107
GRD,WHOSIS_000015,2013,18.44664773
VUT,WHOSIS_000015,2011,15.69546706
PSE,WHOSIS_000015,2015,18.99978973
PER,WHOSIS_000015,2019,23.37140868
FRA,WHOSIS_000015,2005,23.70148266
SLB,WHOSIS_000015,2019,15.504395
FJI,WHOSIS_000015,2020,15.99934728
COM,WHOSIS_000015,2010,17.56211552
BRN,WHOSIS_000015,2002,19.84011026
PRK,WHOSIS_000015,2005,17.74622568
SDN,WHOSIS_000015,2014,18.87026163
TCD,WHOSIS_000015,2013,15.60369012
GTM,WHOSIS_000015,2000,19.7572205
EST,WHOSIS_000015,2015,21.91714436
AMR,WHOSIS_000015,2007,21.97370904
WSM,WHOSIS_000015,2011,17.67820824
CAN,WHOSIS_000015,2020,24.64057608
SOM,WHOSIS_000015,2001,12.4189443
LBY,WHOSIS_000015,2021,18.32780436
TJK,WHOSIS_000015,2007,16.56640822
PAN,WHOSIS_000015,2021,22.58136166
GEO,WHOSIS_000015,2020,18.27510386
ZMB,WHOSIS_000015,2015,15.65287099
BHS,WHOSIS_000015,2001,19.96830604
LVA,WHOSIS_000015,2001,18.16712957
SVN,WHOSIS_000015,2004,21.23051655
DZA,WHOSIS_000015,2015,21.24157448
SEAR,WHOSIS_000015,2008,17.84650208
CMR,WHOSIS_000015,2014,15.9198544
SOM,WHOSIS_000015,2013,13.2023075
ROU,WHOSIS_000015,2002,17.84132355
GLOBAL,WHOSIS_000015,2000,18.86850133
ITA,WHOSIS_000015,2001,22.83105384
JPN,WHOSIS_000015,2016,26.44619907
SEAR,WHOSIS_000015,2012,18.4869277
KGZ,WHOSIS_000015,2003,16.00026412
MMR,WHOSIS_000015,2003,15.1971875
CAF,WHOSIS_000015,2013,12.02920273
NPL,WHOSIS_000015,2016,18.4765883
MRT,WHOSIS_000015,2009,18.35587038
GRC,WHOSIS_000015,2006,22.88135982
PSE,WHOSIS_000015,2011,17.73035408
CZE,WHOSIS_000015,2004,19.77182853
ZMB,WHOSIS_000015,2009,14.94874896
BGR,WHOSIS_000015,2004,18.29448298
AFR,WHOSIS_000015,2013,16.92145267
TON,WHOSIS_000015,2004,18.19402922
CZE,WHOSIS_000015,2010,21.01035568
GEO,WHOSIS_000015,2000,18.06910657
MAR,WHOSIS_000015,2020,17.71766622
EGY,WHOSIS_000015,2008,17.04201984
ALB,WHOSIS_000015,2001,21.38104406
KOR,WHOSIS_000015,2008,23.23669779
PNG,WHOSIS_000015,2005,16.05810526
BHS,WHOSIS_000015,2002,20.05907082
SGP,WHOSIS_000015,2007,23.11275133
BEL,WHOSIS_000015,2007,22.98928475
LKA,WHOSIS_000015,2007,19.77124416
DZA,WHOSIS_000015,2011,20.94085916
DNK,WHOSIS_000015,2004,21.23235313
CRI,WHOSIS_000015,2010,23.87631412
URY,WHOSIS_000015,2013,21.78019057
BRN,WHOSIS_000015,2008,20.61657647
THA,WHOSIS_000015,2011,22.54118454
QAT,WHOSIS_000015,2002,14.98547853
IDN,WHOSIS_000015,2005,17.27031397
ITA,WHOSIS_000015,2000,22.53760163
NER,WHOSIS_000015,2021,16.48643156
ZAF,WHOSIS_000015,2000,17.00596331
WB_UMI,WHOSIS_000015,2017,20.59146131
TCD,WHOSIS_000015,2011,15.39010683
COG,WHOSIS_000015,2007,14.34321705
ARM,WHOSIS_000015,2009,18.38840853
UGA,WHOSIS_000015,2015,17.32535295
RUS,WHOSIS_000015,2004,16.35543741
COD,WHOSIS_000015,2004,14.61361472
GTM,WHOSIS_000015,2015,20.57038039
FSM,WHOSIS_000015,2017,15.96111819
GHA,WHOSIS_000015,2006,15.71782259
MRT,WHOSIS_000015,2003,17.58344216
AMR,WHOSIS_000015,2014,22.52992965
SDN,WHOSIS_000015,2011,18.66207496
SUR,WHOSIS_000015,2005,19.55485126
BDI,WHOSIS_000015,2006,14.88113753
GRC,WHOSIS_000015,2021,22.62667269
IDN,WHOSIS_000015,2019,18.06127285
FRA,WHOSIS_000015,2011,24.98751203
PHL,WHOSIS_000015,2021,14.83298401
TON,WHOSIS_000015,2020,19.23990496
IRQ,WHOSIS_000015,2002,19.22066374
BDI,WHOSIS_000015,2016,16.49007308
NZL,WHOSIS_000015,2014,24.22199235
EMR,WHOSIS_000015,2000,17.6071098
VCT,WHOSIS_000015,2008,21.00802957
ARG,WHOSIS_000015,2000,20.30682718
ALB,WHOSIS_000015,2014,21.61618161
CAF,WHOSIS_000015,2001,11.18009673
MYS,WHOSIS_000015,2018,19.69235932
TGO,WHOSIS_000015,2007,15.11657503
WB_LMI,WHOSIS_000015,2006,17.61604039
TZA,WHOSIS_000015,2000,15.42862758
KGZ,WHOSIS_000015,2020,17.52684719
TCD,WHOSIS_000015,2014,15.73666806
GRD,WHOSIS_000015,2000,17.43703764
RUS,WHOSIS_000015,2017,19.48019101
MLI,WHOSIS_000015,2012,16.63097953
BTN,WHOSIS_000015,2006,19.39082489
BRB,WHOSIS_000015,2014,21.35366423
MKD,WHOSIS_000015,2010,18.78055319
CZE,WHOSIS_000015,2016,21.93279225
CPV,WHOSIS_000015,2015,21.54833541
SRB,WHOSIS_000015,2006,18.10540061
THA,WHOSIS_000015,2009,22.03101916
TJK,WHOSIS_000015,2004,16.96724797
AUS,WHOSIS_000015,2020,25.94037051
BHS,WHOSIS_000015,2016,20.55456412
MKD,WHOSIS_000015,2021,17.36913194
TJK,WHOSIS_000015,2000,17.36537109
GBR,WHOSIS_000015,2016,23.72136446
NAM,WHOSIS_000015,2003,13.7520317
MLT,WHOSIS_000015,2009,23.00595742
MLI,WHOSIS_000015,2007,16.44583936
AUS,WHOSIS_000015,2016,25.23949702
WB_LMI,WHOSIS_000015,2021,16.55511662
IDN,WHOSIS_000015,2006,17.26063456
GAB,WHOSIS_000015,2019,16.24032613
HND,WHOSIS_000015,2009,18.93297963
BLR,WHOSIS_000015,2000,17.12486326
POL,WHOSIS_000015,2009,20.59549874
